Workbook

Sheet Valores Gerais
A1: Segmento | B1: Turma | C1: Nome | D1: Disciplina | E1: Didática | F1: Apoio | G1: Tempo | H1: Avaliação | I1: Clima | J1: Respeito | K1: Domínio | L1: Média Geral por turma | M1: Média geral do ano
A2: Ensino Fundamental | B2: 6°A | C2: Alice | D2: Arte e Dança | E2: =AVERAGE('6°Ano'!B3:B27) -> 3.4166667 | F2: =AVERAGE('6°Ano'!C3:C27) -> 3.2 | G2: =AVERAGE('6°Ano'!D3:D27) -> 3.3333333 | H2: =AVERAGE('6°Ano'!E3:E27) -> 3.16 | I2: =AVERAGE('6°Ano'!F3:F27) -> 3.4 | J2: =AVERAGE('6°Ano'!G3:G27) -> 2.6521739 | K2: =AVERAGE('6°Ano'!H3:H27) -> 3.375 | L2: =AVERAGE(E2:K2) -> 3.2195963 | M2: =AVERAGE(L2:L5) -> 3.2388666
A3: Ensino Fundamental | B3: 6°B | C3: Alice | D3: Arte e Dança | E3: =AVERAGE('6°Ano'!B28:B48) -> 3.1904762 | F3: =AVERAGE('6°Ano'!C28:C48) -> 3.3 | G3: =AVERAGE('6°Ano'!D28:D48) -> 3.3333333 | H3: =AVERAGE('6°Ano'!E28:E48) -> 3.1428571 | I3: =AVERAGE('6°Ano'!F28:F48) -> 3.4761905 | J3: =AVERAGE('6°Ano'!G28:G48) -> 2.4285714 | K3: =AVERAGE('6°Ano'!H28:H48) -> 3.5238095 | L3: =AVERAGE(E3:K3) -> 3.1993197
A4: Ensino Fundamental | B4: 6°C | C4: Alice | D4: Arte e Dança | E4: =AVERAGE('6°Ano'!B49:B75) -> 3.3076923 | F4: =AVERAGE('6°Ano'!C49:C75) -> 3.4230769 | G4: =AVERAGE('6°Ano'!D49:D75) -> 3.6923077 | H4: =AVERAGE('6°Ano'!E49:E75) -> 3.2692308 | I4: =AVERAGE('6°Ano'!F49:F75) -> 3.4615385 | J4: =AVERAGE('6°Ano'!G49:G75) -> 2.5769231 | K4: =AVERAGE('6°Ano'!H49:H75) -> 3.8076923 | L4: =AVERAGE(E4:K4) -> 3.3626374
A5: Ensino Fundamental | B5: 6°D | C5: Alice | D5: Arte e Dança | E5: =AVERAGE('6°Ano'!B76:B98) -> 3.2173913 | F5: =AVERAGE('6°Ano'!C76:C98) -> 3.0869565 | G5: =AVERAGE('6°Ano'!D76:D98) -> 3.5217391 | H5: =AVERAGE('6°Ano'!E76:E98) -> 2.9565217 | I5: =AVERAGE('6°Ano'!F76:F98) -> 3.3913043 | J5: =AVERAGE('6°Ano'!G76:G98) -> 2.3913043 | K5: =AVERAGE('6°Ano'!H76:H98) -> 3.6521739 | L5: =AVERAGE(E5:K5) -> 3.173913
A6: Ensino Fundamental | B6: 6°A | C6: Daniela | D6: Ciências e Ciência Aplicada | E6: =AVERAGE('6°Ano'!I3:I27) -> 2.28 | F6: =AVERAGE('6°Ano'!J3:J27) -> 1.88 | G6: =AVERAGE('6°Ano'!K3:K27) -> 2.4 | H6: =AVERAGE('6°Ano'!L3:L27) -> 2.56 | I6: =AVERAGE('6°Ano'!M3:M27) -> 2.84 | J6: =AVERAGE('6°Ano'!N3:N27) -> 2.2 | K6: =AVERAGE('6°Ano'!O3:O27) -> 2.68 | L6: =AVERAGE(E6:K6) -> 2.4057143 | M6: =AVERAGE(L6:L9) -> 2.7098626
A7: Ensino Fundamental | B7: 6°B | C7: Daniela | D7: Ciências e Ciência Aplicada | E7: =AVERAGE('6°Ano'!I28:I48) -> 2.5238095 | F7: =AVERAGE('6°Ano'!J28:J48) -> 2.0952381 | G7: =AVERAGE('6°Ano'!K28:K48) -> 2.4285714 | H7: =AVERAGE('6°Ano'!L28:L48) -> 2.8095238 | I7: =AVERAGE('6°Ano'!M28:M48) -> 2.9047619 | J7: =AVERAGE('6°Ano'!N28:N48) -> 2.3809524 | K7: =AVERAGE('6°Ano'!O28:O48) -> 2.6190476 | L7: =AVERAGE(E7:K7) -> 2.537415
A8: Ensino Fundamental | B8: 6°C | C8: Daniela | D8: Ciências e Ciência Aplicada | E8: =AVERAGE('6°Ano'!I49:I75) -> 3.0384615 | F8: =AVERAGE('6°Ano'!J49:J75) -> 2.3461538 | G8: =AVERAGE('6°Ano'!K49:K75) -> 3.1153846 | H8: =AVERAGE('6°Ano'!L49:L75) -> 3.1923077 | I8: =AVERAGE('6°Ano'!M49:M75) -> 3.5384615 | J8: =AVERAGE('6°Ano'!N49:N75) -> 2.8076923 | K8: =AVERAGE('6°Ano'!O49:O75) -> 3.1923077 | L8: =AVERAGE(E8:K8) -> 3.032967
A9: Ensino Fundamental | B9: 6°D | C9: Daniela | D9: Ciências e Ciência Aplicada | E9: =AVERAGE('6°Ano'!I76:I98) -> 2.9130435 | F9: =AVERAGE('6°Ano'!J76:J98) -> 2.4782609 | G9: =AVERAGE('6°Ano'!K76:K98) -> 2.7826087 | H9: =AVERAGE('6°Ano'!L76:L98) -> 3.0434783 | I9: =AVERAGE('6°Ano'!M76:M98) -> 3.2608696 | J9: =AVERAGE('6°Ano'!N76:N98) -> 2.3913043 | K9: =AVERAGE('6°Ano'!O76:O98) -> 3.173913 | L9: =AVERAGE(E9:K9) -> 2.863354
A10: Ensino Fundamental | B10: 6°A | C10: Danielle | D10: Ciências e Ciência Aplicada | E10: =AVERAGE('6°Ano'!P3:P27) -> 3.12 | F10: =AVERAGE('6°Ano'!Q3:Q27) -> 3.04 | G10: =AVERAGE('6°Ano'!R3:R27) -> 3.16 | H10: =AVERAGE('6°Ano'!S3:S27) -> 3.08 | I10: =AVERAGE('6°Ano'!T3:T27) -> 2.88 | J10: =AVERAGE('6°Ano'!U3:U27) -> 2.88 | K10: =AVERAGE('6°Ano'!V3:V27) -> 3.04 | L10: =AVERAGE(E10:K10) -> 3.0285714 | M10: =AVERAGE(L10:L13) -> 3.3158056
A11: Ensino Fundamental | B11: 6°B | C11: Danielle | D11: Ciências e Ciência Aplicada | E11: =AVERAGE('6°Ano'!P28:P48) -> 3.5 | F11: =AVERAGE('6°Ano'!Q28:Q48) -> 3.3 | G11: =AVERAGE('6°Ano'!R28:R48) -> 3.55 | H11: =AVERAGE('6°Ano'!S28:S48) -> 3.5 | I11: =AVERAGE('6°Ano'!T28:T48) -> 3.2 | J11: =AVERAGE('6°Ano'!U28:U48) -> 3.35 | K11: =AVERAGE('6°Ano'!V28:V48) -> 3.55 | L11: =AVERAGE(E11:K11) -> 3.4214286
A12: Ensino Fundamental | B12: 6°C | C12: Danielle | D12: Ciências e Ciência Aplicada | E12: =AVERAGE('6°Ano'!P49:P75) -> 3.6538462 | F12: =AVERAGE('6°Ano'!Q49:Q75) -> 3.3076923 | G12: =AVERAGE('6°Ano'!R49:R75) -> 3.5 | H12: =AVERAGE('6°Ano'!S49:S75) -> 3.4615385 | I12: =AVERAGE('6°Ano'!T49:T75) -> 3.88 | J12: =AVERAGE('6°Ano'!U49:U75) -> 3.1538462 | K12: =AVERAGE('6°Ano'!V49:V75) -> 3.7692308 | L12: =AVERAGE(E12:K12) -> 3.5323077
A13: Ensino Fundamental | B13: 6°D | C13: Danielle | D13: Ciências e Ciência Aplicada | E13: =AVERAGE('6°Ano'!P76:P98) -> 3.3478261 | F13: =AVERAGE('6°Ano'!Q76:Q98) -> 2.9090909 | G13: =AVERAGE('6°Ano'!R76:R98) -> 3.3181818 | H13: =AVERAGE('6°Ano'!S76:S98) -> 3.3913043 | I13: =AVERAGE('6°Ano'!T76:T98) -> 3.4782609 | J13: =AVERAGE('6°Ano'!U76:U98) -> 3 | K13: =AVERAGE('6°Ano'!V76:V98) -> 3.5217391 | L13: =AVERAGE(E13:K13) -> 3.2809147
A14: Ensino Fundamental | B14: 6°A | C14: Diego | D14: Matemática | E14: =AVERAGE('6°Ano'!W3:W27) -> 3.64 | F14: =AVERAGE('6°Ano'!X3:X27) -> 3.6 | G14: =AVERAGE('6°Ano'!Y3:Y27) -> 3.64 | H14: =AVERAGE('6°Ano'!Z3:Z27) -> 3.48 | I14: =AVERAGE('6°Ano'!AA3:AA27) -> 3.6 | J14: =AVERAGE('6°Ano'!AB3:AB27) -> 3.44 | K14: =AVERAGE('6°Ano'!AC3:AC27) -> 3.64 | L14: =AVERAGE(E14:K14) -> 3.5771429 | M14: =AVERAGE(L14:L17) -> 3.6525755
A15: Ensino Fundamental | B15: 6°B | C15: Diego | D15: Matemática | E15: =AVERAGE('6°Ano'!W28:W48) -> 3.8095238 | F15: =AVERAGE('6°Ano'!X28:X48) -> 3.4761905 | G15: =AVERAGE('6°Ano'!Y28:Y48) -> 3.8571429 | H15: =AVERAGE('6°Ano'!Z28:Z48) -> 3.7619048 | I15: =AVERAGE('6°Ano'!AA28:AA48) -> 3.6666667 | J15: =AVERAGE('6°Ano'!AB28:AB48) -> 3.5238095 | K15: =AVERAGE('6°Ano'!AC28:AC48) -> 3.6666667 | L15: =AVERAGE(E15:K15) -> 3.6802721
A16: Ensino Fundamental | B16: 6°C | C16: Diego | D16: Matemática | E16: =AVERAGE('6°Ano'!W49:W75) -> 3.8888889 | F16: =AVERAGE('6°Ano'!X49:X75) -> 3.3703704 | G16: =AVERAGE('6°Ano'!Y49:Y75) -> 3.5925926 | H16: =AVERAGE('6°Ano'!Z49:Z75) -> 3.7037037 | I16: =AVERAGE('6°Ano'!AA49:AA75) -> 3.8518519 | J16: =AVERAGE('6°Ano'!AB49:AB75) -> 3.4814815 | K16: =AVERAGE('6°Ano'!AC49:AC75) -> 3.4074074 | L16: =AVERAGE(E16:K16) -> 3.6137566
A17: Ensino Fundamental | B17: 6°D | C17: Diego | D17: Matemática | E17: =AVERAGE('6°Ano'!W76:W98) -> 3.9130435 | F17: =AVERAGE('6°Ano'!X76:X98) -> 3.7826087 | G17: =AVERAGE('6°Ano'!Y76:Y98) -> 3.8695652 | H17: =AVERAGE('6°Ano'!Z76:Z98) -> 3.5217391 | I17: =AVERAGE('6°Ano'!AA76:AA98) -> 3.9130435 | J17: =AVERAGE('6°Ano'!AB76:AB98) -> 3.3478261 | K17: =AVERAGE('6°Ano'!AC76:AC98) -> 3.826087 | L17: =AVERAGE(E17:K17) -> 3.7391304
A18: Ensino Fundamental | B18: 6°A | C18: Karen | D18: Redação | E18: =AVERAGE('6°Ano'!AD3:AD27) -> 2.16 | F18: =AVERAGE('6°Ano'!AE3:AE27) -> 1.88 | G18: =AVERAGE('6°Ano'!AF3:AF27) -> 2.32 | H18: =AVERAGE('6°Ano'!AG3:AG27) -> 2.56 | I18: =AVERAGE('6°Ano'!AH3:AH27) -> 2.52 | J18: =AVERAGE('6°Ano'!AI3:AI27) -> 2.04 | K18: =AVERAGE('6°Ano'!AJ3:AJ27) -> 2.52 | L18: =AVERAGE(E18:K18) -> 2.2857143 | M18: =AVERAGE(L18:L21) -> 2.8255102
A19: Ensino Fundamental | B19: 6°B | C19: Karen | D19: Redação | E19: =AVERAGE('6°Ano'!AD28:AD48) -> 2.3809524 | F19: =AVERAGE('6°Ano'!AE28:AE48) -> 1.8095238 | G19: =AVERAGE('6°Ano'!AF28:AF48) -> 2.5714286 | H19: =AVERAGE('6°Ano'!AG28:AG48) -> 3 | I19: =AVERAGE('6°Ano'!AH28:AH48) -> 2.7142857 | J19: =AVERAGE('6°Ano'!AI28:AI48) -> 2.5238095 | K19: =AVERAGE('6°Ano'!AJ28:AJ48) -> 2.952381 | L19: =AVERAGE(E19:K19) -> 2.5646259
A20: Ensino Fundamental | B20: 6°C | C20: Karen | D20: Redação | E20: =AVERAGE('6°Ano'!AD49:AD75) -> 3.3461538 | F20: =AVERAGE('6°Ano'!AE49:AE75) -> 2.3461538 | G20: =AVERAGE('6°Ano'!AF49:AF75) -> 3.4230769 | H20: =AVERAGE('6°Ano'!AG49:AG75) -> 3.3461538 | I20: =AVERAGE('6°Ano'!AH49:AH75) -> 3.8076923 | J20: =AVERAGE('6°Ano'!AI49:AI75) -> 3.0384615 | K20: =AVERAGE('6°Ano'!AJ49:AJ75) -> 3.7692308 | L20: =AVERAGE(E20:K20) -> 3.2967033
A21: Ensino Fundamental | B21: 6°D | C21: Karen | D21: Redação | E21: =AVERAGE('6°Ano'!AD76:AD98) -> 3.3043478 | F21: =AVERAGE('6°Ano'!AE76:AE98) -> 2.6956522 | G21: =AVERAGE('6°Ano'!AF76:AF98) -> 3.3043478 | H21: =AVERAGE('6°Ano'!AG76:AG98) -> 2.9545455 | I21: =AVERAGE('6°Ano'!AH76:AH98) -> 3.6521739 | J21: =AVERAGE('6°Ano'!AI76:AI98) -> 2.7391304 | K21: =AVERAGE('6°Ano'!AJ76:AJ98) -> 3.4347826 | L21: =AVERAGE(E21:K21) -> 3.1549972
A22: Ensino Fundamental | B22: 6°A | C22: Luana | D22: Ciência Aplicada | E22: =AVERAGE('6°Ano'!AK3:AK27) -> 3.48 | F22: =AVERAGE('6°Ano'!AL3:AL27) -> 3.56 | G22: =AVERAGE('6°Ano'!AM3:AM27) -> 3.52 | H22: =AVERAGE('6°Ano'!AN3:AN27) -> 3.48 | I22: =AVERAGE('6°Ano'!AO3:AO27) -> 3.56 | J22: =AVERAGE('6°Ano'!AP3:AP27) -> 3.25 | K22: =AVERAGE('6°Ano'!AQ3:AQ27) -> 3.56 | L22: =AVERAGE(E22:K22) -> 3.4871429 | M22: =AVERAGE(L22:L25) -> 3.4212806
A23: Ensino Fundamental | B23: 6°B | C23: Luana | D23: Ciência Aplicada | E23: =AVERAGE('6°Ano'!AK28:AK48) -> 3.3333333 | F23: =AVERAGE('6°Ano'!AL28:AL48) -> 3.4285714 | G23: =AVERAGE('6°Ano'!AM28:AM48) -> 2.952381 | H23: =AVERAGE('6°Ano'!AN28:AN48) -> 3.3333333 | I23: =AVERAGE('6°Ano'!AO28:AO48) -> 3.2857143 | J23: =AVERAGE('6°Ano'!AP28:AP48) -> 3.2 | K23: =AVERAGE('6°Ano'!AQ28:AQ48) -> 3.55 | L23: =AVERAGE(E23:K23) -> 3.297619
A24: Ensino Fundamental | B24: 6°C | C24: Luana | D24: Ciência Aplicada | E24: =AVERAGE('6°Ano'!AK49:AK75) -> 3.3461538 | F24: =AVERAGE('6°Ano'!AL49:AL75) -> 3.2307692 | G24: =AVERAGE('6°Ano'!AM49:AM75) -> 3.2692308 | H24: =AVERAGE('6°Ano'!AN49:AN75) -> 3.3461538 | I24: =AVERAGE('6°Ano'!AO49:AO75) -> 3.5384615 | J24: =AVERAGE('6°Ano'!AP49:AP75) -> 3.1153846 | K24: =AVERAGE('6°Ano'!AQ49:AQ75) -> 3.5769231 | L24: =AVERAGE(E24:K24) -> 3.3461538
A25: Ensino Fundamental | B25: 6°D | C25: Luana | D25: Ciência Aplicada | E25: =AVERAGE('6°Ano'!AK76:AK98) -> 3.5217391 | F25: =AVERAGE('6°Ano'!AL76:AL98) -> 3.3913043 | G25: =AVERAGE('6°Ano'!AM76:AM98) -> 3.5652174 | H25: =AVERAGE('6°Ano'!AN76:AN98) -> 3.5217391 | I25: =AVERAGE('6°Ano'!AO76:AO98) -> 3.7826087 | J25: =AVERAGE('6°Ano'!AP76:AP98) -> 3.2272727 | K25: =AVERAGE('6°Ano'!AQ76:AQ98) -> 3.8695652 | L25: =AVERAGE(E25:K25) -> 3.5542067
A26: Ensino Fundamental | B26: 6°A | C26: Marcia | D26: Arte Visual | E26: =AVERAGE('6°Ano'!AR3:AR27) -> 3.12 | F26: =AVERAGE('6°Ano'!AS3:AS27) -> 3.24 | G26: =AVERAGE('6°Ano'!AT3:AT27) -> 3.36 | H26: =AVERAGE('6°Ano'!AU3:AU27) -> 2.7916667 | I26: =AVERAGE('6°Ano'!AV3:AV27) -> 3.32 | J26: =AVERAGE('6°Ano'!AW3:AW27) -> 2.96 | K26: =AVERAGE('6°Ano'!AX3:AX27) -> 3.24 | L26: =AVERAGE(E26:K26) -> 3.147381 | M26: =AVERAGE(L26:L29) -> 2.8849418
A27: Ensino Fundamental | B27: 6°B | C27: Marcia | D27: Arte Visual | E27: =AVERAGE('6°Ano'!AR28:AR48) -> 2.6666667 | F27: =AVERAGE('6°Ano'!AS28:AS48) -> 2.7142857 | G27: =AVERAGE('6°Ano'!AT28:AT48) -> 2.7619048 | H27: =AVERAGE('6°Ano'!AU28:AU48) -> 2.6190476 | I27: =AVERAGE('6°Ano'!AV28:AV48) -> 3 | J27: =AVERAGE('6°Ano'!AW28:AW48) -> 2.5714286 | K27: =AVERAGE('6°Ano'!AX28:AX48) -> 3.047619 | L27: =AVERAGE(E27:K27) -> 2.7687075
A28: Ensino Fundamental | B28: 6°C | C28: Marcia | D28: Arte Visual | E28: =AVERAGE('6°Ano'!AR49:AR75) -> 3.1153846 | F28: =AVERAGE('6°Ano'!AS49:AS75) -> 3.2307692 | G28: =AVERAGE('6°Ano'!AT49:AT75) -> 3.0769231 | H28: =AVERAGE('6°Ano'!AU49:AU75) -> 3 | I28: =AVERAGE('6°Ano'!AV49:AV75) -> 3.64 | J28: =AVERAGE('6°Ano'!AW49:AW75) -> 2.8076923 | K28: =AVERAGE('6°Ano'!AX49:AX75) -> 3.5384615 | L28: =AVERAGE(E28:K28) -> 3.2013187
A29: Ensino Fundamental | B29: 6°D | C29: Marcia | D29: Arte Visual | E29: =AVERAGE('6°Ano'!AR76:AR98) -> 2.3043478 | F29: =AVERAGE('6°Ano'!AS76:AS98) -> 2.6086957 | G29: =AVERAGE('6°Ano'!AT76:AT98) -> 2.0869565 | H29: =AVERAGE('6°Ano'!AU76:AU98) -> 2.3043478 | I29: =AVERAGE('6°Ano'!AV76:AV98) -> 3.1304348 | J29: =AVERAGE('6°Ano'!AW76:AW98) -> 2.2608696 | K29: =AVERAGE('6°Ano'!AX76:AX98) -> 2.2608696 | L29: =AVERAGE(E29:K29) -> 2.4223602
A30: Ensino Fundamental | B30: 6°A | C30: Mário | D30: Geografia | E30: =AVERAGE('6°Ano'!AY3:AY27) -> 2.88 | F30: =AVERAGE('6°Ano'!AZ3:AZ27) -> 2.72 | G30: =AVERAGE('6°Ano'!BA3:BA27) -> 3.04 | H30: =AVERAGE('6°Ano'!BB3:BB27) -> 3.52 | I30: =AVERAGE('6°Ano'!BC3:BC27) -> 3.36 | J30: =AVERAGE('6°Ano'!BD3:BD27) -> 3.64 | K30: =AVERAGE('6°Ano'!BE3:BE27) -> 3.08 | L30: =AVERAGE(E30:K30) -> 3.1771429 | M30: =AVERAGE(L30:L33) -> 3.1490252
A31: Ensino Fundamental | B31: 6°B | C31: Mário | D31: Geografia | E31: =AVERAGE('6°Ano'!AY28:AY48) -> 2.9047619 | F31: =AVERAGE('6°Ano'!AZ28:AZ48) -> 2.1904762 | G31: =AVERAGE('6°Ano'!BA28:BA48) -> 2.7619048 | H31: =AVERAGE('6°Ano'!BB28:BB48) -> 3.3809524 | I31: =AVERAGE('6°Ano'!BC28:BC48) -> 3.1904762 | J31: =AVERAGE('6°Ano'!BD28:BD48) -> 3.2380952 | K31: =AVERAGE('6°Ano'!BE28:BE48) -> 3 | L31: =AVERAGE(E31:K31) -> 2.952381
A32: Ensino Fundamental | B32: 6°C | C32: Mário | D32: Geografia | E32: =AVERAGE('6°Ano'!AY49:AY75) -> 3.4230769 | F32: =AVERAGE('6°Ano'!AZ49:AZ75) -> 2.8076923 | G32: =AVERAGE('6°Ano'!BA49:BA75) -> 3.0769231 | H32: =AVERAGE('6°Ano'!BB49:BB75) -> 3.9230769 | I32: =AVERAGE('6°Ano'!BC49:BC75) -> 3.5384615 | J32: =AVERAGE('6°Ano'!BD49:BD75) -> 4 | K32: =AVERAGE('6°Ano'!BE49:BE75) -> 3.6153846 | L32: =AVERAGE(E32:K32) -> 3.4835165
A33: Ensino Fundamental | B33: 6°D | C33: Mário | D33: Geografia | E33: =AVERAGE('6°Ano'!AY76:AY98) -> 2.7391304 | F33: =AVERAGE('6°Ano'!AZ76:AZ98) -> 2.6086957 | G33: =AVERAGE('6°Ano'!BA76:BA98) -> 2.6086957 | H33: =AVERAGE('6°Ano'!BB76:BB98) -> 3.3478261 | I33: =AVERAGE('6°Ano'!BC76:BC98) -> 3.3478261 | J33: =AVERAGE('6°Ano'!BD76:BD98) -> 3.2727273 | K33: =AVERAGE('6°Ano'!BE76:BE98) -> 2.9565217 | L33: =AVERAGE(E33:K33) -> 2.9830604
A34: Ensino Fundamental | B34: 6°A | C34: Monique | D34: LIV | E34: =AVERAGE('6°Ano'!BF3:BF27) -> 3.72 | F34: =AVERAGE('6°Ano'!BG3:BG27) -> 3.84 | G34: =AVERAGE('6°Ano'!BH3:BH27) -> 3.96 | H34: =AVERAGE('6°Ano'!BI3:BI27) -> 3.84 | I34: =AVERAGE('6°Ano'!BJ3:BJ27) -> 3.8333333 | J34: =AVERAGE('6°Ano'!BK3:BK27) -> 3.8 | K34: =AVERAGE('6°Ano'!BL3:BL27) -> 3.9166667 | L34: =AVERAGE(E34:K34) -> 3.8442857 | M34: =AVERAGE(L34:L37) -> 3.784096
A35: Ensino Fundamental | B35: 6°B | C35: Monique | D35: LIV | E35: =AVERAGE('6°Ano'!BF28:BF48) -> 3.7619048 | F35: =AVERAGE('6°Ano'!BG28:BG48) -> 3.7142857 | G35: =AVERAGE('6°Ano'!BH28:BH48) -> 3.8095238 | H35: =AVERAGE('6°Ano'!BI28:BI48) -> 3.4285714 | I35: =AVERAGE('6°Ano'!BJ28:BJ48) -> 3.4 | J35: =AVERAGE('6°Ano'!BK28:BK48) -> 3.4285714 | K35: =AVERAGE('6°Ano'!BL28:BL48) -> 3.8095238 | L35: =AVERAGE(E35:K35) -> 3.6217687
A36: Ensino Fundamental | B36: 6°C | C36: Monique | D36: LIV | E36: =AVERAGE('6°Ano'!BF49:BF75) -> 3.9230769 | F36: =AVERAGE('6°Ano'!BG49:BG75) -> 3.8461538 | G36: =AVERAGE('6°Ano'!BH49:BH75) -> 3.9230769 | H36: =AVERAGE('6°Ano'!BI49:BI75) -> 3.6923077 | I36: =AVERAGE('6°Ano'!BJ49:BJ75) -> 3.8076923 | J36: =AVERAGE('6°Ano'!BK49:BK75) -> 3.5384615 | K36: =AVERAGE('6°Ano'!BL49:BL75) -> 3.9615385 | L36: =AVERAGE(E36:K36) -> 3.8131868
A37: Ensino Fundamental | B37: 6°D | C37: Monique | D37: LIV | E37: =AVERAGE('6°Ano'!BF76:BF98) -> 3.9130435 | F37: =AVERAGE('6°Ano'!BG76:BG98) -> 3.9565217 | G37: =AVERAGE('6°Ano'!BH76:BH98) -> 3.9565217 | H37: =AVERAGE('6°Ano'!BI76:BI98) -> 3.6086957 | I37: =AVERAGE('6°Ano'!BJ76:BJ98) -> 3.9565217 | J37: =AVERAGE('6°Ano'!BK76:BK98) -> 3.6086957 | K37: =AVERAGE('6°Ano'!BL76:BL98) -> 4 | L37: =AVERAGE(E37:K37) -> 3.8571429
A38: Ensino Fundamental | B38: 6°A | C38: Pavarina | D38: Educação Física | E38: =AVERAGE('6°Ano'!BM3:BM27) -> 3.52 | F38: =AVERAGE('6°Ano'!BN3:BN27) -> 3.48 | G38: =AVERAGE('6°Ano'!BO3:BO27) -> 3.32 | H38: =AVERAGE('6°Ano'!BP3:BP27) -> 3.68 | I38: =AVERAGE('6°Ano'!BQ3:BQ27) -> 3.4 | J38: =AVERAGE('6°Ano'!BR3:BR27) -> 3.56 | K38: =AVERAGE('6°Ano'!BS3:BS27) -> 3.36 | L38: =AVERAGE(E38:K38) -> 3.4742857 | M38: =AVERAGE(L38:L41) -> 3.4671487
A39: Ensino Fundamental | B39: 6°B | C39: Pavarina | D39: Educação Física | E39: =AVERAGE('6°Ano'!BM28:BM48) -> 3.7 | F39: =AVERAGE('6°Ano'!BN28:BN48) -> 3.6190476 | G39: =AVERAGE('6°Ano'!BO28:BO48) -> 3.1904762 | H39: =AVERAGE('6°Ano'!BP28:BP48) -> 3.5238095 | I39: =AVERAGE('6°Ano'!BQ28:BQ48) -> 3.5714286 | J39: =AVERAGE('6°Ano'!BR28:BR48) -> 3.047619 | K39: =AVERAGE('6°Ano'!BS28:BS48) -> 3 | L39: =AVERAGE(E39:K39) -> 3.3789116
A40: Ensino Fundamental | B40: 6°C | C40: Pavarina | D40: Educação Física | E40: =AVERAGE('6°Ano'!BM49:BM75) -> 3.8461538 | F40: =AVERAGE('6°Ano'!BN49:BN75) -> 3.6923077 | G40: =AVERAGE('6°Ano'!BO49:BO75) -> 3.6923077 | H40: =AVERAGE('6°Ano'!BP49:BP75) -> 3.8076923 | I40: =AVERAGE('6°Ano'!BQ49:BQ75) -> 3.5 | J40: =AVERAGE('6°Ano'!BR49:BR75) -> 3.5384615 | K40: =AVERAGE('6°Ano'!BS49:BS75) -> 3.3846154 | L40: =AVERAGE(E40:K40) -> 3.6373626
A41: Ensino Fundamental | B41: 6°D | C41: Pavarina | D41: Educação Física | E41: =AVERAGE('6°Ano'!BM76:BM98) -> 3.4347826 | F41: =AVERAGE('6°Ano'!BN76:BN98) -> 3.5652174 | G41: =AVERAGE('6°Ano'!BO76:BO98) -> 3.5 | H41: =AVERAGE('6°Ano'!BP76:BP98) -> 3.3636364 | I41: =AVERAGE('6°Ano'!BQ76:BQ98) -> 3.3478261 | J41: =AVERAGE('6°Ano'!BR76:BR98) -> 3.2608696 | K41: =AVERAGE('6°Ano'!BS76:BS98) -> 3.173913 | L41: =AVERAGE(E41:K41) -> 3.378035
A42: Ensino Fundamental | B42: 6°A | C42: Ranata | D42: Inglês - CLIL | E42: =AVERAGE('6°Ano'!BT3:BT27) -> 3.8 | F42: =AVERAGE('6°Ano'!BU3:BU27) -> 3.56 | G42: =AVERAGE('6°Ano'!BV3:BV27) -> 3.92 | H42: =AVERAGE('6°Ano'!BW3:BW27) -> 3.76 | I42: =AVERAGE('6°Ano'!BX3:BX27) -> 3.72 | J42: =AVERAGE('6°Ano'!BY3:BY27) -> 3.6 | K42: =AVERAGE('6°Ano'!BZ3:BZ27) -> 3.9166667 | L42: =AVERAGE(E42:K42) -> 3.7538095 | M42: =AVERAGE(L42:L45) -> 3.7178332
A43: Ensino Fundamental | B43: 6°B | C43: Ranata | D43: Inglês - CLIL | E43: =AVERAGE('6°Ano'!BT28:BT48) -> 3.9047619 | F43: =AVERAGE('6°Ano'!BU28:BU48) -> 3.4761905 | G43: =AVERAGE('6°Ano'!BV28:BV48) -> 3.7142857 | H43: =AVERAGE('6°Ano'!BW28:BW48) -> 3.7142857 | I43: =AVERAGE('6°Ano'!BX28:BX48) -> 3.7142857 | J43: =AVERAGE('6°Ano'!BY28:BY48) -> 3.6666667 | K43: =AVERAGE('6°Ano'!BZ28:BZ48) -> 3.9047619 | L43: =AVERAGE(E43:K43) -> 3.7278912
A44: Ensino Fundamental | B44: 6°C | C44: Ranata | D44: Inglês - CLIL | E44: =AVERAGE('6°Ano'!BT49:BT75) -> 3.9230769 | F44: =AVERAGE('6°Ano'!BU49:BU75) -> 3.6153846 | G44: =AVERAGE('6°Ano'!BV49:BV75) -> 3.7307692 | H44: =AVERAGE('6°Ano'!BW49:BW75) -> 3.7307692 | I44: =AVERAGE('6°Ano'!BX49:BX75) -> 4 | J44: =AVERAGE('6°Ano'!BY49:BY75) -> 3.5384615 | K44: =AVERAGE('6°Ano'!BZ49:BZ75) -> 3.8846154 | L44: =AVERAGE(E44:K44) -> 3.7747253
A45: Ensino Fundamental | B45: 6°D | C45: Ranata | D45: Inglês - CLIL | E45: =AVERAGE('6°Ano'!BT76:BT98) -> 3.7391304 | F45: =AVERAGE('6°Ano'!BU76:BU98) -> 3.5217391 | G45: =AVERAGE('6°Ano'!BV76:BV98) -> 3.8695652 | H45: =AVERAGE('6°Ano'!BW76:BW98) -> 3.4782609 | I45: =AVERAGE('6°Ano'!BX76:BX98) -> 3.6521739 | J45: =AVERAGE('6°Ano'!BY76:BY98) -> 3.2173913 | K45: =AVERAGE('6°Ano'!BZ76:BZ98) -> 3.826087 | L45: =AVERAGE(E45:K45) -> 3.6149068
A46: Ensino Fundamental | B46: 6°A | C46: Ricardo | D46: História | E46: =AVERAGE('6°Ano'!CA3:CA27) -> 3.56 | F46: =AVERAGE('6°Ano'!CB3:CB27) -> 3.56 | G46: =AVERAGE('6°Ano'!CC3:CC27) -> 3.72 | H46: =AVERAGE('6°Ano'!CD3:CD27) -> 3.72 | I46: =AVERAGE('6°Ano'!CE3:CE27) -> 3.64 | J46: =AVERAGE('6°Ano'!CF3:CF27) -> 3.88 | K46: =AVERAGE('6°Ano'!CG3:CG27) -> 3.6 | L46: =AVERAGE(E46:K46) -> 3.6685714 | M46: =AVERAGE(L46:L49) -> 3.7012506
A47: Ensino Fundamental | B47: 6°B | C47: Ricardo | D47: História | E47: =AVERAGE('6°Ano'!CA28:CA48) -> 3.65 | F47: =AVERAGE('6°Ano'!CB28:CB48) -> 3.4285714 | G47: =AVERAGE('6°Ano'!CC28:CC48) -> 3.3333333 | H47: =AVERAGE('6°Ano'!CD28:CD48) -> 3.8 | I47: =AVERAGE('6°Ano'!CE28:CE48) -> 3.4761905 | J47: =AVERAGE('6°Ano'!CF28:CF48) -> 3.6190476 | K47: =AVERAGE('6°Ano'!CG28:CG48) -> 3.3333333 | L47: =AVERAGE(E47:K47) -> 3.520068
A48: Ensino Fundamental | B48: 6°C | C48: Ricardo | D48: História | E48: =AVERAGE('6°Ano'!CA49:CA75) -> 3.9230769 | F48: =AVERAGE('6°Ano'!CB49:CB75) -> 3.9230769 | G48: =AVERAGE('6°Ano'!CC49:CC75) -> 3.8461538 | H48: =AVERAGE('6°Ano'!CD49:CD75) -> 3.8846154 | I48: =AVERAGE('6°Ano'!CE49:CE75) -> 3.9230769 | J48: =AVERAGE('6°Ano'!CF49:CF75) -> 4 | K48: =AVERAGE('6°Ano'!CG49:CG75) -> 3.9615385 | L48: =AVERAGE(E48:K48) -> 3.9230769
A49: Ensino Fundamental | B49: 6°D | C49: Ricardo | D49: História | E49: =AVERAGE('6°Ano'!CA76:CA98) -> 3.6086957 | F49: =AVERAGE('6°Ano'!CB76:CB98) -> 3.3478261 | G49: =AVERAGE('6°Ano'!CC76:CC98) -> 3.6086957 | H49: =AVERAGE('6°Ano'!CD76:CD98) -> 3.8695652 | I49: =AVERAGE('6°Ano'!CE76:CE98) -> 3.826087 | J49: =AVERAGE('6°Ano'!CF76:CF98) -> 3.7826087 | K49: =AVERAGE('6°Ano'!CG76:CG98) -> 3.8095238 | L49: =AVERAGE(E49:K49) -> 3.693286
A50: Ensino Fundamental | B50: 6°A | C50: Rita | D50: Leitura e Gramática | E50: =AVERAGE('6°Ano'!CH3:CH27) -> 3.76 | F50: =AVERAGE('6°Ano'!CI3:CI27) -> 3.68 | G50: =AVERAGE('6°Ano'!CJ3:CJ27) -> 3.88 | H50: =AVERAGE('6°Ano'!CK3:CK27) -> 3.68 | I50: =AVERAGE('6°Ano'!CL3:CL27) -> 3.96 | J50: =AVERAGE('6°Ano'!CM3:CM27) -> 3.6 | K50: =AVERAGE('6°Ano'!CN3:CN27) -> 3.88 | L50: =AVERAGE(E50:K50) -> 3.7771429 | M50: =AVERAGE(L50:L53) -> 3.8506164
A51: Ensino Fundamental | B51: 6°B | C51: Rita | D51: Leitura e Gramática | E51: =AVERAGE('6°Ano'!CH28:CH48) -> 3.952381 | F51: =AVERAGE('6°Ano'!CI28:CI48) -> 3.5238095 | G51: =AVERAGE('6°Ano'!CJ28:CJ48) -> 3.952381 | H51: =AVERAGE('6°Ano'!CK28:CK48) -> 3.7142857 | I51: =AVERAGE('6°Ano'!CL28:CL48) -> 3.7142857 | J51: =AVERAGE('6°Ano'!CM28:CM48) -> 3.7142857 | K51: =AVERAGE('6°Ano'!CN28:CN48) -> 3.952381 | L51: =AVERAGE(E51:K51) -> 3.7891156
A52: Ensino Fundamental | B52: 6°C | C52: Rita | D52: Leitura e Gramática | E52: =AVERAGE('6°Ano'!CH49:CH75) -> 4 | F52: =AVERAGE('6°Ano'!CI49:CI75) -> 3.9230769 | G52: =AVERAGE('6°Ano'!CJ49:CJ75) -> 4 | H52: =AVERAGE('6°Ano'!CK49:CK75) -> 3.8461538 | I52: =AVERAGE('6°Ano'!CL49:CL75) -> 3.9230769 | J52: =AVERAGE('6°Ano'!CM49:CM75) -> 3.9615385 | K52: =AVERAGE('6°Ano'!CN49:CN75) -> 4 | L52: =AVERAGE(E52:K52) -> 3.9505495
A53: Ensino Fundamental | B53: 6°D | C53: Rita | D53: Leitura e Gramática | E53: =AVERAGE('6°Ano'!CH76:CH98) -> 4 | F53: =AVERAGE('6°Ano'!CI76:CI98) -> 3.9130435 | G53: =AVERAGE('6°Ano'!CJ76:CJ98) -> 4 | H53: =AVERAGE('6°Ano'!CK76:CK98) -> 3.7391304 | I53: =AVERAGE('6°Ano'!CL76:CL98) -> 4 | J53: =AVERAGE('6°Ano'!CM76:CM98) -> 3.5909091 | K53: =AVERAGE('6°Ano'!CN76:CN98) -> 3.9565217 | L53: =AVERAGE(E53:K53) -> 3.8856578
A54: Ensino Fundamental | B54: 6°A | C54: Valeska | D54: Inglês - Language | E54: =AVERAGE('6°Ano'!CO3:CO27) -> 3.04 | F54: =AVERAGE('6°Ano'!CP3:CP27) -> 2.92 | G54: =AVERAGE('6°Ano'!CQ3:CQ27) -> 3.2 | H54: =AVERAGE('6°Ano'!CR3:CR27) -> 3.5 | I54: =AVERAGE('6°Ano'!CS3:CS27) -> 3.36 | J54: =AVERAGE('6°Ano'!CT3:CT27) -> 3.28 | K54: =AVERAGE('6°Ano'!CU3:CU27) -> 3.28 | L54: =AVERAGE(E54:K54) -> 3.2257143 | M54: =AVERAGE(L54:L57) -> 3.2075088
A55: Ensino Fundamental | B55: 6°B | C55: Valeska | D55: Inglês - Language | E55: =AVERAGE('6°Ano'!CO28:CO48) -> 2.7619048 | F55: =AVERAGE('6°Ano'!CP28:CP48) -> 2.4761905 | G55: =AVERAGE('6°Ano'!CQ28:CQ48) -> 2.9047619 | H55: =AVERAGE('6°Ano'!CR28:CR48) -> 2.8095238 | I55: =AVERAGE('6°Ano'!CS28:CS48) -> 2.8095238 | J55: =AVERAGE('6°Ano'!CT28:CT48) -> 2.9047619 | K55: =AVERAGE('6°Ano'!CU28:CU48) -> 3.05 | L55: =AVERAGE(E55:K55) -> 2.8166667
A56: Ensino Fundamental | B56: 6°C | C56: Valeska | D56: Inglês - Language | E56: =AVERAGE('6°Ano'!CO49:CO75) -> 3.5384615 | F56: =AVERAGE('6°Ano'!CP49:CP75) -> 2.8461538 | G56: =AVERAGE('6°Ano'!CQ49:CQ75) -> 3.5769231 | H56: =AVERAGE('6°Ano'!CR49:CR75) -> 3.5384615 | I56: =AVERAGE('6°Ano'!CS49:CS75) -> 3.7692308 | J56: =AVERAGE('6°Ano'!CT49:CT75) -> 3.44 | K56: =AVERAGE('6°Ano'!CU49:CU75) -> 3.5 | L56: =AVERAGE(E56:K56) -> 3.4584615
A57: Ensino Fundamental | B57: 6°D | C57: Valeska | D57: Inglês - Language | E57: =AVERAGE('6°Ano'!CO76:CO98) -> 3.4347826 | F57: =AVERAGE('6°Ano'!CP76:CP98) -> 2.7391304 | G57: =AVERAGE('6°Ano'!CQ76:CQ98) -> 3.3913043 | H57: =AVERAGE('6°Ano'!CR76:CR98) -> 3.1304348 | I57: =AVERAGE('6°Ano'!CS76:CS98) -> 3.7826087 | J57: =AVERAGE('6°Ano'!CT76:CT98) -> 3.173913 | K57: =AVERAGE('6°Ano'!CU76:CU98) -> 3.6521739 | L57: =AVERAGE(E57:K57) -> 3.3291925
A58: Ensino Fundamental | B58: 7°A | C58: Alberto | D58: Matemática | E58: =AVERAGE('7° Ano'!B3:B32) -> 3.2333333 | F58: =AVERAGE('7° Ano'!C3:C32) -> 3.0689655 | G58: =AVERAGE('7° Ano'!D3:D32) -> 3.6551724 | H58: =AVERAGE('7° Ano'!E3:E32) -> 2.8928571 | I58: =AVERAGE('7° Ano'!F3:F32) -> 3.6896552 | J58: =AVERAGE('7° Ano'!G3:G32) -> 2.6666667 | K58: =AVERAGE('7° Ano'!H3:H32) -> 3.7 | L58: =AVERAGE(E58:K58) -> 3.2723786 | M58: =AVERAGE(L58:L61) -> 3.4077263
A59: Ensino Fundamental | B59: 7°B | C59: Alberto | D59: Matemática | E59: =AVERAGE('7° Ano'!B33:B64) -> 3.03125 | F59: =AVERAGE('7° Ano'!C33:C64) -> 2.90625 | G59: =AVERAGE('7° Ano'!D33:D64) -> 3.40625 | H59: =AVERAGE('7° Ano'!E33:E64) -> 2.96875 | I59: =AVERAGE('7° Ano'!F33:F64) -> 3.3125 | J59: =AVERAGE('7° Ano'!G33:G64) -> 2.46875 | K59: =AVERAGE('7° Ano'!H33:H64) -> 3.375 | L59: =AVERAGE(E59:K59) -> 3.0669643
A60: Ensino Fundamental | B60: 7°C | C60: Alberto | D60: Matemática | E60: =AVERAGE('7° Ano'!B65:B83) -> 3.7894737 | F60: =AVERAGE('7° Ano'!C65:C83) -> 3.6315789 | G60: =AVERAGE('7° Ano'!D65:D83) -> 3.8333333 | H60: =AVERAGE('7° Ano'!E65:E83) -> 3.5263158 | I60: =AVERAGE('7° Ano'!F65:F83) -> 3.8421053 | J60: =AVERAGE('7° Ano'!G65:G83) -> 3 | K60: =AVERAGE('7° Ano'!H65:H83) -> 3.5789474 | L60: =AVERAGE(E60:K60) -> 3.6002506
A61: Ensino Fundamental | B61: 7°D | C61: Alberto | D61: Matemática | E61: =AVERAGE('7° Ano'!B84:B102) -> 3.6842105 | F61: =AVERAGE('7° Ano'!C84:C102) -> 3.5263158 | G61: =AVERAGE('7° Ano'!D84:D102) -> 3.9444444 | H61: =AVERAGE('7° Ano'!E84:E102) -> 3.5789474 | I61: =AVERAGE('7° Ano'!F84:F102) -> 3.8421053 | J61: =AVERAGE('7° Ano'!G84:G102) -> 3.3157895 | K61: =AVERAGE('7° Ano'!H84:H102) -> 3.9473684 | L61: =AVERAGE(E61:K61) -> 3.6913116
A62: Ensino Fundamental | B62: 7°A | C62: Andreia | D62: Ciências Sociais | E62: =AVERAGE('7° Ano'!I3:I32) -> 3.3666667 | F62: =AVERAGE('7° Ano'!J3:J32) -> 3.1428571 | G62: =AVERAGE('7° Ano'!K3:K32) -> 3.4 | H62: =AVERAGE('7° Ano'!L3:L32) -> 3.0333333 | I62: =AVERAGE('7° Ano'!M3:M32) -> 3.3333333 | J62: =AVERAGE('7° Ano'!N3:N32) -> 3.2 | K62: =AVERAGE('7° Ano'!O3:O32) -> 3.5 | L62: =AVERAGE(E62:K62) -> 3.2823129 | M62: =AVERAGE(L62:L65) -> 3.5359539
A63: Ensino Fundamental | B63: 7°B | C63: Andreia | D63: Ciências Socias | E63: =AVERAGE('7° Ano'!I33:I64) -> 3.59375 | F63: =AVERAGE('7° Ano'!J33:J64) -> 3.53125 | G63: =AVERAGE('7° Ano'!K33:K64) -> 3.84375 | H63: =AVERAGE('7° Ano'!L33:L64) -> 3.5 | I63: =AVERAGE('7° Ano'!M33:M64) -> 3.59375 | J63: =AVERAGE('7° Ano'!N33:N64) -> 3.25 | K63: =AVERAGE('7° Ano'!O33:O64) -> 3.84375 | L63: =AVERAGE(E63:K63) -> 3.59375
A64: Ensino Fundamental | B64: 7°C | C64: Andreia | D64: Ciências Socias | E64: =AVERAGE('7° Ano'!I65:I83) -> 3.3684211 | F64: =AVERAGE('7° Ano'!J65:J83) -> 3.6111111 | G64: =AVERAGE('7° Ano'!K65:K83) -> 3.4736842 | H64: =AVERAGE('7° Ano'!L65:L83) -> 3.5263158 | I64: =AVERAGE('7° Ano'!M65:M83) -> 3.8947368 | J64: =AVERAGE('7° Ano'!N65:N83) -> 3.2105263 | K64: =AVERAGE('7° Ano'!O65:O83) -> 3.6842105 | L64: =AVERAGE(E64:K64) -> 3.5384294
A65: Ensino Fundamental | B65: 7°D | C65: Andreia | D65: Ciências Sociais | E65: =AVERAGE('7° Ano'!I84:I102) -> 3.6842105 | F65: =AVERAGE('7° Ano'!J84:J102) -> 3.5789474 | G65: =AVERAGE('7° Ano'!K84:K102) -> 3.8947368 | H65: =AVERAGE('7° Ano'!L84:L102) -> 3.6315789 | I65: =AVERAGE('7° Ano'!M84:M102) -> 3.7368421 | J65: =AVERAGE('7° Ano'!N84:N102) -> 3.7368421 | K65: =AVERAGE('7° Ano'!O84:O102) -> 3.8421053 | L65: =AVERAGE(E65:K65) -> 3.7293233
A66: Ensino Fundamental | B66: 7°A | C66: Ariany | D66: Arte música | E66: =AVERAGE('7° Ano'!P3:P32) -> 2.4 | F66: =AVERAGE('7° Ano'!Q3:Q32) -> 2.1666667 | G66: =AVERAGE('7° Ano'!R3:R32) -> 2.4 | H66: =AVERAGE('7° Ano'!S3:S32) -> 3.1333333 | I66: =AVERAGE('7° Ano'!T3:T32) -> 2.6 | J66: =AVERAGE('7° Ano'!U3:U32) -> 2.6551724 | K66: =AVERAGE('7° Ano'!V3:V32) -> 2.9655172 | L66: =AVERAGE(E66:K66) -> 2.6172414 | M66: =AVERAGE(L66:L69) -> 2.8881893
A67: Ensino Fundamental | B67: 7°B | C67: Ariany | D67: Arte música | E67: =AVERAGE('7° Ano'!P33:P64) -> 2.25 | F67: =AVERAGE('7° Ano'!Q33:Q64) -> 2.40625 | G67: =AVERAGE('7° Ano'!R33:R64) -> 2.6875 | H67: =AVERAGE('7° Ano'!S33:S64) -> 2.5625 | I67: =AVERAGE('7° Ano'!T33:T64) -> 2.8125 | J67: =AVERAGE('7° Ano'!U33:U64) -> 2.34375 | K67: =AVERAGE('7° Ano'!V33:V64) -> 2.875 | L67: =AVERAGE(E67:K67) -> 2.5625
A68: Ensino Fundamental | B68: 7°C | C68: Ariany | D68: Arte música | E68: =AVERAGE('7° Ano'!P65:P83) -> 3.7368421 | F68: =AVERAGE('7° Ano'!Q65:Q83) -> 3.9473684 | G68: =AVERAGE('7° Ano'!R65:R83) -> 3.8947368 | H68: =AVERAGE('7° Ano'!S65:S83) -> 3.8947368 | I68: =AVERAGE('7° Ano'!T65:T83) -> 3.8947368 | J68: =AVERAGE('7° Ano'!U65:U83) -> 3.8421053 | K68: =AVERAGE('7° Ano'!V65:V83) -> 3.8421053 | L68: =AVERAGE(E68:K68) -> 3.8646617
A69: Ensino Fundamental | B69: 7°D | C69: Ariany | D69: Arte música | E69: =AVERAGE('7° Ano'!P84:P102) -> 2.3333333 | F69: =AVERAGE('7° Ano'!Q84:Q102) -> 2.4210526 | G69: =AVERAGE('7° Ano'!R84:R102) -> 2.5 | H69: =AVERAGE('7° Ano'!S84:S102) -> 2.4736842 | I69: =AVERAGE('7° Ano'!T84:T102) -> 2.7777778 | J69: =AVERAGE('7° Ano'!U84:U102) -> 2.2631579 | K69: =AVERAGE('7° Ano'!V84:V102) -> 2.7894737 | L69: =AVERAGE(E69:K69) -> 2.5083542
A70: Ensino Fundamental | B70: 7°A | C70: Daniela | D70: Ciência Aplicada | E70: =AVERAGE('7° Ano'!W3:W32) -> 2.8333333 | F70: =AVERAGE('7° Ano'!X3:X32) -> 3.1666667 | G70: =AVERAGE('7° Ano'!Y3:Y32) -> 3.1333333 | H70: =AVERAGE('7° Ano'!Z3:Z32) -> 3.1333333 | I70: =AVERAGE('7° Ano'!AA3:AA32) -> 3.1 | J70: =AVERAGE('7° Ano'!AB3:AB32) -> 2.3448276 | K70: =AVERAGE('7° Ano'!AC3:AC32) -> 3.2413793 | L70: =AVERAGE(E70:K70) -> 2.9932677 | M70: =AVERAGE(L70:L73) -> 2.9377914
A71: Ensino Fundamental | B71: 7°B | C71: Daniela | D71: Ciência Aplicada | E71: =AVERAGE('7° Ano'!W33:W64) -> 2.3125 | F71: =AVERAGE('7° Ano'!X33:X64) -> 2.34375 | G71: =AVERAGE('7° Ano'!Y33:Y64) -> 2.53125 | H71: =AVERAGE('7° Ano'!Z33:Z64) -> 2.46875 | I71: =AVERAGE('7° Ano'!AA33:AA64) -> 2.6666667 | J71: =AVERAGE('7° Ano'!AB33:AB64) -> 2.46875 | K71: =AVERAGE('7° Ano'!AC33:AC64) -> 2.78125 | L71: =AVERAGE(E71:K71) -> 2.5104167
A72: Ensino Fundamental | B72: 7°C | C72: Daniela | D72: Ciência Aplicada | E72: =AVERAGE('7° Ano'!W65:W83) -> 3 | F72: =AVERAGE('7° Ano'!X65:X83) -> 3.2631579 | G72: =AVERAGE('7° Ano'!Y65:Y83) -> 3 | H72: =AVERAGE('7° Ano'!Z65:Z83) -> 3.2222222 | I72: =AVERAGE('7° Ano'!AA65:AA83) -> 3.2352941 | J72: =AVERAGE('7° Ano'!AB65:AB83) -> 3 | K72: =AVERAGE('7° Ano'!AC65:AC83) -> 3.2105263 | L72: =AVERAGE(E72:K72) -> 3.1330287
A73: Ensino Fundamental | B73: 7°D | C73: Daniela | D73: Ciência Aplicada | E73: =AVERAGE('7° Ano'!W84:W102) -> 2.9473684 | F73: =AVERAGE('7° Ano'!X84:X102) -> 3.3157895 | G73: =AVERAGE('7° Ano'!Y84:Y102) -> 2.9473684 | H73: =AVERAGE('7° Ano'!Z84:Z102) -> 3.3157895 | I73: =AVERAGE('7° Ano'!AA84:AA102) -> 3.2222222 | J73: =AVERAGE('7° Ano'!AB84:AB102) -> 2.9473684 | K73: =AVERAGE('7° Ano'!AC84:AC102) -> 3.1052632 | L73: =AVERAGE(E73:K73) -> 3.1144528
A74: Ensino Fundamental | B74: 7°A | C74: Danielle | D74: Ciência Aplicada | E74: =AVERAGE('7° Ano'!AD3:AD32) -> 2.4 | F74: =AVERAGE('7° Ano'!AE3:AE32) -> 2.5333333 | G74: =AVERAGE('7° Ano'!AF3:AF32) -> 2.4 | H74: =AVERAGE('7° Ano'!AG3:AG32) -> 2.5333333 | I74: =AVERAGE('7° Ano'!AH3:AH32) -> 2.7666667 | J74: =AVERAGE('7° Ano'!AI3:AI32) -> 2.2758621 | K74: =AVERAGE('7° Ano'!AJ3:AJ32) -> 2.5 | L74: =AVERAGE(E74:K74) -> 2.4870279 | M74: =AVERAGE(L74:L77) -> 3.0732032
A75: Ensino Fundamental | B75: 7°B | C75: Danielle | D75: Ciência Aplicada | E75: =AVERAGE('7° Ano'!AD33:AD64) -> 3.0625 | F75: =AVERAGE('7° Ano'!AE33:AE64) -> 2.875 | G75: =AVERAGE('7° Ano'!AF33:AF64) -> 2.96875 | H75: =AVERAGE('7° Ano'!AG33:AG64) -> 2.96875 | I75: =AVERAGE('7° Ano'!AH33:AH64) -> 2.9354839 | J75: =AVERAGE('7° Ano'!AI33:AI64) -> 2.53125 | K75: =AVERAGE('7° Ano'!AJ33:AJ64) -> 3.1666667 | L75: =AVERAGE(E75:K75) -> 2.9297715
A76: Ensino Fundamental | B76: 7°C | C76: Danielle | D76: Ciência Aplicada | E76: =AVERAGE('7° Ano'!AD65:AD83) -> 3.4210526 | F76: =AVERAGE('7° Ano'!AE65:AE83) -> 3.3684211 | G76: =AVERAGE('7° Ano'!AF65:AF83) -> 3.3157895 | H76: =AVERAGE('7° Ano'!AG65:AG83) -> 3.3684211 | I76: =AVERAGE('7° Ano'!AH65:AH83) -> 3.3333333 | J76: =AVERAGE('7° Ano'!AI65:AI83) -> 3.1052632 | K76: =AVERAGE('7° Ano'!AJ65:AJ83) -> 3.2105263 | L76: =AVERAGE(E76:K76) -> 3.3032581
A77: Ensino Fundamental | B77: 7°D | C77: Danielle | D77: Ciência Aplicada | E77: =AVERAGE('7° Ano'!AD84:AD102) -> 3.7368421 | F77: =AVERAGE('7° Ano'!AE84:AE102) -> 3.4210526 | G77: =AVERAGE('7° Ano'!AF84:AF102) -> 3.5789474 | H77: =AVERAGE('7° Ano'!AG84:AG102) -> 3.5789474 | I77: =AVERAGE('7° Ano'!AH84:AH102) -> 3.5882353 | J77: =AVERAGE('7° Ano'!AI84:AI102) -> 3.4736842 | K77: =AVERAGE('7° Ano'!AJ84:AJ102) -> 3.6315789 | L77: =AVERAGE(E77:K77) -> 3.5727554
A78: Ensino Fundamental | B78: 7°A | C78: Karen | D78: Redação | E78: =AVERAGE('7° Ano'!AK3:AK32) -> 2.4 | F78: =AVERAGE('7° Ano'!AL3:AL32) -> 1.9333333 | G78: =AVERAGE('7° Ano'!AM3:AM32) -> 2.3666667 | H78: =AVERAGE('7° Ano'!AN3:AN32) -> 2.3 | I78: =AVERAGE('7° Ano'!AO3:AO32) -> 2.7666667 | J78: =AVERAGE('7° Ano'!AP3:AP32) -> 2.1 | K78: =AVERAGE('7° Ano'!AQ3:AQ32) -> 2.3 | L78: =AVERAGE(E78:K78) -> 2.3095238 | M78: =AVERAGE(L78:L81) -> 2.6212943
A79: Ensino Fundamental | B79: 7°B | C79: Karen | D79: Redação | E79: =AVERAGE('7° Ano'!AK33:AK64) -> 2.65625 | F79: =AVERAGE('7° Ano'!AL33:AL64) -> 2.2903226 | G79: =AVERAGE('7° Ano'!AM33:AM64) -> 2.875 | H79: =AVERAGE('7° Ano'!AN33:AN64) -> 2.5625 | I79: =AVERAGE('7° Ano'!AO33:AO64) -> 3.03125 | J79: =AVERAGE('7° Ano'!AP33:AP64) -> 2.25 | K79: =AVERAGE('7° Ano'!AQ33:AQ64) -> 2.84375 | L79: =AVERAGE(E79:K79) -> 2.6441532
A80: Ensino Fundamental | B80: 7°C | C80: Karen | D80: Redação | E80: =AVERAGE('7° Ano'!AK65:AK83) -> 3.1052632 | F80: =AVERAGE('7° Ano'!AL65:AL83) -> 3.0526316 | G80: =AVERAGE('7° Ano'!AM65:AM83) -> 3.1666667 | H80: =AVERAGE('7° Ano'!AN65:AN83) -> 3.1111111 | I80: =AVERAGE('7° Ano'!AO65:AO83) -> 3.2105263 | J80: =AVERAGE('7° Ano'!AP65:AP83) -> 2.7368421 | K80: =AVERAGE('7° Ano'!AQ65:AQ83) -> 3.2631579 | L80: =AVERAGE(E80:K80) -> 3.0923141
A81: Ensino Fundamental | B81: 7°D | C81: Karen | D81: Redação | E81: =AVERAGE('7° Ano'!AK84:AK102) -> 2.4210526 | F81: =AVERAGE('7° Ano'!AL84:AL102) -> 2.1052632 | G81: =AVERAGE('7° Ano'!AM84:AM102) -> 2.5263158 | H81: =AVERAGE('7° Ano'!AN84:AN102) -> 2.4210526 | I81: =AVERAGE('7° Ano'!AO84:AO102) -> 2.8947368 | J81: =AVERAGE('7° Ano'!AP84:AP102) -> 2.0588235 | K81: =AVERAGE('7° Ano'!AQ84:AQ102) -> 2.6470588 | L81: =AVERAGE(E81:K81) -> 2.4391862
A82: Ensino Fundamental | B82: 7°A | C82: Marcia | D82: Arte Visual | E82: =AVERAGE('7° Ano'!AR3:AR32) -> 2.6333333 | F82: =AVERAGE('7° Ano'!AS3:AS32) -> 2.6333333 | G82: =AVERAGE('7° Ano'!AT3:AT32) -> 2.6551724 | H82: =AVERAGE('7° Ano'!AU3:AU32) -> 2.5862069 | I82: =AVERAGE('7° Ano'!AV3:AV32) -> 3.0344828 | J82: =AVERAGE('7° Ano'!AW3:AW32) -> 2.0689655 | K82: =AVERAGE('7° Ano'!AX3:AX32) -> 2.7931034 | L82: =AVERAGE(E82:K82) -> 2.6292282 | M82: =AVERAGE(L82:L85) -> 2.6080563
A83: Ensino Fundamental | B83: 7°B | C83: Marcia | D83: Arte Visual | E83: =AVERAGE('7° Ano'!AR33:AR64) -> 2.28125 | F83: =AVERAGE('7° Ano'!AS33:AS64) -> 2.40625 | G83: =AVERAGE('7° Ano'!AT33:AT64) -> 2.1875 | H83: =AVERAGE('7° Ano'!AU33:AU64) -> 2.375 | I83: =AVERAGE('7° Ano'!AV33:AV64) -> 2.75 | J83: =AVERAGE('7° Ano'!AW33:AW64) -> 2.1875 | K83: =AVERAGE('7° Ano'!AX33:AX64) -> 2.375 | L83: =AVERAGE(E83:K83) -> 2.3660714
A84: Ensino Fundamental | B84: 7°C | C84: Marcia | D84: Arte Visual | E84: =AVERAGE('7° Ano'!AR65:AR83) -> 3.1666667 | F84: =AVERAGE('7° Ano'!AS65:AS83) -> 3.1578947 | G84: =AVERAGE('7° Ano'!AT65:AT83) -> 3.1578947 | H84: =AVERAGE('7° Ano'!AU65:AU83) -> 3.2631579 | I84: =AVERAGE('7° Ano'!AV65:AV83) -> 3.3888889 | J84: =AVERAGE('7° Ano'!AW65:AW83) -> 3.1578947 | K84: =AVERAGE('7° Ano'!AX65:AX83) -> 3.3333333 | L84: =AVERAGE(E84:K84) -> 3.2322473
A85: Ensino Fundamental | B85: 7°D | C85: Marcia | D85: Arte Visual | E85: =AVERAGE('7° Ano'!AR84:AR102) -> 2.2105263 | F85: =AVERAGE('7° Ano'!AS84:AS102) -> 2.0526316 | G85: =AVERAGE('7° Ano'!AT84:AT102) -> 2.0555556 | H85: =AVERAGE('7° Ano'!AU84:AU102) -> 2.1666667 | I85: =AVERAGE('7° Ano'!AV84:AV102) -> 2.5789474 | J85: =AVERAGE('7° Ano'!AW84:AW102) -> 2.1052632 | K85: =AVERAGE('7° Ano'!AX84:AX102) -> 2.2631579 | L85: =AVERAGE(E85:K85) -> 2.2046784
A86: Ensino Fundamental | B86: 7°A | C86: Mário | D86: Geografia | E86: =AVERAGE('7° Ano'!AY3:AY32) -> 3.5517241 | F86: =AVERAGE('7° Ano'!AZ3:AZ32) -> 2.6206897 | G86: =AVERAGE('7° Ano'!BA3:BA32) -> 3.2413793 | H86: =AVERAGE('7° Ano'!BB3:BB32) -> 3.862069 | I86: =AVERAGE('7° Ano'!BC3:BC32) -> 3.6551724 | J86: =AVERAGE('7° Ano'!BD3:BD32) -> 3.9655172 | K86: =AVERAGE('7° Ano'!BE3:BE32) -> 3.7241379 | L86: =AVERAGE(E86:K86) -> 3.5172414 | M86: =AVERAGE(L86:L89) -> 3.1969077
A87: Ensino Fundamental | B87: 7°B | C87: Mário | D87: Geografia | E87: =AVERAGE('7° Ano'!AY33:AY64) -> 2.90625 | F87: =AVERAGE('7° Ano'!AZ33:AZ64) -> 2.21875 | G87: =AVERAGE('7° Ano'!BA33:BA64) -> 2.40625 | H87: =AVERAGE('7° Ano'!BB33:BB64) -> 3.5625 | I87: =AVERAGE('7° Ano'!BC33:BC64) -> 3.09375 | J87: =AVERAGE('7° Ano'!BD33:BD64) -> 3.5625 | K87: =AVERAGE('7° Ano'!BE33:BE64) -> 2.71875 | L87: =AVERAGE(E87:K87) -> 2.9241071
A88: Ensino Fundamental | B88: 7°C | C88: Mário | D88: Geografia | E88: =AVERAGE('7° Ano'!AY65:AY83) -> 2.8947368 | F88: =AVERAGE('7° Ano'!AZ65:AZ83) -> 2.8947368 | G88: =AVERAGE('7° Ano'!BA65:BA83) -> 2.7894737 | H88: =AVERAGE('7° Ano'!BB65:BB83) -> 3.4210526 | I88: =AVERAGE('7° Ano'!BC65:BC83) -> 3.3684211 | J88: =AVERAGE('7° Ano'!BD65:BD83) -> 3.3684211 | K88: =AVERAGE('7° Ano'!BE65:BE83) -> 3.0555556 | L88: =AVERAGE(E88:K88) -> 3.1131997
A89: Ensino Fundamental | B89: 7°D | C89: Mário | D89: Geografia | E89: =AVERAGE('7° Ano'!AY84:AY102) -> 3.2105263 | F89: =AVERAGE('7° Ano'!AZ84:AZ102) -> 3 | G89: =AVERAGE('7° Ano'!BA84:BA102) -> 3.1578947 | H89: =AVERAGE('7° Ano'!BB84:BB102) -> 3.3684211 | I89: =AVERAGE('7° Ano'!BC84:BC102) -> 3.3157895 | J89: =AVERAGE('7° Ano'!BD84:BD102) -> 3.4736842 | K89: =AVERAGE('7° Ano'!BE84:BE102) -> 3.1052632 | L89: =AVERAGE(E89:K89) -> 3.2330827
A90: Ensino Fundamental | B90: 7°A | C90: Monique | D90: LIV | E90: =AVERAGE('7° Ano'!BF3:BF32) -> 4 | F90: =AVERAGE('7° Ano'!BG3:BG32) -> 3.9310345 | G90: =AVERAGE('7° Ano'!BH3:BH32) -> 3.9655172 | H90: =AVERAGE('7° Ano'!BI3:BI32) -> 3.7241379 | I90: =AVERAGE('7° Ano'!BJ3:BJ32) -> 3.8965517 | J90: =AVERAGE('7° Ano'!BK3:BK32) -> 3.8275862 | K90: =AVERAGE('7° Ano'!BL3:BL32) -> 4 | L90: =AVERAGE(E90:K90) -> 3.9064039 | M90: =AVERAGE(L90:L93) -> 3.9180556
A91: Ensino Fundamental | B91: 7°B | C91: Monique | D91: LIV | E91: =AVERAGE('7° Ano'!BF33:BF64) -> 3.96875 | F91: =AVERAGE('7° Ano'!BG33:BG64) -> 3.9375 | G91: =AVERAGE('7° Ano'!BH33:BH64) -> 4 | H91: =AVERAGE('7° Ano'!BI33:BI64) -> 3.78125 | I91: =AVERAGE('7° Ano'!BJ33:BJ64) -> 3.8064516 | J91: =AVERAGE('7° Ano'!BK33:BK64) -> 3.65625 | K91: =AVERAGE('7° Ano'!BL33:BL64) -> 4 | L91: =AVERAGE(E91:K91) -> 3.8786002
A92: Ensino Fundamental | B92: 7°C | C92: Monique | D92: LIV | E92: =AVERAGE('7° Ano'!BF65:BF83) -> 4 | F92: =AVERAGE('7° Ano'!BG65:BG83) -> 4 | G92: =AVERAGE('7° Ano'!BH65:BH83) -> 4 | H92: =AVERAGE('7° Ano'!BI65:BI83) -> 3.9473684 | I92: =AVERAGE('7° Ano'!BJ65:BJ83) -> 4 | J92: =AVERAGE('7° Ano'!BK65:BK83) -> 4 | K92: =AVERAGE('7° Ano'!BL65:BL83) -> 4 | L92: =AVERAGE(E92:K92) -> 3.9924812
A93: Ensino Fundamental | B93: 7°D | C93: Monique | D93: LIV | E93: =AVERAGE('7° Ano'!BF84:BF102) -> 4 | F93: =AVERAGE('7° Ano'!BG84:BG102) -> 3.9473684 | G93: =AVERAGE('7° Ano'!BH84:BH102) -> 3.9473684 | H93: =AVERAGE('7° Ano'!BI84:BI102) -> 3.8947368 | I93: =AVERAGE('7° Ano'!BJ84:BJ102) -> 3.8947368 | J93: =AVERAGE('7° Ano'!BK84:BK102) -> 3.7368421 | K93: =AVERAGE('7° Ano'!BL84:BL102) -> 3.8421053 | L93: =AVERAGE(E93:K93) -> 3.8947368
A94: Ensino Fundamental | B94: 7°A | C94: Pavarina | D94: Educação Física | E94: =AVERAGE('7° Ano'!BM3:BM32) -> 2.5666667 | F94: =AVERAGE('7° Ano'!BN3:BN32) -> 2.7333333 | G94: =AVERAGE('7° Ano'!BO3:BO32) -> 2.1 | H94: =AVERAGE('7° Ano'!BP3:BP32) -> 2.8666667 | I94: =AVERAGE('7° Ano'!BQ3:BQ32) -> 2.1666667 | J94: =AVERAGE('7° Ano'!BR3:BR32) -> 1.9 | K94: =AVERAGE('7° Ano'!BS3:BS32) -> 1.9666667 | L94: =AVERAGE(E94:K94) -> 2.3285714 | M94: =AVERAGE(L94:L97) -> 2.7720447
A95: Ensino Fundamental | B95: 7°B | C95: Pavarina | D95: Educação Física | E95: =AVERAGE('7° Ano'!BM33:BM64) -> 3.03125 | F95: =AVERAGE('7° Ano'!BN33:BN64) -> 2.9375 | G95: =AVERAGE('7° Ano'!BO33:BO64) -> 2.84375 | H95: =AVERAGE('7° Ano'!BP33:BP64) -> 3.0625 | I95: =AVERAGE('7° Ano'!BQ33:BQ64) -> 2.59375 | J95: =AVERAGE('7° Ano'!BR33:BR64) -> 2.71875 | K95: =AVERAGE('7° Ano'!BS33:BS64) -> 2.5625 | L95: =AVERAGE(E95:K95) -> 2.8214286
A96: Ensino Fundamental | B96: 7°C | C96: Pavarina | D96: Educação Física | E96: =AVERAGE('7° Ano'!BM65:BM83) -> 2.8421053 | F96: =AVERAGE('7° Ano'!BN65:BN83) -> 2.7894737 | G96: =AVERAGE('7° Ano'!BO65:BO83) -> 2.2631579 | H96: =AVERAGE('7° Ano'!BP65:BP83) -> 2.7777778 | I96: =AVERAGE('7° Ano'!BQ65:BQ83) -> 2.6842105 | J96: =AVERAGE('7° Ano'!BR65:BR83) -> 2.3157895 | K96: =AVERAGE('7° Ano'!BS65:BS83) -> 2.2631579 | L96: =AVERAGE(E96:K96) -> 2.5622389
A97: Ensino Fundamental | B97: 7°D | C97: Pavarina | D97: Educação Física | E97: =AVERAGE('7° Ano'!BM84:BM102) -> 3.5789474 | F97: =AVERAGE('7° Ano'!BN84:BN102) -> 3.6315789 | G97: =AVERAGE('7° Ano'!BO84:BO102) -> 3.2105263 | H97: =AVERAGE('7° Ano'!BP84:BP102) -> 3.2105263 | I97: =AVERAGE('7° Ano'!BQ84:BQ102) -> 3.3684211 | J97: =AVERAGE('7° Ano'!BR84:BR102) -> 3.3157895 | K97: =AVERAGE('7° Ano'!BS84:BS102) -> 3.3157895 | L97: =AVERAGE(E97:K97) -> 3.3759398
A98: Ensino Fundamental | B98: 7°A | C98: Ranata | D98: Inglês - CLIL | E98: =AVERAGE('7° Ano'!BT3:BT32) -> 3.6206897 | F98: =AVERAGE('7° Ano'!BU3:BU32) -> 3.5172414 | G98: =AVERAGE('7° Ano'!BV3:BV32) -> 3.6896552 | H98: =AVERAGE('7° Ano'!BW3:BW32) -> 3.4137931 | I98: =AVERAGE('7° Ano'!BX3:BX32) -> 3.6896552 | J98: =AVERAGE('7° Ano'!BY3:BY32) -> 3.4137931 | K98: =AVERAGE('7° Ano'!BZ3:BZ32) -> 3.6206897 | L98: =AVERAGE(E98:K98) -> 3.5665025 | M98: =AVERAGE(L98:L101) -> 3.5610335
A99: Ensino Fundamental | B99: 7°B | C99: Ranata | D99: Inglês - CLIL | E99: =AVERAGE('7° Ano'!BT33:BT64) -> 3.78125 | F99: =AVERAGE('7° Ano'!BU33:BU64) -> 3.59375 | G99: =AVERAGE('7° Ano'!BV33:BV64) -> 3.6875 | H99: =AVERAGE('7° Ano'!BW33:BW64) -> 3.3125 | I99: =AVERAGE('7° Ano'!BX33:BX64) -> 3.71875 | J99: =AVERAGE('7° Ano'!BY33:BY64) -> 3.46875 | K99: =AVERAGE('7° Ano'!BZ33:BZ64) -> 3.8125 | L99: =AVERAGE(E99:K99) -> 3.625
A100: Ensino Fundamental | B100: 7°C | C100: Ranata | D100: Inglês - CLIL | E100: =AVERAGE('7° Ano'!BT65:BT83) -> 3.7894737 | F100: =AVERAGE('7° Ano'!BU65:BU83) -> 3.7368421 | G100: =AVERAGE('7° Ano'!BV65:BV83) -> 3.7894737 | H100: =AVERAGE('7° Ano'!BW65:BW83) -> 3.7894737 | I100: =AVERAGE('7° Ano'!BX65:BX83) -> 3.7894737 | J100: =AVERAGE('7° Ano'!BY65:BY83) -> 3.7894737 | K100: =AVERAGE('7° Ano'!BZ65:BZ83) -> 3.7894737 | L100: =AVERAGE(E100:K100) -> 3.7819549
...

Sheet 6°Ano
B1: Alice - Arte e Dança | I1: Daniela - Ciências e Ciências Aplicada | P1: Danielle - Ciências e Ciências Aplicada | W1: Diego - Matemática | AD1: Karen - Redação | AK1: Luana - Ciência Aplicada | AR1: Márcia - Arte Visual | AY1: Mário - Geografia | BF1: Monique - LIV | BM1: Pavarina - Educação Física | BT1: Renata - Inglês CLIL | CA1: Ricardo - História | CH1: Rita - Leitura e Gramática | CO1: Valeska - Inglês Language
A2: Perguntas | B2: 1 | C2: 2 | D2: 3 | E2: 4 | F2: 5 | G2: 6 | H2: 7 | I2: 1 | J2: 2 | K2: 3 | L2: 4 | M2: 5 | N2: 6 | O2: 7 | P2: 1 | Q2: 2 | R2: 3 | S2: 4 | T2: 5 | U2: 6 | V2: 7 | W2: 1 | X2: 2 | Y2: 3 | Z2: 4 | AA2: 5 | AB2: 6 | AC2: 7 | AD2: 1 | AE2: 2 | AF2: 3 | AG2: 4 | AH2: 5 | AI2: 6 | AJ2: 7 | AK2: 1 | AL2: 2 | AM2: 3 | AN2: 4 | AO2: 5 | AP2: 6 | AQ2: 7 | AR2: 1 | AS2: 2 | AT2: 3 | AU2: 4 | AV2: 5 | AW2: 6 | AX2: 7 | AY2: 1 | AZ2: 2 | BA2: 3 | BB2: 4 | BC2: 5 | BD2: 6 | BE2: 7 | BF2: 1 | BG2: 2 | BH2: 3 | BI2: 4 | BJ2: 5 | BK2: 6 | BL2: 7 | BM2: 1 | BN2: 2 | BO2: 3 | BP2: 4 | BQ2: 5 | BR2: 6 | BS2: 7 | BT2: 1 | BU2: 2 | BV2: 3 | BW2: 4 | BX2: 5 | BY2: 6 | BZ2: 7 | CA2: 1 | CB2: 2 | CC2: 3 | CD2: 4 | CE2: 5 | CF2: 6 | CG2: 7 | CH2: 1 | CI2: 2 | CJ2: 3 | CK2: 4 | CL2: 5 | CM2: 6 | CN2: 7 | CO2: 1 | CP2: 2 | CQ2: 3 | CR2: 4 | CS2: 5 | CT2: 6 | CU2: 7
A3: 6º ano A | B3: 4 | C3: 3 | D3: 3 | E3: 3 | F3: 3 | G3: 3 | H3: 3 | I3: 3 | J3: 2 | K3: 3 | L3: 3 | M3: 3 | N3: 3 | O3: 3 | P3: 3 | Q3: 4 | R3: 3 | S3: 3 | T3: 3 | U3: 3 | V3: 3 | W3: 3 | X3: 3 | Y3: 3 | Z3: 3 | AA3: 3 | AB3: 3 | AC3: 3 | AD3: 3 | AE3: 3 | AF3: 3 | AG3: 3 | AH3: 3 | AI3: 3 | AJ3: 3 | AK3: 3 | AL3: 3 | AM3: 3 | AN3: 3 | AO3: 3 | AP3: 3 | AQ3: 3 | AR3: 3 | AS3: 3 | AT3: 3 | AU3: 3 | AV3: 3 | AW3: 3 | AX3: 3 | AY3: 3 | AZ3: 3 | BA3: 3 | BB3: 3 | BC3: 3 | BD3: 3 | BE3: 3 | BF3: 4 | BG3: 4 | BH3: 4 | BI3: 4 | BJ3: 4 | BK3: 4 | BL3: 4 | BM3: 4 | BN3: 4 | BO3: 4 | BP3: 4 | BQ3: 4 | BR3: 4 | BS3: 4 | BT3: 4 | BU3: 4 | BV3: 4 | BW3: 4 | BX3: 4 | BY3: 4 | BZ3: 4 | CA3: 4 | CB3: 4 | CC3: 4 | CD3: 4 | CE3: 4 | CF3: 4 | CG3: 4 | CH3: 4 | CI3: 4 | CJ3: 4 | CK3: 4 | CL3: 4 | CM3: 4 | CN3: 4 | CO3: 3 | CP3: 3 | CQ3: 3 | CR3: 3 | CS3: 3 | CT3: 3 | CU3: 3
A4: 6º ano A | B4: 2 | C4: 3 | D4: 4 | E4: 3 | F4: 4 | G4: 3 | H4: 4 | I4: 1 | J4: 2 | K4: 3 | L4: 2 | M4: 4 | N4: 2 | O4: 2 | P4: 4 | Q4: 4 | R4: 4 | S4: 4 | T4: 4 | U4: 4 | V4: 4 | W4: 4 | X4: 4 | Y4: 4 | Z4: 4 | AA4: 4 | AB4: 4 | AC4: 4 | AD4: 2 | AE4: 2 | AF4: 2 | AG4: 2 | AH4: 1 | AI4: 1 | AJ4: 3 | AK4: 3 | AL4: 3 | AM4: 3 | AN4: 3 | AO4: 3 | AP4: 3 | AQ4: 3 | AR4: 3 | AS4: 2 | AT4: 3 | AU4: 2 | AV4: 3 | AW4: 2 | AX4: 3 | AY4: 3 | AZ4: 3 | BA4: 3 | BB4: 3 | BC4: 4 | BD4: 4 | BE4: 2 | BF4: 4 | BG4: 4 | BH4: 4 | BI4: 4 | BJ4: 4 | BK4: 4 | BL4: 4 | BM4: 4 | BN4: 4 | BO4: 4 | BP4: 4 | BQ4: 4 | BR4: 4 | BS4: 4 | BT4: 3 | BU4: 3 | BV4: 3 | BW4: 3 | BX4: 3 | BY4: 3 | BZ4: 4 | CA4: 4 | CB4: 4 | CC4: 4 | CD4: 4 | CE4: 4 | CF4: 4 | CG4: 4 | CH4: 4 | CI4: 4 | CJ4: 4 | CK4: 4 | CL4: 4 | CM4: 4 | CN4: 4 | CO4: 2 | CP4: 3 | CQ4: 2 | CR4: 3 | CS4: 2 | CT4: 3 | CU4: 2
A5: 6º ano A | B5: 4 | C5: 2 | D5: 4 | E5: 4 | F5: 4 | G5: 3 | H5: 4 | I5: 4 | J5: 4 | K5: 4 | L5: 4 | M5: 4 | N5: 4 | O5: 4 | P5: 4 | Q5: 4 | R5: 4 | S5: 4 | T5: 4 | U5: 4 | V5: 4 | W5: 4 | X5: 4 | Y5: 4 | Z5: 4 | AA5: 4 | AB5: 4 | AC5: 4 | AD5: 4 | AE5: 4 | AF5: 4 | AG5: 4 | AH5: 4 | AI5: 4 | AJ5: 4 | AK5: 4 | AL5: 4 | AM5: 4 | AN5: 4 | AO5: 4 | AP5: 4 | AQ5: 4 | AR5: 4 | AS5: 4 | AT5: 4 | AU5: 4 | AV5: 4 | AW5: 4 | AX5: 4 | AY5: 4 | AZ5: 4 | BA5: 4 | BB5: 4 | BC5: 4 | BD5: 4 | BE5: 4 | BF5: 4 | BG5: 4 | BH5: 4 | BI5: 4 | BJ5: 4 | BK5: 4 | BL5: 4 | BM5: 4 | BN5: 4 | BO5: 4 | BP5: 4 | BQ5: 4 | BR5: 4 | BS5: 4 | BT5: 4 | BU5: 4 | BV5: 4 | BW5: 4 | BX5: 4 | BY5: 4 | BZ5: 4 | CA5: 4 | CB5: 4 | CC5: 4 | CD5: 4 | CE5: 4 | CF5: 4 | CG5: 4 | CH5: 4 | CI5: 4 | CJ5: 4 | CK5: 4 | CL5: 4 | CM5: 4 | CN5: 4 | CO5: 4 | CP5: 4 | CQ5: 4 | CR5: 4 | CS5: 4 | CT5: 4 | CU5: 4
A6: 6º ano A | B6: 4 | C6: 4 | D6: 4 | E6: 4 | F6: 4 | G6: 4 | H6: 4 | I6: 1 | J6: 1 | K6: 1 | L6: 1 | M6: 1 | N6: 1 | O6: 1 | P6: 1 | Q6: 1 | R6: 1 | S6: 1 | T6: 1 | U6: 1 | V6: 1 | W6: 4 | X6: 4 | Y6: 4 | Z6: 4 | AA6: 4 | AB6: 4 | AC6: 4 | AD6: 2 | AE6: 2 | AF6: 2 | AG6: 2 | AH6: 2 | AI6: 2 | AJ6: 2 | AK6: 4 | AL6: 4 | AM6: 4 | AN6: 4 | AO6: 4 | AP6: 4 | AQ6: 4 | AR6: 4 | AS6: 4 | AT6: 4 | AU6: 4 | AV6: 4 | AW6: 4 | AX6: 4 | AY6: 4 | AZ6: 4 | BA6: 4 | BB6: 4 | BC6: 4 | BD6: 4 | BE6: 4 | BF6: 4 | BG6: 4 | BH6: 4 | BI6: 4 | BJ6: 4 | BK6: 4 | BL6: 4 | BM6: 4 | BN6: 4 | BO6: 4 | BP6: 4 | BQ6: 4 | BR6: 4 | BS6: 4 | BT6: 4 | BU6: 4 | BV6: 4 | BW6: 4 | BX6: 4 | BY6: 4 | BZ6: 4 | CA6: 4 | CB6: 4 | CC6: 4 | CD6: 4 | CE6: 4 | CF6: 4 | CG6: 4 | CH6: 4 | CI6: 4 | CJ6: 4 | CK6: 4 | CL6: 4 | CM6: 4 | CN6: 4 | CO6: 4 | CP6: 4 | CQ6: 4 | CR6: 4 | CS6: 4 | CT6: 4 | CU6: 4
A7: 6º ano A | B7: 4 | C7: 4 | D7: 4 | E7: 3 | F7: 4 | G7: 3 | H7: 4 | I7: 2 | J7: 1 | K7: 2 | L7: 1 | M7: 1 | N7: 1 | O7: 2 | P7: 4 | Q7: 3 | R7: 3 | S7: 4 | T7: 3 | U7: 4 | V7: 2 | W7: 4 | X7: 4 | Y7: 4 | Z7: 4 | AA7: 4 | AB7: 4 | AC7: 4 | AD7: 1 | AE7: 1 | AF7: 1 | AG7: 1 | AH7: 1 | AI7: 1 | AJ7: 1 | AK7: 3 | AL7: 3 | AM7: 4 | AN7: 4 | AO7: 4 | AP7: 4 | AQ7: 3 | AR7: 2 | AS7: 2 | AT7: 4 | AU7: 1 | AV7: 1 | AW7: 2 | AX7: 1 | AY7: 3 | AZ7: 2 | BA7: 2 | BB7: 4 | BC7: 4 | BD7: 4 | BE7: 2 | BF7: 4 | BG7: 4 | BH7: 4 | BI7: 4 | BJ7: 4 | BK7: 4 | BL7: 4 | BM7: 4 | BN7: 2 | BO7: 3 | BP7: 2 | BQ7: 4 | BR7: 4 | BS7: 4 | BT7: 4 | BU7: 4 | BV7: 4 | BW7: 4 | BX7: 4 | BY7: 4 | BZ7: 4 | CA7: 4 | CB7: 4 | CC7: 4 | CD7: 4 | CE7: 4 | CF7: 4 | CG7: 4 | CH7: 4 | CI7: 4 | CJ7: 4 | CK7: 4 | CL7: 4 | CM7: 4 | CN7: 4 | CO7: 3 | CP7: 3 | CQ7: 4 | CR7: 4 | CS7: 4 | CT7: 4 | CU7: 4
A8: 6º ano A | B8: 4 | C8: 3 | D8: 2 | E8: 4 | F8: 4 | G8: 2 | H8: 3 | I8: 2 | J8: 1 | K8: 2 | L8: 3 | M8: 4 | N8: 1 | O8: 3 | P8: 4 | Q8: 4 | R8: 4 | S8: 4 | T8: 4 | U8: 4 | V8: 4 | W8: 4 | X8: 4 | Y8: 4 | Z8: 4 | AA8: 4 | AB8: 4 | AC8: 4 | AD8: 1 | AE8: 1 | AF8: 1 | AG8: 1 | AH8: 1 | AI8: 1 | AJ8: 1 | AK8: 4 | AL8: 3 | AM8: 4 | AN8: 3 | AO8: 4 | AP8: 3 | AQ8: 4 | AR8: 2 | AS8: 2 | AT8: 2 | AU8: 4 | AV8: 2 | AW8: 2 | AX8: 2 | AY8: 3 | AZ8: 3 | BA8: 4 | BB8: 4 | BC8: 1 | BD8: 4 | BE8: 3 | BF8: 4 | BG8: 4 | BH8: 4 | BI8: 4 | BJ8: 4 | BK8: 4 | BL8: 4 | BM8: 4 | BN8: 4 | BO8: 4 | BP8: 4 | BQ8: 4 | BR8: 4 | BS8: 4 | BT8: 4 | BU8: 4 | BV8: 4 | BW8: 4 | BX8: 4 | BY8: 4 | BZ8: 4 | CA8: 4 | CB8: 4 | CC8: 4 | CD8: 4 | CE8: 4 | CF8: 4 | CG8: 4 | CH8: 4 | CI8: 4 | CJ8: 4 | CK8: 4 | CL8: 4 | CM8: 4 | CN8: 4 | CO8: 2 | CP8: 3 | CQ8: 2 | CR8: 3 | CS8: 2 | CT8: 3 | CU8: 3
A9: 6º ano A | B9: 4 | C9: 4 | D9: 4 | E9: 4 | F9: 4 | G9: 4 | H9: 4 | I9: 4 | J9: 4 | K9: 4 | L9: 4 | M9: 4 | N9: 4 | O9: 4 | P9: 4 | Q9: 4 | R9: 4 | S9: 4 | T9: 4 | U9: 4 | V9: 4 | W9: 4 | X9: 4 | Y9: 4 | Z9: 4 | AA9: 4 | AB9: 4 | AC9: 4 | AD9: 1 | AE9: 1 | AF9: 4 | AG9: 4 | AH9: 4 | AI9: 4 | AJ9: 4 | AK9: 4 | AL9: 4 | AM9: 4 | AN9: 4 | AO9: 4 | AP9: 4 | AQ9: 4 | AR9: 4 | AS9: 4 | AT9: 4 | AU9: 4 | AV9: 4 | AW9: 4 | AX9: 4 | AY9: 4 | AZ9: 4 | BA9: 4 | BB9: 4 | BC9: 4 | BD9: 4 | BE9: 4 | BF9: 4 | BG9: 4 | BH9: 4 | BI9: 4 | BJ9: 4 | BK9: 4 | BL9: 4 | BM9: 4 | BN9: 4 | BO9: 4 | BP9: 4 | BQ9: 4 | BR9: 4 | BS9: 4 | BT9: 4 | BU9: 4 | BV9: 4 | BW9: 4 | BX9: 4 | BY9: 4 | CA9: 4 | CB9: 4 | CC9: 4 | CD9: 4 | CE9: 4 | CF9: 4 | CG9: 4 | CH9: 4 | CI9: 4 | CJ9: 4 | CK9: 4 | CL9: 4 | CM9: 4 | CN9: 4 | CO9: 4 | CP9: 4 | CQ9: 4 | CR9: 4 | CS9: 4 | CT9: 4 | CU9: 4
A10: 6º ano A | B10: 3 | C10: 1 | D10: 1 | E10: 2 | F10: 4 | G10: 2 | H10: 3 | I10: 1 | J10: 2 | K10: 2 | L10: 2 | M10: 4 | N10: 3 | O10: 3 | P10: 4 | Q10: 3 | R10: 4 | S10: 4 | T10: 3 | U10: 2 | V10: 1 | W10: 3 | X10: 4 | Y10: 3 | Z10: 2 | AA10: 4 | AB10: 2 | AC10: 4 | AD10: 1 | AE10: 1 | AF10: 1 | AG10: 1 | AH10: 1 | AI10: 1 | AJ10: 1 | AK10: 2 | AL10: 3 | AM10: 1 | AN10: 4 | AO10: 3 | AP10: 2 | AQ10: 2 | AR10: 4 | AS10: 4 | AT10: 4 | AU10: 4 | AV10: 4 | AW10: 4 | AX10: 4 | AY10: 1 | AZ10: 1 | BA10: 3 | BB10: 3 | BC10: 2 | BD10: 4 | BE10: 4 | BF10: 4 | BG10: 1 | BH10: 3 | BI10: 2 | BJ10: 4 | BK10: 1 | BL10: 2 | BM10: 1 | BN10: 4 | BO10: 4 | BP10: 4 | BQ10: 4 | BR10: 4 | BS10: 1 | BT10: 4 | BU10: 4 | BV10: 4 | BW10: 4 | BX10: 4 | BY10: 4 | BZ10: 4 | CA10: 1 | CB10: 3 | CC10: 4 | CD10: 2 | CE10: 1 | CF10: 4 | CG10: 1 | CH10: 4 | CI10: 4 | CJ10: 4 | CK10: 4 | CL10: 4 | CM10: 4 | CN10: 4 | CO10: 2 | CP10: 1 | CQ10: 2 | CR10: 3 | CS10: 3 | CT10: 4 | CU10: 1
A11: 6º ano A | B11: 4 | C11: 4 | D11: 2 | E11: 3 | F11: 4 | G11: 3 | H11: 3 | I11: 1 | J11: 1 | K11: 1 | L11: 1 | M11: 1 | N11: 1 | O11: 1 | P11: 1 | Q11: 1 | R11: 1 | S11: 1 | T11: 1 | U11: 2 | V11: 2 | W11: 4 | X11: 4 | Y11: 4 | Z11: 4 | AA11: 4 | AB11: 4 | AC11: 4 | AD11: 1 | AE11: 1 | AF11: 1 | AG11: 1 | AH11: 1 | AI11: 2 | AJ11: 3 | AK11: 4 | AL11: 4 | AM11: 4 | AN11: 4 | AO11: 4 | AP11: 4 | AQ11: 4 | AR11: 4 | AS11: 4 | AT11: 3 | AU11: 3 | AV11: 4 | AW11: 3 | AX11: 4 | AY11: 4 | AZ11: 4 | BA11: 4 | BB11: 4 | BC11: 4 | BD11: 4 | BE11: 4 | BF11: 4 | BG11: 4 | BH11: 4 | BI11: 4 | BJ11: 4 | BK11: 4 | BL11: 4 | BM11: 4 | BN11: 4 | BO11: 4 | BP11: 4 | BQ11: 4 | BR11: 4 | BS11: 4 | BT11: 4 | BU11: 4 | BV11: 4 | BW11: 4 | BX11: 4 | BY11: 4 | BZ11: 4 | CA11: 4 | CB11: 4 | CC11: 4 | CD11: 4 | CE11: 3 | CF11: 3 | CG11: 4 | CH11: 4 | CI11: 4 | CJ11: 4 | CK11: 4 | CL11: 4 | CM11: 4 | CN11: 4 | CO11: 3 | CP11: 3 | CQ11: 3 | CR11: 4 | CS11: 3 | CT11: 3 | CU11: 4
A12: 6º ano A | B12: 4 | C12: 4 | D12: 4 | E12: 4 | F12: 4 | I12: 1 | J12: 1 | K12: 1 | L12: 1 | M12: 1 | N12: 1 | O12: 1 | P12: 1 | Q12: 1 | R12: 1 | S12: 1 | T12: 1 | U12: 1 | V12: 1 | W12: 1 | X12: 1 | Y12: 1 | Z12: 1 | AA12: 1 | AB12: 1 | AC12: 1 | AD12: 1 | AE12: 1 | AF12: 1 | AG12: 1 | AH12: 1 | AI12: 1 | AJ12: 1 | AK12: 4 | AL12: 4 | AM12: 4 | AN12: 4 | AO12: 4 | AP12: 4 | AQ12: 4 | AR12: 4 | AS12: 4 | AT12: 4 | AU12: 4 | AV12: 4 | AW12: 4 | AX12: 4 | AY12: 3 | AZ12: 3 | BA12: 3 | BB12: 4 | BC12: 3 | BD12: 4 | BE12: 3 | BF12: 4 | BG12: 4 | BH12: 4 | BI12: 4 | BJ12: 4 | BK12: 4 | BL12: 4 | BM12: 3 | BN12: 3 | BO12: 3 | BP12: 3 | BQ12: 3 | BR12: 3 | BS12: 3 | BT12: 4 | BU12: 3 | BV12: 4 | BW12: 3 | BX12: 4 | BY12: 3 | BZ12: 4 | CA12: 4 | CB12: 4 | CC12: 4 | CD12: 4 | CE12: 4 | CF12: 4 | CG12: 4 | CH12: 4 | CI12: 4 | CJ12: 4 | CK12: 4 | CL12: 4 | CM12: 4 | CN12: 4 | CO12: 4 | CP12: 4 | CQ12: 4 | CR12: 4 | CS12: 4 | CT12: 4 | CU12: 4
A13: 6º ano A | B13: 4 | C13: 4 | D13: 4 | E13: 3 | F13: 4 | G13: 3 | H13: 3 | I13: 2 | J13: 2 | K13: 2 | L13: 2 | M13: 2 | N13: 2 | O13: 2 | P13: 4 | Q13: 4 | R13: 4 | S13: 4 | T13: 4 | U13: 4 | V13: 4 | W13: 4 | X13: 4 | Y13: 4 | Z13: 4 | AA13: 4 | AB13: 4 | AC13: 4 | AD13: 2 | AE13: 2 | AF13: 2 | AG13: 2 | AH13: 3 | AI13: 2 | AJ13: 2 | AK13: 4 | AL13: 4 | AM13: 4 | AN13: 4 | AO13: 4 | AP13: 4 | AQ13: 4 | AR13: 3 | AS13: 2 | AT13: 3 | AU13: 3 | AV13: 3 | AW13: 3 | AX13: 3 | AY13: 2 | AZ13: 3 | BA13: 3 | BB13: 3 | BC13: 3 | BD13: 3 | BE13: 3 | BF13: 4 | BG13: 4 | BH13: 4 | BI13: 4 | BJ13: 4 | BK13: 4 | BL13: 4 | BM13: 4 | BN13: 4 | BO13: 4 | BP13: 4 | BQ13: 4 | BR13: 4 | BS13: 4 | BT13: 4 | BU13: 4 | BV13: 4 | BW13: 4 | BX13: 4 | BY13: 4 | BZ13: 4 | CA13: 4 | CB13: 4 | CC13: 4 | CD13: 3 | CE13: 4 | CF13: 4 | CG13: 4 | CH13: 4 | CI13: 4 | CJ13: 3 | CK13: 4 | CL13: 4 | CM13: 4 | CN13: 4 | CO13: 3 | CP13: 4 | CQ13: 3 | CR13: 4 | CS13: 3 | CT13: 4 | CU13: 3
A14: 6º ano A | B14: 3 | C14: 4 | D14: 3 | E14: 4 | F14: 3 | G14: 4 | H14: 3 | I14: 2 | J14: 2 | K14: 2 | L14: 3 | M14: 3 | N14: 2 | O14: 3 | P14: 2 | Q14: 2 | R14: 3 | S14: 3 | T14: 2 | U14: 3 | V14: 3 | W14: 2 | X14: 2 | Y14: 2 | Z14: 2 | AA14: 2 | AB14: 2 | AC14: 2 | AD14: 3 | AE14: 3 | AF14: 3 | AG14: 3 | AH14: 3 | AI14: 3 | AJ14: 3 | AK14: 4 | AL14: 4 | AM14: 4 | AN14: 4 | AO14: 4 | AP14: 4 | AQ14: 4 | AR14: 3 | AS14: 3 | AT14: 3 | AU14: 2 | AV14: 3 | AW14: 3 | AX14: 3 | AY14: 2 | AZ14: 2 | BA14: 2 | BB14: 2 | BC14: 2 | BD14: 2 | BE14: 2 | BF14: 4 | BG14: 4 | BH14: 4 | BI14: 4 | BJ14: 4 | BK14: 4 | BL14: 4 | BM14: 4 | BN14: 4 | BO14: 4 | BP14: 4 | BQ14: 4 | BR14: 4 | BS14: 4 | BT14: 4 | BU14: 4 | BV14: 4 | BW14: 4 | BX14: 4 | BY14: 4 | BZ14: 4 | CA14: 4 | CB14: 4 | CC14: 4 | CD14: 4 | CE14: 4 | CF14: 4 | CG14: 4 | CH14: 4 | CI14: 4 | CJ14: 4 | CK14: 4 | CL14: 4 | CM14: 4 | CN14: 4 | CO14: 4 | CP14: 4 | CQ14: 4 | CR14: 4 | CS14: 4 | CT14: 4 | CU14: 4
A15: 6º ano A | B15: 4 | C15: 4 | D15: 4 | E15: 4 | F15: 4 | G15: 3 | H15: 4 | I15: 3 | J15: 3 | K15: 2 | L15: 3 | M15: 4 | N15: 3 | O15: 4 | P15: 4 | Q15: 4 | R15: 4 | S15: 4 | T15: 4 | U15: 4 | V15: 4 | W15: 4 | X15: 4 | Y15: 4 | Z15: 4 | AA15: 4 | AB15: 4 | AC15: 4 | AD15: 2 | AE15: 2 | AF15: 4 | AG15: 4 | AH15: 4 | AI15: 2 | AJ15: 4 | AK15: 4 | AL15: 4 | AM15: 4 | AN15: 4 | AO15: 4 | AP15: 4 | AQ15: 4 | AR15: 4 | AS15: 4 | AT15: 4 | AU15: 4 | AV15: 4 | AW15: 4 | AX15: 4 | AY15: 3 | AZ15: 2 | BA15: 3 | BB15: 4 | BC15: 4 | BD15: 3 | BE15: 4 | BF15: 4 | BG15: 4 | BH15: 4 | BI15: 4 | BJ15: 4 | BK15: 4 | BL15: 4 | BM15: 4 | BN15: 4 | BO15: 3 | BP15: 4 | BQ15: 2 | BR15: 4 | BS15: 3 | BT15: 4 | BU15: 4 | BV15: 4 | BW15: 4 | BX15: 4 | BY15: 4 | BZ15: 4 | CA15: 3 | CB15: 2 | CC15: 2 | CD15: 4 | CE15: 4 | CF15: 3 | CG15: 3 | CH15: 4 | CI15: 4 | CJ15: 4 | CK15: 4 | CL15: 4 | CM15: 4 | CN15: 4 | CO15: 4 | CP15: 3 | CQ15: 4 | CR15: 4 | CS15: 4 | CT15: 2 | CU15: 4
A16: 6º ano A | B16: 3 | C16: 3 | D16: 2 | E16: 3 | F16: 3 | G16: 1 | H16: 2 | I16: 1 | J16: 1 | K16: 2 | L16: 2 | M16: 2 | N16: 1 | O16: 2 | P16: 1 | Q16: 2 | R16: 2 | S16: 1 | T16: 1 | U16: 2 | V16: 1 | W16: 4 | X16: 3 | Y16: 3 | Z16: 3 | AA16: 3 | AB16: 2 | AC16: 3 | AD16: 1 | AE16: 2 | AF16: 1 | AG16: 1 | AH16: 1 | AI16: 1 | AJ16: 1 | AK16: 3 | AL16: 4 | AM16: 3 | AN16: 2 | AO16: 3 | AP16: 2 | AQ16: 3 | AR16: 1 | AS16: 3 | AT16: 1 | AU16: 2 | AV16: 1 | AW16: 2 | AX16: 1 | AY16: 2 | AZ16: 1 | BA16: 2 | BB16: 3 | BC16: 4 | BD16: 4 | BE16: 2 | BF16: 3 | BG16: 4 | BH16: 4 | BI16: 4 | BJ16: 3 | BK16: 2 | BL16: 4 | BM16: 3 | BN16: 3 | BO16: 2 | BP16: 3 | BQ16: 4 | BR16: 2 | BS16: 3 | BT16: 4 | BU16: 2 | BV16: 3 | BW16: 3 | BX16: 2 | BY16: 3 | BZ16: 3 | CA16: 4 | CB16: 3 | CC16: 3 | CD16: 3 | CE16: 3 | CF16: 4 | CG16: 3 | CH16: 4 | CI16: 4 | CJ16: 4 | CK16: 4 | CL16: 4 | CM16: 4 | CN16: 4 | CO16: 3 | CP16: 3 | CQ16: 4 | CR16: 3 | CS16: 4 | CT16: 4 | CU16: 4
A17: 6º ano A | B17: 4 | C17: 4 | D17: 3 | E17: 3 | F17: 4 | G17: 2 | H17: 4 | I17: 2 | J17: 2 | K17: 4 | L17: 2 | M17: 4 | N17: 2 | O17: 2 | P17: 4 | Q17: 4 | R17: 4 | S17: 3 | T17: 4 | U17: 3 | V17: 4 | W17: 4 | X17: 4 | Y17: 4 | Z17: 4 | AA17: 4 | AB17: 3 | AC17: 4 | AD17: 3 | AE17: 3 | AF17: 2 | AG17: 3 | AH17: 4 | AI17: 2 | AJ17: 3 | AK17: 4 | AL17: 4 | AM17: 4 | AN17: 3 | AO17: 4 | AP17: 3 | AQ17: 4 | AR17: 3 | AS17: 4 | AT17: 3 | AU17: 4 | AV17: 4 | AW17: 3 | AX17: 3 | AY17: 4 | AZ17: 4 | BA17: 4 | BB17: 4 | BC17: 4 | BD17: 4 | BE17: 4 | BF17: 4 | BG17: 4 | BH17: 4 | BI17: 4 | BJ17: 4 | BK17: 4 | BL17: 4 | BM17: 4 | BN17: 4 | BO17: 3 | BP17: 4 | BQ17: 4 | BR17: 4 | BS17: 4 | BT17: 3 | BU17: 3 | BV17: 4 | BW17: 4 | BX17: 4 | BY17: 3 | BZ17: 4 | CA17: 4 | CB17: 4 | CC17: 4 | CD17: 4 | CE17: 4 | CF17: 4 | CG17: 4 | CH17: 4 | CI17: 4 | CJ17: 4 | CK17: 4 | CL17: 4 | CM17: 4 | CN17: 4 | CO17: 4 | CP17: 4 | CQ17: 4 | CR17: 4 | CS17: 4 | CT17: 4 | CU17: 4
A18: 6º ano A | B18: 3 | C18: 3 | D18: 3 | E18: 3 | F18: 3 | G18: 3 | H18: 3 | I18: 2 | J18: 1 | K18: 2 | L18: 2 | M18: 3 | N18: 2 | O18: 2 | P18: 3 | Q18: 3 | R18: 3 | S18: 3 | T18: 3 | U18: 3 | V18: 3 | W18: 4 | X18: 4 | Y18: 4 | Z18: 4 | AA18: 4 | AB18: 4 | AC18: 4 | AD18: 2 | AE18: 1 | AF18: 2 | AG18: 2 | AH18: 4 | AI18: 2 | AJ18: 1 | AK18: 4 | AL18: 3 | AM18: 3 | AN18: 3 | AO18: 3 | AP18: 3 | AQ18: 3 | AR18: 3 | AS18: 2 | AT18: 2 | AU18: 2 | AV18: 4 | AW18: 2 | AX18: 3 | AY18: 3 | AZ18: 3 | BA18: 2 | BB18: 4 | BC18: 4 | BD18: 4 | BE18: 4 | BF18: 4 | BG18: 4 | BH18: 4 | BI18: 4 | BJ18: 4 | BK18: 4 | BL18: 4 | BM18: 4 | BN18: 4 | BO18: 4 | BP18: 4 | BQ18: 4 | BR18: 4 | BS18: 4 | BT18: 4 | BU18: 4 | BV18: 4 | BW18: 4 | BX18: 4 | BY18: 4 | BZ18: 4 | CA18: 4 | CB18: 4 | CC18: 4 | CD18: 4 | CE18: 4 | CF18: 4 | CG18: 4 | CH18: 4 | CI18: 4 | CJ18: 4 | CK18: 4 | CL18: 4 | CM18: 4 | CN18: 4 | CO18: 4 | CP18: 3 | CQ18: 4 | CR18: 4 | CS18: 4 | CT18: 3 | CU18: 3
A19: 6º ano A | B19: 3 | C19: 3 | D19: 4 | E19: 2 | F19: 4 | G19: 2 | H19: 4 | I19: 4 | J19: 2 | K19: 3 | L19: 3 | M19: 4 | N19: 2 | O19: 3 | P19: 1 | Q19: 1 | R19: 3 | S19: 3 | T19: 2 | U19: 2 | V19: 2 | W19: 4 | X19: 4 | Y19: 4 | Z19: 4 | AA19: 4 | AB19: 4 | AC19: 4 | AD19: 2 | AE19: 1 | AF19: 3 | AG19: 3 | AH19: 4 | AI19: 3 | AJ19: 4 | AK19: 3 | AL19: 3 | AM19: 2 | AN19: 3 | AO19: 2 | AQ19: 3 | AR19: 2 | AS19: 4 | AT19: 4 | AU19: 2 | AV19: 4 | AW19: 3 | AX19: 4 | AY19: 1 | AZ19: 1 | BA19: 1 | BB19: 3 | BC19: 3 | BD19: 2 | BE19: 1 | BF19: 4 | BG19: 4 | BH19: 4 | BI19: 4 | BJ19: 4 | BK19: 4 | BL19: 4 | BM19: 2 | BN19: 3 | BO19: 4 | BP19: 4 | BQ19: 2 | BR19: 4 | BS19: 1 | BT19: 4 | BU19: 4 | BV19: 4 | BW19: 3 | BX19: 3 | BY19: 3 | BZ19: 4 | CA19: 2 | CB19: 2 | CC19: 3 | CD19: 3 | CE19: 3 | CF19: 4 | CG19: 4 | CH19: 3 | CI19: 1 | CJ19: 3 | CK19: 2 | CL19: 4 | CM19: 3 | CN19: 4 | CO19: 2 | CP19: 1 | CQ19: 1 | CR19: 1 | CS19: 1 | CT19: 1 | CU19: 1
A20: 6º ano A | B20: 2 | C20: 3 | D20: 4 | E20: 2 | F20: 4 | G20: 3 | H20: 3 | I20: 3 | J20: 2 | K20: 1 | L20: 4 | M20: 3 | N20: 2 | O20: 3 | P20: 3 | Q20: 2 | R20: 2 | S20: 4 | T20: 3 | U20: 1 | V20: 2 | W20: 3 | X20: 4 | Y20: 4 | Z20: 4 | AA20: 4 | AB20: 4 | AC20: 4 | AD20: 4 | AE20: 1 | AF20: 2 | AG20: 4 | AH20: 2 | AI20: 1 | AJ20: 1 | AK20: 2 | AL20: 3 | AM20: 4 | AN20: 3 | AO20: 3 | AP20: 3 | AQ20: 3 | AR20: 4 | AS20: 2 | AT20: 3 | AU20: 4 | AV20: 3 | AW20: 3 | AX20: 3 | AY20: 2 | AZ20: 3 | BA20: 3 | BB20: 4 | BC20: 3 | BD20: 4 | BE20: 3 | BF20: 1 | BG20: 4 | BH20: 4 | BI20: 4 | BJ20: 4 | BK20: 4 | BL20: 4 | BM20: 4 | BN20: 2 | BO20: 3 | BP20: 4 | BQ20: 4 | BR20: 4 | BS20: 4 | BT20: 2 | BU20: 4 | BV20: 4 | BW20: 4 | BX20: 3 | BY20: 3 | BZ20: 4 | CA20: 3 | CB20: 3 | CC20: 4 | CD20: 4 | CE20: 4 | CF20: 4 | CG20: 4 | CH20: 1 | CI20: 4 | CJ20: 4 | CK20: 4 | CL20: 4 | CM20: 4 | CN20: 4 | CO20: 2 | CP20: 3 | CQ20: 4 | CR20: 4 | CS20: 4 | CT20: 4 | CU20: 4
A21: 6º ano A | B21: 2 | C21: 2 | D21: 3 | E21: 2 | F21: 2 | G21: 2 | H21: 4 | I21: 2 | J21: 1 | K21: 2 | L21: 2 | M21: 2 | N21: 2 | O21: 4 | P21: 3 | Q21: 3 | R21: 2 | S21: 3 | T21: 3 | U21: 2 | V21: 4 | W21: 4 | X21: 2 | Y21: 4 | Z21: 3 | AA21: 2 | AB21: 3 | AC21: 3 | AD21: 1 | AE21: 1 | AF21: 1 | AG21: 1 | AH21: 1 | AI21: 1 | AJ21: 1 | AK21: 1 | AL21: 2 | AM21: 2 | AN21: 2 | AO21: 2 | AP21: 2 | AQ21: 4 | AR21: 2 | AS21: 4 | AT21: 3 | AU21: 1 | AV21: 1 | AW21: 1 | AX21: 3 | AY21: 2 | AZ21: 1 | BA21: 2 | BB21: 4 | BC21: 3 | BD21: 4 | BE21: 4 | BF21: 1 | BG21: 4 | BH21: 4 | BI21: 4 | BJ21: 1 | BK21: 4 | BL21: 4 | BM21: 4 | BN21: 4 | BO21: 1 | BP21: 4 | BQ21: 1 | BR21: 4 | BS21: 4 | BT21: 4 | BU21: 2 | BV21: 4 | BW21: 4 | BX21: 2 | BY21: 3 | BZ21: 4 | CA21: 1 | CB21: 1 | CC21: 1 | CD21: 2 | CE21: 1 | CF21: 4 | CG21: 2 | CH21: 4 | CI21: 4 | CJ21: 4 | CK21: 4 | CL21: 4 | CM21: 2 | CN21: 4 | CO21: 2 | CP21: 2 | CQ21: 4 | CR21: 4 | CS21: 3 | CT21: 4 | CU21: 4
A22: 6º ano A | C22: 3 | D22: 4 | E22: 3 | F22: 2 | H22: 3 | I22: 4 | J22: 4 | K22: 4 | L22: 4 | M22: 3 | N22: 4 | O22: 3 | P22: 4 | Q22: 4 | R22: 4 | S22: 3 | T22: 2 | U22: 4 | V22: 4 | W22: 4 | X22: 4 | Y22: 4 | Z22: 4 | AA22: 4 | AB22: 4 | AC22: 4 | AD22: 1 | AE22: 4 | AF22: 2 | AG22: 4 | AH22: 1 | AI22: 2 | AJ22: 3 | AK22: 4 | AL22: 4 | AM22: 4 | AN22: 4 | AO22: 4 | AP22: 4 | AQ22: 4 | AR22: 2 | AS22: 3 | AT22: 4 | AU22: 1 | AV22: 4 | AW22: 3 | AX22: 4 | AY22: 1 | AZ22: 4 | BA22: 4 | BB22: 3 | BC22: 3 | BD22: 4 | BE22: 2 | BF22: 4 | BG22: 4 | BH22: 4 | BI22: 4 | BJ22: 4 | BK22: 4 | BL22: 4 | BM22: 4 | BN22: 4 | BO22: 4 | BP22: 4 | BQ22: 4 | BR22: 4 | BS22: 4 | BT22: 4 | BU22: 4 | BV22: 4 | BW22: 4 | BX22: 4 | BY22: 4 | BZ22: 4 | CA22: 4 | CB22: 4 | CC22: 4 | CD22: 4 | CE22: 4 | CF22: 4 | CG22: 4 | CH22: 4 | CI22: 4 | CJ22: 4 | CK22: 4 | CL22: 4 | CM22: 4 | CN22: 4 | CO22: 4 | CP22: 4 | CQ22: 4 | CR22: 4 | CS22: 4 | CT22: 4 | CU22: 4
A23: 6º ano A | B23: 4 | C23: 4 | D23: 4 | E23: 3 | F23: 3 | G23: 3 | H23: 4 | I23: 2 | J23: 1 | K23: 2 | L23: 3 | M23: 3 | N23: 3 | O23: 4 | P23: 4 | Q23: 3 | R23: 4 | S23: 3 | T23: 3 | U23: 3 | V23: 4 | W23: 4 | X23: 4 | Y23: 4 | Z23: 3 | AA23: 3 | AB23: 3 | AC23: 4 | AD23: 4 | AE23: 3 | AF23: 4 | AG23: 3 | AH23: 4 | AI23: 3 | AJ23: 4 | AK23: 4 | AL23: 4 | AM23: 4 | AN23: 3 | AO23: 4 | AP23: 3 | AQ23: 4 | AR23: 3 | AS23: 4 | AT23: 4 | AU23: 3 | AV23: 4 | AW23: 3 | AX23: 4 | AY23: 4 | AZ23: 4 | BA23: 4 | BB23: 4 | BC23: 4 | BD23: 4 | BE23: 4 | BF23: 4 | BG23: 4 | BH23: 4 | BI23: 4 | BJ23: 4 | BK23: 4 | BL23: 4 | BM23: 3 | BN23: 3 | BO23: 2 | BP23: 2 | BQ23: 1 | BR23: 1 | BS23: 2 | BT23: 4 | BU23: 4 | BV23: 4 | BW23: 4 | BX23: 4 | BY23: 4 | BZ23: 4 | CA23: 4 | CB23: 4 | CC23: 4 | CD23: 4 | CE23: 4 | CF23: 4 | CG23: 4 | CH23: 4 | CI23: 4 | CJ23: 4 | CK23: 2 | CL23: 4 | CM23: 2 | CN23: 4 | CO23: 3 | CP23: 1 | CQ23: 2 | CR23: 3 | CS23: 4 | CT23: 3 | CU23: 3
A24: 6º ano A | B24: 4 | C24: 3 | E24: 3 | F24: 3 | G24: 3 | H24: 3 | I24: 2 | J24: 2 | K24: 3 | L24: 2 | M24: 3 | N24: 1 | O24: 3 | P24: 3 | Q24: 3 | R24: 4 | S24: 3 | T24: 2 | U24: 3 | V24: 3 | W24: 3 | X24: 3 | Y24: 3 | Z24: 3 | AA24: 4 | AB24: 4 | AC24: 3 | AD24: 2 | AE24: 2 | AF24: 2 | AG24: 3 | AH24: 2 | AI24: 2 | AJ24: 2 | AK24: 4 | AL24: 3 | AM24: 4 | AN24: 3 | AO24: 4 | AP24: 2 | AQ24: 3 | AR24: 4 | AS24: 4 | AT24: 4 | AV24: 4 | AW24: 4 | AX24: 3 | AY24: 4 | AZ24: 4 | BA24: 3 | BB24: 2 | BC24: 2 | BD24: 2 | BE24: 2 | BF24: 4 | BG24: 3 | BH24: 4 | BI24: 2 | BJ24: 4 | BK24: 4 | BL24: 4 | BM24: 2 | BN24: 2 | BO24: 3 | BP24: 3 | BQ24: 3 | BR24: 2 | BS24: 1 | BT24: 4 | BU24: 4 | BV24: 4 | BW24: 4 | BX24: 4 | BY24: 4 | BZ24: 4 | CA24: 4 | CB24: 4 | CC24: 4 | CD24: 4 | CE24: 4 | CF24: 3 | CG24: 4 | CH24: 3 | CI24: 3 | CJ24: 4 | CK24: 3 | CL24: 4 | CM24: 3 | CN24: 4 | CO24: 3 | CP24: 3 | CQ24: 2 | CS24: 1 | CT24: 2 | CU24: 4
A25: 6º ano A | B25: 4 | C25: 4 | D25: 4 | E25: 4 | F25: 4 | G25: 2 | H25: 4 | I25: 3 | J25: 1 | K25: 3 | L25: 4 | M25: 1 | N25: 3 | O25: 3 | P25: 4 | Q25: 4 | R25: 4 | S25: 4 | T25: 4 | U25: 3 | V25: 4 | W25: 4 | X25: 4 | Y25: 4 | Z25: 4 | AA25: 4 | AB25: 4 | AC25: 4 | AD25: 3 | AE25: 2 | AF25: 3 | AG25: 4 | AH25: 4 | AI25: 3 | AJ25: 4 | AK25: 4 | AL25: 4 | AM25: 3 | AN25: 4 | AO25: 4 | AP25: 4 | AQ25: 4 | AR25: 4 | AS25: 4 | AT25: 4 | AU25: 3 | AV25: 4 | AW25: 3 | AX25: 4 | AY25: 4 | AZ25: 2 | BA25: 3 | BB25: 4 | BC25: 4 | BD25: 4 | BE25: 3 | BF25: 4 | BG25: 4 | BH25: 4 | BI25: 4 | BK25: 4 | BM25: 4 | BN25: 4 | BO25: 2 | BP25: 4 | BQ25: 4 | BR25: 3 | BS25: 4 | BT25: 4 | BU25: 4 | BV25: 4 | BW25: 4 | BX25: 4 | BY25: 4 | BZ25: 4 | CA25: 4 | CB25: 4 | CC25: 4 | CD25: 4 | CE25: 4 | CF25: 4 | CG25: 4 | CH25: 4 | CI25: 4 | CJ25: 4 | CK25: 2 | CL25: 4 | CM25: 3 | CN25: 4 | CO25: 4 | CP25: 3 | CQ25: 4 | CR25: 4 | CS25: 4 | CT25: 4 | CU25: 4
A26: 6º ano A | B26: 2 | C26: 1 | D26: 3 | E26: 3 | F26: 1 | G26: 1 | H26: 2 | I26: 1 | J26: 1 | K26: 1 | L26: 2 | M26: 3 | N26: 2 | O26: 1 | P26: 4 | Q26: 4 | R26: 4 | S26: 3 | T26: 3 | U26: 3 | V26: 4 | W26: 4 | X26: 4 | Y26: 4 | Z26: 3 | AA26: 4 | AB26: 3 | AC26: 4 | AD26: 4 | AE26: 1 | AF26: 4 | AG26: 4 | AH26: 4 | AI26: 2 | AJ26: 4 | AK26: 4 | AL26: 4 | AM26: 4 | AN26: 4 | AO26: 4 | AP26: 2 | AQ26: 3 | AR26: 3 | AS26: 2 | AT26: 4 | AU26: 1 | AV26: 4 | AW26: 3 | AX26: 2 | AY26: 4 | AZ26: 1 | BA26: 4 | BB26: 4 | BC26: 4 | BD26: 4 | BE26: 4 | BF26: 4 | BG26: 4 | BH26: 4 | BI26: 4 | BJ26: 4 | BK26: 4 | BL26: 4 | BM26: 4 | BN26: 2 | BO26: 3 | BP26: 4 | BQ26: 4 | BR26: 4 | BS26: 4 | BT26: 4 | BU26: 1 | BV26: 4 | BW26: 3 | BX26: 4 | BY26: 2 | BZ26: 4 | CA26: 4 | CB26: 4 | CC26: 4 | CD26: 4 | CE26: 4 | CF26: 4 | CG26: 1 | CH26: 4 | CI26: 1 | CJ26: 4 | CK26: 4 | CL26: 4 | CM26: 3 | CN26: 2 | CO26: 1 | CP26: 1 | CQ26: 1 | CR26: 3 | CS26: 4 | CT26: 1 | CU26: 1
A27: 6º ano A | B27: 3 | C27: 3 | D27: 3 | E27: 3 | F27: 2 | G27: 2 | H27: 3 | I27: 4 | J27: 3 | K27: 4 | L27: 4 | M27: 4 | N27: 3 | O27: 4 | P27: 4 | Q27: 4 | R27: 3 | S27: 3 | T27: 4 | U27: 3 | V27: 4 | W27: 4 | X27: 4 | Y27: 4 | Z27: 4 | AA27: 4 | AB27: 4 | AC27: 4 | AD27: 3 | AE27: 2 | AF27: 3 | AG27: 3 | AH27: 3 | AI27: 2 | AJ27: 3 | AK27: 3 | AL27: 4 | AM27: 4 | AN27: 4 | AO27: 3 | AP27: 3 | AQ27: 4 | AR27: 3 | AS27: 3 | AT27: 3 | AU27: 2 | AV27: 3 | AW27: 2 | AX27: 4 | AY27: 2 | AZ27: 2 | BA27: 2 | BB27: 3 | BC27: 4 | BD27: 4 | BE27: 2 | BF27: 4 | BG27: 4 | BH27: 4 | BI27: 4 | BJ27: 4 | BK27: 4 | BL27: 4 | BM27: 2 | BN27: 3 | BO27: 3 | BP27: 3 | BQ27: 1 | BR27: 2 | BS27: 2 | BT27: 3 | BU27: 3 | BV27: 4 | BW27: 3 | BX27: 4 | BY27: 3 | BZ27: 3 | CA27: 3 | CB27: 3 | CC27: 4 | CD27: 4 | CE27: 4 | CF27: 4 | CG27: 4 | CH27: 3 | CI27: 3 | CJ27: 3 | CK27: 3 | CL27: 3 | CM27: 2 | CN27: 3 | CO27: 2 | CP27: 2 | CQ27: 3 | CR27: 2 | CS27: 3 | CT27: 2 | CU27: 2
A28: 6º ano B | B28: 4 | C28: 4 | D28: 4 | E28: 4 | F28: 4 | G28: 3 | H28: 4 | I28: 1 | J28: 1 | K28: 1 | L28: 1 | M28: 1 | N28: 1 | O28: 1 | P28: 4 | Q28: 4 | R28: 4 | S28: 4 | T28: 4 | U28: 4 | V28: 4 | W28: 4 | X28: 4 | Y28: 4 | Z28: 4 | AA28: 4 | AB28: 4 | AC28: 4 | AD28: 2 | AE28: 1 | AF28: 1 | AG28: 1 | AH28: 1 | AI28: 1 | AJ28: 3 | AK28: 3 | AL28: 3 | AM28: 3 | AN28: 3 | AO28: 3 | AP28: 3 | AQ28: 3 | AR28: 3 | AS28: 3 | AT28: 3 | AU28: 3 | AV28: 3 | AW28: 3 | AX28: 3 | AY28: 1 | AZ28: 1 | BA28: 1 | BB28: 3 | BC28: 3 | BD28: 1 | BE28: 1 | BF28: 4 | BG28: 4 | BH28: 4 | BI28: 4 | BJ28: 4 | BK28: 4 | BL28: 4 | BM28: 4 | BN28: 4 | BO28: 4 | BP28: 4 | BQ28: 4 | BR28: 4 | BS28: 4 | BT28: 4 | BU28: 4 | BV28: 4 | BW28: 4 | BX28: 4 | BY28: 4 | BZ28: 4 | CA28: 4 | CB28: 4 | CC28: 4 | CD28: 4 | CE28: 4 | CF28: 4 | CG28: 4 | CH28: 4 | CI28: 4 | CJ28: 4 | CK28: 4 | CL28: 4 | CM28: 4 | CN28: 4 | CO28: 4 | CP28: 4 | CQ28: 4 | CR28: 4 | CS28: 4 | CT28: 4 | CU28: 4
A29: 6º ano B | B29: 4 | C29: 4 | D29: 4 | E29: 4 | F29: 4 | G29: 4 | H29: 4 | I29: 4 | J29: 4 | K29: 4 | L29: 4 | M29: 4 | N29: 4 | O29: 4 | P29: 4 | Q29: 4 | R29: 3 | S29: 4 | T29: 3 | U29: 4 | V29: 4 | W29: 4 | X29: 4 | Y29: 4 | Z29: 4 | AA29: 4 | AB29: 4 | AC29: 4 | AD29: 3 | AE29: 4 | AF29: 4 | AG29: 4 | AH29: 3 | AI29: 4 | AJ29: 4 | AK29: 4 | AL29: 4 | AM29: 4 | AN29: 4 | AO29: 4 | AP29: 4 | AQ29: 4 | AR29: 3 | AS29: 3 | AT29: 3 | AU29: 3 | AV29: 3 | AW29: 3 | AX29: 3 | AY29: 4 | AZ29: 4 | BA29: 4 | BB29: 4 | BC29: 4 | BD29: 4 | BE29: 4 | BF29: 3 | BG29: 3 | BH29: 3 | BI29: 3 | BJ29: 3 | BK29: 3 | BL29: 3 | BM29: 4 | BN29: 4 | BO29: 4 | BP29: 4 | BQ29: 4 | BR29: 4 | BS29: 4 | BT29: 4 | BU29: 4 | BV29: 4 | BW29: 4 | BX29: 4 | BY29: 4 | BZ29: 4 | CA29: 3 | CB29: 4 | CC29: 4 | CD29: 3 | CE29: 4 | CF29: 4 | CG29: 4 | CH29: 4 | CI29: 4 | CJ29: 4 | CK29: 4 | CL29: 4 | CM29: 4 | CN29: 4 | CO29: 2 | CP29: 3 | CQ29: 4 | CR29: 3 | CS29: 3 | CT29: 3 | CU29: 4
A30: 6º ano B | B30: 3 | C30: 3 | D30: 3 | E30: 2 | F30: 4 | G30: 2 | H30: 2 | I30: 2 | J30: 1 | K30: 2 | L30: 1 | M30: 3 | N30: 1 | O30: 2 | P30: 4 | Q30: 4 | R30: 4 | S30: 4 | T30: 4 | U30: 4 | V30: 4 | W30: 4 | X30: 4 | Y30: 4 | Z30: 4 | AA30: 4 | AB30: 4 | AC30: 4 | AD30: 1 | AE30: 2 | AF30: 1 | AG30: 2 | AH30: 1 | AI30: 2 | AJ30: 1 | AK30: 2 | AL30: 2 | AM30: 1 | AN30: 2 | AO30: 2 | AP30: 1 | AQ30: 2 | AR30: 3 | AS30: 4 | AT30: 3 | AU30: 4 | AV30: 3 | AW30: 4 | AX30: 3 | AY30: 3 | AZ30: 3 | BA30: 3 | BB30: 3 | BC30: 3 | BD30: 3 | BE30: 3 | BF30: 4 | BG30: 4 | BH30: 3 | BI30: 4 | BJ30: 4 | BK30: 3 | BL30: 4 | BM30: 4 | BN30: 4 | BO30: 4 | BP30: 3 | BQ30: 4 | BR30: 4 | BS30: 4 | BT30: 4 | BU30: 4 | BV30: 4 | BW30: 4 | BX30: 4 | BY30: 4 | BZ30: 4 | CA30: 4 | CB30: 4 | CC30: 3 | CD30: 4 | CE30: 4 | CF30: 3 | CG30: 4 | CH30: 4 | CI30: 3 | CJ30: 4 | CK30: 3 | CL30: 4 | CM30: 3 | CN30: 4 | CO30: 2 | CP30: 2 | CQ30: 1 | CR30: 2 | CS30: 2 | CT30: 1
A31: 6º ano B | B31: 2 | C31: 3 | D31: 2 | E31: 4 | F31: 4 | G31: 3 | H31: 4 | I31: 4 | J31: 2 | K31: 3 | L31: 4 | M31: 4 | N31: 2 | O31: 4 | P31: 3 | Q31: 4 | R31: 3 | S31: 4 | T31: 3 | U31: 3 | V31: 4 | W31: 4 | X31: 4 | Y31: 4 | Z31: 4 | AA31: 4 | AB31: 4 | AC31: 4 | AD31: 2 | AE31: 1 | AF31: 3 | AG31: 4 | AH31: 4 | AI31: 2 | AJ31: 4 | AK31: 4 | AL31: 4 | AM31: 4 | AN31: 4 | AO31: 4 | AP31: 4 | AQ31: 4 | AR31: 3 | AS31: 2 | AT31: 2 | AU31: 4 | AV31: 4 | AW31: 2 | AX31: 4 | AY31: 4 | AZ31: 3 | BA31: 3 | BB31: 4 | BC31: 4 | BD31: 4 | BE31: 3 | BF31: 4 | BG31: 4 | BH31: 4 | BI31: 4 | BJ31: 4 | BK31: 4 | BL31: 4 | BM31: 3 | BN31: 4 | BO31: 1 | BP31: 4 | BQ31: 2 | BR31: 2 | BS31: 2 | BT31: 4 | BU31: 4 | BV31: 4 | BW31: 4 | BX31: 4 | BY31: 4 | BZ31: 4 | CA31: 4 | CB31: 4 | CC31: 4 | CD31: 4 | CE31: 4 | CF31: 4 | CG31: 4 | CH31: 4 | CI31: 4 | CJ31: 4 | CK31: 4 | CL31: 4 | CM31: 4 | CN31: 4 | CO31: 3 | CP31: 4 | CQ31: 3 | CR31: 4 | CS31: 3 | CT31: 4 | CU31: 3
A32: 6º ano B | B32: 3 | C32: 3 | D32: 3 | E32: 3 | F32: 3 | G32: 3 | H32: 3 | I32: 1 | J32: 1 | K32: 1 | L32: 1 | M32: 1 | N32: 1 | O32: 1 | P32: 4 | Q32: 4 | R32: 4 | S32: 3 | T32: 3 | U32: 3 | V32: 4 | W32: 3 | X32: 3 | Y32: 3 | Z32: 3 | AA32: 3 | AB32: 3 | AC32: 3 | AD32: 2 | AE32: 2 | AF32: 2 | AG32: 2 | AH32: 2 | AI32: 2 | AJ32: 2 | AK32: 3 | AL32: 3 | AM32: 3 | AN32: 3 | AO32: 3 | AP32: 3 | AQ32: 3 | AR32: 3 | AS32: 3 | AT32: 3 | AU32: 3 | AV32: 3 | AW32: 3 | AX32: 3 | AY32: 1 | AZ32: 1 | BA32: 1 | BB32: 1 | BC32: 3 | BD32: 2 | BE32: 3 | BF32: 4 | BG32: 4 | BH32: 4 | BI32: 4 | BJ32: 4 | BK32: 4 | BL32: 4 | BM32: 4 | BN32: 4 | BO32: 4 | BP32: 4 | BQ32: 4 | BR32: 4 | BS32: 4 | BT32: 3 | BU32: 3 | BV32: 3 | BW32: 4 | BX32: 4 | BY32: 4 | BZ32: 4 | CA32: 3 | CB32: 3 | CC32: 3 | CD32: 3 | CE32: 3 | CF32: 3 | CG32: 3 | CH32: 4 | CI32: 4 | CJ32: 4 | CK32: 4 | CL32: 4 | CM32: 4 | CN32: 4 | CO32: 1 | CP32: 1 | CQ32: 1 | CR32: 1 | CS32: 1 | CT32: 1 | CU32: 1
A33: 6º ano B | B33: 3 | C33: 2 | D33: 3 | E33: 4 | F33: 4 | G33: 3 | H33: 4 | I33: 3 | J33: 2 | K33: 3 | L33: 2 | M33: 4 | N33: 3 | O33: 4 | P33: 4 | Q33: 4 | R33: 4 | S33: 4 | T33: 4 | U33: 4 | V33: 4 | W33: 4 | X33: 4 | Y33: 4 | Z33: 4 | AA33: 4 | AB33: 4 | AC33: 4 | AD33: 3 | AE33: 2 | AF33: 3 | AG33: 2 | AH33: 4 | AI33: 3 | AJ33: 4 | AK33: 3 | AL33: 4 | AM33: 3 | AN33: 3 | AO33: 4 | AP33: 2 | AQ33: 4 | AR33: 3 | AS33: 4 | AT33: 4 | AU33: 4 | AV33: 4 | AW33: 4 | AX33: 4 | AY33: 2 | AZ33: 1 | BA33: 1 | BB33: 4 | BC33: 3 | BD33: 4 | BE33: 2 | BF33: 4 | BG33: 4 | BH33: 4 | BI33: 4 | BJ33: 4 | BK33: 4 | BL33: 4 | BM33: 3 | BN33: 4 | BO33: 3 | BP33: 4 | BQ33: 4 | BR33: 3 | BS33: 2 | BT33: 4 | BU33: 4 | BV33: 4 | BW33: 4 | BX33: 4 | BY33: 4 | BZ33: 4 | CA33: 4 | CB33: 4 | CC33: 4 | CD33: 4 | CE33: 4 | CF33: 4 | CG33: 4 | CH33: 3 | CI33: 4 | CJ33: 4 | CK33: 3 | CL33: 2 | CM33: 3 | CN33: 4 | CO33: 4 | CP33: 4 | CQ33: 4 | CR33: 4 | CS33: 4 | CT33: 4 | CU33: 4
A34: 6º ano B | B34: 4 | C34: 3 | D34: 4 | E34: 4 | F34: 4 | G34: 2 | H34: 4 | I34: 2 | J34: 2 | K34: 2 | L34: 4 | M34: 3 | N34: 3 | O34: 2 | P34: 4 | Q34: 4 | R34: 4 | S34: 4 | T34: 4 | U34: 4 | V34: 4 | W34: 4 | X34: 2 | Y34: 3 | Z34: 3 | AA34: 4 | AB34: 2 | AC34: 1 | AD34: 3 | AE34: 3 | AF34: 4 | AG34: 2 | AH34: 3 | AI34: 4 | AJ34: 1 | AK34: 4 | AL34: 4 | AM34: 4 | AN34: 4 | AO34: 4 | AP34: 4 | AQ34: 4 | AR34: 4 | AS34: 4 | AT34: 4 | AU34: 4 | AV34: 4 | AW34: 4 | AX34: 4 | AY34: 4 | AZ34: 4 | BA34: 4 | BB34: 4 | BC34: 4 | BD34: 4 | BE34: 4 | BF34: 2 | BG34: 3 | BH34: 2 | BI34: 3 | BJ34: 2 | BK34: 3 | BL34: 2 | BM34: 4 | BN34: 4 | BO34: 4 | BP34: 4 | BQ34: 4 | BR34: 4 | BS34: 4 | BT34: 4 | BU34: 4 | BV34: 4 | BW34: 4 | BX34: 4 | BY34: 4 | BZ34: 4 | CA34: 4 | CB34: 4 | CC34: 4 | CD34: 4 | CE34: 4 | CF34: 4 | CG34: 4 | CH34: 4 | CI34: 4 | CJ34: 4 | CK34: 4 | CL34: 4 | CM34: 4 | CN34: 4 | CO34: 3 | CP34: 3 | CQ34: 4 | CR34: 3 | CS34: 4 | CT34: 4 | CU34: 4
A35: 6º ano B | B35: 4 | C35: 4 | D35: 4 | E35: 4 | F35: 4 | G35: 4 | H35: 4 | I35: 1 | J35: 1 | K35: 1 | L35: 1 | M35: 1 | N35: 1 | O35: 1 | P35: 3 | Q35: 3 | R35: 3 | S35: 3 | T35: 3 | U35: 3 | V35: 3 | W35: 4 | X35: 4 | Y35: 4 | Z35: 4 | AA35: 4 | AB35: 4 | AC35: 4 | AD35: 2 | AE35: 2 | AF35: 2 | AG35: 2 | AH35: 2 | AI35: 2 | AJ35: 2 | AK35: 3 | AL35: 3 | AM35: 3 | AN35: 3 | AO35: 3 | AP35: 3 | AQ35: 3 | AR35: 3 | AS35: 3 | AT35: 3 | AU35: 3 | AV35: 3 | AW35: 3 | AX35: 3 | AY35: 1 | AZ35: 1 | BA35: 1 | BB35: 1 | BC35: 1 | BD35: 1 | BE35: 1 | BF35: 4 | BG35: 4 | BH35: 4 | BI35: 4 | BJ35: 4 | BK35: 4 | BL35: 4 | BM35: 4 | BN35: 4 | BO35: 4 | BP35: 4 | BQ35: 4 | BR35: 4 | BS35: 4 | BT35: 4 | BU35: 4 | BV35: 4 | BW35: 4 | BX35: 4 | BY35: 4 | BZ35: 4 | CA35: 4 | CB35: 4 | CC35: 4 | CD35: 4 | CE35: 4 | CF35: 4 | CG35: 4 | CH35: 4 | CI35: 4 | CJ35: 4 | CK35: 4 | CL35: 4 | CM35: 4 | CN35: 4 | CO35: 3 | CP35: 4 | CQ35: 3 | CR35: 4 | CS35: 3 | CT35: 4 | CU35: 4
A36: 6º ano B | B36: 4 | C36: 3 | D36: 3 | E36: 4 | F36: 4 | G36: 1 | H36: 4 | I36: 1 | J36: 2 | K36: 1 | L36: 2 | M36: 4 | N36: 1 | O36: 3 | P36: 4 | Q36: 4 | R36: 4 | S36: 4 | T36: 4 | U36: 4 | V36: 4 | W36: 4 | X36: 4 | Y36: 4 | Z36: 4 | AA36: 4 | AB36: 4 | AC36: 4 | AD36: 2 | AE36: 2 | AF36: 3 | AG36: 3 | AH36: 4 | AI36: 2 | AJ36: 2 | AK36: 4 | AL36: 4 | AM36: 2 | AN36: 4 | AO36: 4 | AP36: 4 | AQ36: 4 | AR36: 1 | AS36: 2 | AT36: 2 | AU36: 2 | AV36: 3 | AW36: 1 | AX36: 2 | AY36: 3 | AZ36: 2 | BA36: 3 | BB36: 4 | BC36: 4 | BD36: 3 | BE36: 4 | BF36: 4 | BG36: 4 | BH36: 4 | BI36: 4 | BJ36: 4 | BK36: 4 | BL36: 4 | BM36: 4 | BN36: 4 | BO36: 4 | BP36: 3 | BQ36: 3 | BR36: 3 | BS36: 3 | BT36: 4 | BU36: 4 | BV36: 4 | BW36: 4 | BX36: 4 | BY36: 4 | BZ36: 4 | CA36: 3 | CB36: 3 | CC36: 3 | CD36: 3 | CE36: 3 | CF36: 3 | CG36: 3 | CH36: 4 | CI36: 4 | CJ36: 4 | CK36: 4 | CL36: 4 | CM36: 4 | CN36: 4 | CO36: 2 | CP36: 2 | CQ36: 3 | CR36: 2 | CS36: 4 | CT36: 2 | CU36: 2
A37: 6º ano B | B37: 4 | C37: 3 | D37: 4 | E37: 3 | F37: 4 | G37: 2 | H37: 4 | I37: 3 | J37: 3 | K37: 3 | L37: 4 | M37: 3 | N37: 3 | O37: 3 | P37: 4 | Q37: 4 | R37: 3 | S37: 4 | T37: 3 | U37: 4 | V37: 4 | W37: 4 | X37: 4 | Y37: 4 | Z37: 3 | AA37: 4 | AB37: 4 | AC37: 4 | AD37: 3 | AE37: 2 | AF37: 3 | AG37: 4 | AH37: 3 | AI37: 3 | AJ37: 3 | AK37: 4 | AL37: 4 | AM37: 3 | AN37: 4 | AO37: 3 | AP37: 4 | AQ37: 4 | AR37: 3 | AS37: 2 | AT37: 3 | AU37: 2 | AV37: 2 | AW37: 3 | AX37: 4 | AY37: 3 | AZ37: 2 | BA37: 3 | BB37: 4 | BC37: 4 | BD37: 4 | BE37: 4 | BF37: 4 | BG37: 4 | BH37: 4 | BI37: 2 | BJ37: 4 | BK37: 2 | BL37: 4 | BM37: 4 | BN37: 4 | BO37: 3 | BP37: 4 | BQ37: 4 | BR37: 4 | BS37: 4 | BT37: 4 | BU37: 3 | BV37: 4 | BW37: 4 | BX37: 4 | BY37: 3 | BZ37: 4 | CA37: 3 | CB37: 3 | CC37: 4 | CD37: 4 | CE37: 4 | CF37: 3 | CG37: 4 | CH37: 4 | CI37: 3 | CJ37: 4 | CK37: 3 | CL37: 4 | CM37: 3 | CN37: 4 | CO37: 4 | CP37: 3 | CQ37: 4 | CR37: 3 | CS37: 4 | CT37: 4 | CU37: 4
A38: 6º ano B | B38: 3 | C38: 4 | D38: 4 | E38: 4 | F38: 3 | G38: 2 | H38: 2 | I38: 3 | J38: 1 | K38: 2 | L38: 4 | M38: 4 | N38: 3 | O38: 2 | P38: 4 | Q38: 4 | R38: 4 | S38: 4 | T38: 4 | U38: 4 | V38: 4 | W38: 3 | X38: 2 | Y38: 4 | Z38: 4 | AA38: 4 | AB38: 2 | AC38: 2 | AD38: 3 | AE38: 1 | AF38: 4 | AG38: 4 | AH38: 3 | AI38: 2 | AJ38: 3 | AK38: 4 | AL38: 4 | AM38: 3 | AN38: 4 | AO38: 4 | AP38: 4 | AQ38: 4 | AR38: 3 | AS38: 4 | AT38: 4 | AU38: 2 | AV38: 4 | AW38: 2 | AX38: 2 | AY38: 2 | AZ38: 1 | BA38: 1 | BB38: 4 | BC38: 3 | BD38: 4 | BE38: 2 | BF38: 4 | BG38: 2 | BH38: 4 | BI38: 4 | BJ38: 4 | BK38: 4 | BL38: 4 | BM38: 4 | BN38: 4 | BO38: 3 | BP38: 4 | BQ38: 4 | BR38: 3 | BS38: 4 | BT38: 4 | BU38: 4 | BV38: 4 | BW38: 4 | BX38: 4 | BY38: 4 | BZ38: 4 | CA38: 4 | CB38: 4 | CC38: 4 | CD38: 4 | CE38: 4 | CF38: 4 | CG38: 1 | CH38: 4 | CI38: 4 | CJ38: 4 | CK38: 4 | CL38: 4 | CM38: 4 | CN38: 4 | CO38: 4 | CP38: 4 | CQ38: 4 | CR38: 4 | CS38: 4 | CT38: 4 | CU38: 4
A39: 6º ano B | B39: 2 | C39: 3 | D39: 3 | E39: 1 | F39: 2 | G39: 1 | H39: 3 | I39: 3 | J39: 2 | K39: 2 | L39: 1 | M39: 3 | N39: 2 | O39: 4 | P39: 3 | Q39: 3 | R39: 3 | S39: 3 | T39: 3 | U39: 3 | V39: 3 | W39: 3 | X39: 4 | Y39: 4 | Z39: 3 | AA39: 3 | AB39: 2 | AC39: 4 | AD39: 2 | AE39: 1 | AF39: 2 | AG39: 2 | AH39: 2 | AI39: 1 | AJ39: 4 | AK39: 2 | AL39: 4 | AM39: 3 | AN39: 3 | AO39: 4 | AP39: 2 | AR39: 2 | AS39: 2 | AT39: 3 | AU39: 1 | AV39: 1 | AW39: 1 | AX39: 2 | AY39: 3 | AZ39: 1 | BA39: 3 | BB39: 4 | BC39: 4 | BD39: 4 | BE39: 4 | BF39: 3 | BG39: 4 | BH39: 4 | BI39: 1 | BJ39: 1 | BK39: 1 | BL39: 4 | BM39: 4 | BN39: 2 | BO39: 1 | BP39: 2 | BQ39: 3 | BR39: 1 | BS39: 2 | BT39: 4 | BU39: 4 | BV39: 4 | BW39: 3 | BX39: 4 | BY39: 2 | BZ39: 4 | CA39: 4 | CB39: 4 | CC39: 3 | CD39: 4 | CE39: 4 | CF39: 4 | CG39: 3 | CH39: 4 | CI39: 2 | CJ39: 4 | CK39: 4 | CL39: 4 | CM39: 4 | CN39: 4 | CO39: 2 | CP39: 1 | CQ39: 3 | CR39: 1 | CS39: 2 | CT39: 1 | CU39: 2
A40: 6º ano B | B40: 3 | C40: 3 | D40: 4 | E40: 3 | F40: 4 | G40: 2 | H40: 4 | I40: 4 | J40: 3 | K40: 4 | L40: 4 | M40: 4 | N40: 3 | O40: 3 | P40: 4 | Q40: 3 | R40: 4 | S40: 3 | T40: 4 | U40: 4 | V40: 4 | W40: 4 | X40: 4 | Y40: 4 | Z40: 4 | AA40: 4 | AB40: 3 | AC40: 4 | AD40: 3 | AE40: 2 | AF40: 3 | AG40: 4 | AH40: 3 | AI40: 3 | AJ40: 4 | AK40: 3 | AL40: 4 | AM40: 3 | AN40: 4 | AO40: 4 | AP40: 3 | AQ40: 4 | AR40: 4 | AS40: 3 | AT40: 4 | AU40: 3 | AV40: 4 | AW40: 3 | AX40: 4 | AY40: 4 | AZ40: 4 | BA40: 4 | BB40: 4 | BC40: 4 | BD40: 4 | BE40: 4 | BF40: 3 | BG40: 4 | BH40: 4 | BI40: 2 | BJ40: 4 | BK40: 3 | BL40: 4 | BM40: 4 | BN40: 4 | BO40: 4 | BP40: 4 | BQ40: 4 | BR40: 3 | BS40: 4 | BT40: 4 | BU40: 4 | BV40: 4 | BW40: 4 | BX40: 4 | BY40: 4 | BZ40: 4 | CA40: 4 | CB40: 4 | CC40: 4 | CD40: 4 | CE40: 4 | CF40: 4 | CG40: 4 | CH40: 4 | CI40: 4 | CJ40: 4 | CK40: 4 | CL40: 4 | CM40: 4 | CN40: 4 | CO40: 3 | CP40: 2 | CQ40: 3 | CR40: 3 | CS40: 4 | CT40: 3 | CU40: 4
A41: 6º ano B | B41: 3 | C41: 4 | D41: 3 | E41: 4 | F41: 4 | G41: 4 | H41: 4 | I41: 3 | J41: 2 | K41: 3 | L41: 3 | M41: 2 | N41: 3 | O41: 3 | P41: 3 | Q41: 2 | R41: 4 | S41: 3 | T41: 2 | U41: 3 | V41: 4 | W41: 4 | X41: 2 | Y41: 4 | Z41: 4 | AA41: 2 | AB41: 4 | AC41: 4 | AD41: 3 | AE41: 1 | AF41: 3 | AG41: 4 | AH41: 2 | AI41: 3 | AJ41: 4 | AK41: 4 | AL41: 3 | AM41: 3 | AN41: 3 | AO41: 2 | AP41: 4 | AQ41: 4 | AR41: 2 | AS41: 2 | AT41: 3 | AU41: 3 | AV41: 2 | AW41: 2 | AX41: 3 | AY41: 3 | AZ41: 1 | BA41: 4 | BB41: 4 | BC41: 1 | BD41: 3 | BE41: 3 | BF41: 4 | BG41: 3 | BH41: 4 | BI41: 4 | BJ41: 1 | BK41: 4 | BL41: 4 | BM41: 3 | BN41: 4 | BO41: 4 | BP41: 3 | BQ41: 4 | BR41: 3 | BS41: 3 | BT41: 4 | BU41: 2 | BV41: 4 | BW41: 4 | BX41: 2 | BY41: 3 | BZ41: 4 | CA41: 3 | CB41: 3 | CC41: 3 | CD41: 4 | CE41: 2 | CF41: 4 | CG41: 3 | CH41: 4 | CI41: 3 | CJ41: 4 | CK41: 4 | CL41: 2 | CM41: 3 | CN41: 4 | CO41: 4 | CP41: 2 | CQ41: 4 | CR41: 3 | CS41: 2 | CT41: 4 | CU41: 4
A42: 6º ano B | B42: 3 | C42: 4 | D42: 4 | E42: 2 | F42: 2 | G42: 2 | H42: 3 | I42: 1 | J42: 1 | K42: 1 | L42: 1 | M42: 1 | N42: 1 | O42: 1 | P42: 3 | Q42: 2 | R42: 3 | S42: 3 | T42: 2 | U42: 2 | V42: 2 | W42: 4 | X42: 3 | Y42: 4 | Z42: 4 | AA42: 3 | AB42: 3 | AC42: 3 | AD42: 1 | AE42: 1 | AF42: 2 | AG42: 4 | AH42: 3 | AI42: 2 | AJ42: 3 | AK42: 3 | AL42: 3 | AM42: 2 | AN42: 3 | AO42: 3 | AP42: 3 | AQ42: 3 | AR42: 1 | AS42: 1 | AT42: 1 | AU42: 1 | AV42: 1 | AW42: 1 | AX42: 1 | AY42: 2 | AZ42: 1 | BA42: 3 | BB42: 2 | BC42: 3 | BD42: 4 | BE42: 2 | BF42: 4 | BG42: 3 | BH42: 4 | BI42: 3 | BJ42: 4 | BK42: 2 | BL42: 4 | BM42: 4 | BN42: 4 | BO42: 4 | BP42: 4 | BQ42: 4 | BR42: 4 | BS42: 4 | BT42: 4 | BU42: 3 | BV42: 3 | BW42: 3 | BX42: 4 | BY42: 3 | BZ42: 4 | CA42: 4 | CB42: 3 | CC42: 3 | CD42: 4 | CE42: 4 | CF42: 3 | CG42: 3 | CH42: 4 | CI42: 4 | CJ42: 4 | CK42: 4 | CL42: 4 | CM42: 4 | CN42: 4 | CO42: 1 | CP42: 1 | CQ42: 1 | CR42: 1 | CS42: 1 | CT42: 1 | CU42: 1
A43: 6º ano B | B43: 4 | C43: 3 | D43: 3 | E43: 4 | F43: 2 | G43: 2 | H43: 3 | I43: 3 | J43: 3 | K43: 2 | L43: 4 | M43: 2 | N43: 4 | O43: 3 | P43: 2 | Q43: 2 | R43: 4 | S43: 2 | T43: 2 | U43: 2 | V43: 2 | W43: 4 | X43: 4 | Y43: 4 | Z43: 4 | AA43: 4 | AB43: 4 | AC43: 4 | AD43: 3 | AE43: 3 | AF43: 1 | AG43: 4 | AH43: 3 | AI43: 3 | AJ43: 3 | AK43: 2 | AL43: 2 | AM43: 2 | AN43: 2 | AO43: 2 | AP43: 2 | AQ43: 2 | AR43: 1 | AS43: 1 | AT43: 1 | AU43: 1 | AV43: 1 | AW43: 1 | AX43: 1 | AY43: 3 | AZ43: 3 | BA43: 3 | BB43: 3 | BC43: 3 | BD43: 3 | BE43: 3 | BF43: 4 | BG43: 4 | BH43: 4 | BI43: 4 | BJ43: 4 | BK43: 4 | BL43: 4 | BM43: 2 | BN43: 4 | BO43: 1 | BP43: 1 | BQ43: 1 | BR43: 1 | BS43: 1 | BT43: 3 | BU43: 3 | BV43: 3 | BW43: 3 | BX43: 3 | BY43: 3 | BZ43: 3 | CA43: 3 | CB43: 3 | CC43: 3 | CD43: 3 | CE43: 3 | CF43: 3 | CG43: 3 | CH43: 4 | CI43: 4 | CJ43: 4 | CK43: 3 | CL43: 4 | CM43: 4 | CN43: 4 | CO43: 2 | CP43: 2 | CQ43: 2 | CR43: 2 | CS43: 2 | CT43: 2 | CU43: 2
A44: 6º ano B | B44: 3 | D44: 2 | E44: 2 | F44: 3 | G44: 2 | H44: 4 | I44: 1 | J44: 2 | K44: 2 | L44: 3 | M44: 4 | N44: 2 | O44: 2 | P44: 2 | Q44: 2 | R44: 2 | S44: 3 | T44: 3 | U44: 1 | V44: 2 | W44: 4 | X44: 4 | Y44: 3 | Z44: 3 | AA44: 4 | AB44: 4 | AC44: 4 | AD44: 2 | AE44: 2 | AF44: 1 | AG44: 2 | AH44: 4 | AI44: 3 | AJ44: 2 | AK44: 3 | AL44: 4 | AM44: 3 | AN44: 3 | AO44: 3 | AP44: 3 | AQ44: 4 | AR44: 4 | AS44: 4 | AT44: 3 | AU44: 1 | AV44: 4 | AW44: 4 | AX44: 3 | AY44: 4 | AZ44: 3 | BA44: 3 | BB44: 4 | BC44: 3 | BD44: 4 | BE44: 2 | BF44: 4 | BG44: 4 | BH44: 4 | BI44: 4 | BJ44: 4 | BK44: 4 | BL44: 4 | BM44: 3 | BN44: 2 | BO44: 3 | BP44: 4 | BQ44: 4 | BR44: 2 | BS44: 1 | BT44: 4 | BU44: 4 | BV44: 4 | BW44: 4 | BX44: 4 | BY44: 4 | BZ44: 3 | CA44: 4 | CB44: 3 | CC44: 2 | CE44: 4 | CF44: 4 | CG44: 2 | CH44: 4 | CI44: 4 | CJ44: 4 | CK44: 4 | CL44: 4 | CM44: 4 | CN44: 4 | CO44: 3 | CP44: 3 | CQ44: 2 | CR44: 3 | CS44: 2 | CT44: 3 | CU44: 3
A45: 6º ano B | B45: 3 | C45: 4 | D45: 4 | E45: 2 | F45: 4 | G45: 2 | H45: 4 | I45: 2 | J45: 3 | K45: 4 | L45: 3 | M45: 4 | N45: 2 | O45: 4 | P45: 3 | Q45: 2 | R45: 3 | S45: 3 | T45: 4 | U45: 3 | V45: 3 | W45: 3 | X45: 3 | Y45: 4 | Z45: 4 | AA45: 4 | AB45: 4 | AC45: 4 | AD45: 2 | AE45: 1 | AF45: 4 | AG45: 4 | AH45: 4 | AI45: 3 | AJ45: 4 | AK45: 4 | AL45: 4 | AM45: 3 | AN45: 4 | AO45: 4 | AP45: 4 | AQ45: 4 | AR45: 2 | AS45: 3 | AT45: 2 | AU45: 4 | AV45: 4 | AW45: 2 | AX45: 4 | AY45: 4 | AZ45: 3 | BA45: 4 | BB45: 4 | BC45: 4 | BD45: 3 | BE45: 4 | BF45: 4 | BG45: 4 | BH45: 4 | BI45: 3 | BK45: 3 | BL45: 4 | BM45: 4 | BN45: 4 | BO45: 3 | BP45: 4 | BQ45: 4 | BR45: 3 | BS45: 2 | BT45: 4 | BU45: 2 | BV45: 4 | BW45: 4 | BX45: 4 | BY45: 4 | BZ45: 4 | CA45: 4 | CB45: 2 | CC45: 1 | CD45: 4 | CE45: 4 | CF45: 4 | CG45: 2 | CH45: 4 | CI45: 2 | CJ45: 3 | CK45: 3 | CL45: 4 | CM45: 3 | CN45: 3 | CO45: 2 | CP45: 1 | CQ45: 2 | CR45: 4 | CS45: 4 | CT45: 4 | CU45: 2
A46: 6º ano B | B46: 1 | C46: 2 | D46: 2 | E46: 1 | F46: 2 | G46: 1 | H46: 2 | I46: 4 | J46: 3 | K46: 4 | L46: 4 | M46: 3 | N46: 4 | O46: 2 | W46: 4 | X46: 4 | Y46: 4 | Z46: 4 | AA46: 4 | AB46: 4 | AC46: 4 | AD46: 1 | AE46: 1 | AF46: 2 | AG46: 1 | AH46: 1 | AI46: 2 | AJ46: 1 | AK46: 3 | AL46: 2 | AM46: 3 | AN46: 2 | AO46: 3 | AQ46: 3 | AR46: 3 | AS46: 2 | AT46: 2 | AU46: 3 | AV46: 4 | AW46: 3 | AX46: 4 | AY46: 4 | AZ46: 3 | BA46: 4 | BB46: 2 | BC46: 4 | BD46: 1 | BE46: 4 | BF46: 4 | BG46: 4 | BH46: 4 | BI46: 3 | BJ46: 4 | BK46: 4 | BL46: 3 | BN46: 2 | BO46: 2 | BP46: 3 | BQ46: 3 | BR46: 1 | BS46: 1 | BT46: 4 | BU46: 3 | BV46: 1 | BW46: 2 | BX46: 3 | BY46: 4 | BZ46: 4 | CB46: 2 | CC46: 3 | CD46: 4 | CE46: 1 | CF46: 2 | CG46: 4 | CH46: 4 | CI46: 4 | CJ46: 4 | CK46: 4 | CL46: 4 | CM46: 4 | CN46: 4 | CO46: 1 | CP46: 1 | CQ46: 1 | CR46: 1 | CS46: 1 | CT46: 1 | CU46: 1
A47: 6º ano B | B47: 4 | C47: 3 | D47: 3 | E47: 4 | F47: 4 | G47: 3 | H47: 4 | I47: 4 | J47: 3 | K47: 3 | L47: 4 | M47: 4 | N47: 3 | O47: 3 | P47: 4 | Q47: 4 | R47: 4 | S47: 4 | T47: 4 | U47: 4 | V47: 4 | W47: 4 | X47: 4 | Y47: 4 | Z47: 4 | AA47: 4 | AB47: 4 | AC47: 4 | AD47: 3 | AE47: 3 | AF47: 3 | AG47: 4 | AH47: 4 | AI47: 3 | AJ47: 4 | AK47: 4 | AL47: 4 | AM47: 4 | AN47: 4 | AO47: 4 | AP47: 4 | AQ47: 4 | AR47: 2 | AS47: 3 | AT47: 2 | AU47: 1 | AV47: 4 | AW47: 3 | AX47: 3 | AY47: 3 | AZ47: 3 | BA47: 2 | BB47: 4 | BC47: 4 | BD47: 4 | BE47: 3 | BF47: 4 | BG47: 4 | BH47: 4 | BI47: 4 | BJ47: 4 | BK47: 4 | BL47: 4 | BM47: 4 | BN47: 3 | BO47: 3 | BP47: 4 | BQ47: 3 | BR47: 4 | BS47: 3 | BT47: 4 | BU47: 4 | BV47: 4 | BW47: 4 | BX47: 4 | BY47: 4 | BZ47: 4 | CA47: 4 | CB47: 4 | CC47: 4 | CD47: 4 | CE47: 4 | CF47: 4 | CG47: 4 | CH47: 4 | CI47: 4 | CJ47: 4 | CK47: 4 | CL47: 4 | CM47: 4 | CN47: 4 | CO47: 4 | CP47: 4 | CQ47: 4 | CR47: 4 | CS47: 4 | CT47: 4 | CU47: 4
A48: 6º ano B | B48: 3 | C48: 4 | D48: 4 | E48: 3 | F48: 4 | G48: 3 | H48: 4 | I48: 3 | J48: 2 | K48: 3 | L48: 4 | M48: 2 | N48: 3 | O48: 3 | P48: 4 | Q48: 3 | R48: 4 | S48: 4 | T48: 1 | U48: 4 | V48: 4 | W48: 4 | X48: 2 | Y48: 4 | Z48: 4 | AA48: 2 | AB48: 3 | AC48: 4 | AD48: 4 | AE48: 1 | AF48: 3 | AG48: 4 | AH48: 1 | AI48: 3 | AJ48: 4 | AK48: 4 | AL48: 3 | AM48: 3 | AN48: 4 | AO48: 2 | AP48: 3 | AQ48: 4 | AR48: 3 | AS48: 2 | AT48: 3 | AU48: 3 | AV48: 2 | AW48: 2 | AX48: 4 | AY48: 3 | AZ48: 1 | BA48: 3 | BB48: 4 | BC48: 1 | BD48: 4 | BE48: 3 | BF48: 4 | BG48: 4 | BH48: 4 | BI48: 4 | BJ48: 1 | BK48: 4 | BL48: 4 | BM48: 4 | BN48: 3 | BO48: 4 | BP48: 3 | BQ48: 4 | BR48: 3 | BS48: 3 | BT48: 4 | BU48: 2 | BV48: 4 | BW48: 3 | BX48: 2 | BY48: 3 | BZ48: 4 | CA48: 3 | CB48: 3 | CC48: 3 | CD48: 4 | CE48: 1 | CF48: 4 | CG48: 3 | CH48: 4 | CI48: 1 | CJ48: 4 | CK48: 3 | CL48: 2 | CM48: 3 | CN48: 4 | CO48: 4 | CP48: 1 | CQ48: 4 | CR48: 3 | CS48: 1 | CT48: 3 | CU48: 4
A49: 6º ano C | B49: 4 | C49: 3 | D49: 4 | E49: 3 | F49: 4 | G49: 3 | H49: 4 | I49: 3 | J49: 2 | K49: 4 | L49: 4 | M49: 3 | N49: 3 | O49: 3 | P49: 4 | Q49: 4 | R49: 4 | S49: 4 | T49: 4 | U49: 4 | V49: 4 | W49: 4 | X49: 4 | Y49: 4 | Z49: 4 | AA49: 4 | AB49: 4 | AC49: 4 | AD49: 4 | AE49: 2 | AF49: 4 | AG49: 4 | AH49: 4 | AI49: 4 | AJ49: 4 | AK49: 4 | AL49: 4 | AM49: 4 | AN49: 4 | AO49: 4 | AP49: 4 | AQ49: 4 | AR49: 4 | AS49: 3 | AT49: 3 | AU49: 2 | AW49: 4 | AX49: 4 | AY49: 3 | AZ49: 3 | BA49: 3 | BB49: 4 | BC49: 4 | BD49: 4 | BE49: 4 | BF49: 4 | BG49: 4 | BH49: 4 | BI49: 4 | BJ49: 4 | BK49: 4 | BL49: 4 | BM49: 4 | BN49: 4 | BO49: 4 | BP49: 4 | BQ49: 4 | BR49: 4 | BS49: 3 | BT49: 4 | BU49: 4 | BV49: 4 | BW49: 4 | BX49: 4 | BY49: 4 | BZ49: 4 | CA49: 4 | CB49: 4 | CC49: 3 | CD49: 4 | CE49: 4 | CF49: 4 | CG49: 4 | CH49: 4 | CI49: 4 | CJ49: 4 | CK49: 4 | CL49: 4 | CM49: 4 | CN49: 4 | CO49: 4 | CP49: 3 | CQ49: 4 | CR49: 4 | CS49: 4 | CT49: 3 | CU49: 4
A50: 6º ano C | B50: 4 | C50: 2 | D50: 4 | E50: 1 | F50: 3 | G50: 1 | H50: 4 | I50: 2 | J50: 2 | K50: 2 | L50: 3 | M50: 4 | N50: 4 | O50: 2 | P50: 3 | Q50: 4 | R50: 3 | S50: 2 | T50: 4 | U50: 4 | V50: 4 | W50: 4 | X50: 4 | Y50: 4 | Z50: 4 | AA50: 4 | AB50: 4 | AC50: 4 | AD50: 1 | AE50: 1 | AF50: 2 | AG50: 2 | AH50: 4 | AI50: 2 | AJ50: 4 | AK50: 3 | AL50: 4 | AM50: 3 | AN50: 2 | AO50: 4 | AP50: 3 | AQ50: 4 | AR50: 1 | AS50: 3 | AT50: 1 | AU50: 2 | AV50: 4 | AW50: 2 | AX50: 2 | AY50: 4 | AZ50: 4 | BA50: 3 | BB50: 4 | BC50: 4 | BD50: 4 | BE50: 3 | BF50: 4 | BG50: 3 | BH50: 4 | BI50: 2 | BJ50: 4 | BK50: 3 | BL50: 4 | BM50: 4 | BN50: 4 | BO50: 3 | BP50: 3 | BQ50: 4 | BR50: 4 | BS50: 4 | BT50: 4 | BU50: 4 | BV50: 4 | BW50: 3 | BX50: 4 | BY50: 2 | BZ50: 4 | CA50: 4 | CB50: 4 | CC50: 4 | CD50: 4 | CE50: 4 | CF50: 4 | CG50: 4 | CH50: 4 | CI50: 4 | CJ50: 4 | CK50: 4 | CL50: 4 | CM50: 4 | CN50: 4 | CO50: 2 | CP50: 2 | CQ50: 1 | CR50: 4 | CS50: 3 | CT50: 2 | CU50: 1
A51: 6º ano C | B51: 3 | C51: 4 | D51: 3 | E51: 2 | F51: 3 | G51: 2 | H51: 4 | I51: 4 | J51: 1 | K51: 2 | L51: 2 | M51: 4 | N51: 2 | O51: 4 | P51: 4 | Q51: 3 | R51: 4 | S51: 2 | T51: 2 | U51: 2 | V51: 4 | W51: 4 | X51: 3 | Y51: 4 | Z51: 4 | AA51: 4 | AB51: 4 | AC51: 4 | AD51: 2 | AE51: 2 | AF51: 2 | AG51: 3 | AH51: 4 | AI51: 2 | AJ51: 2 | AK51: 4 | AL51: 4 | AM51: 4 | AN51: 4 | AO51: 4 | AP51: 4 | AQ51: 4 | AR51: 4 | AS51: 4 | AT51: 4 | AU51: 4 | AV51: 4 | AW51: 3 | AX51: 4 | AY51: 4 | AZ51: 4 | BA51: 4 | BB51: 4 | BC51: 4 | BD51: 4 | BE51: 4 | BF51: 4 | BG51: 4 | BH51: 4 | BI51: 4 | BJ51: 4 | BK51: 4 | BL51: 4 | BM51: 4 | BN51: 4 | BO51: 4 | BP51: 4 | BQ51: 4 | BR51: 4 | BS51: 4 | BT51: 4 | BU51: 3 | BV51: 4 | BW51: 4 | BX51: 4 | BY51: 4 | BZ51: 4 | CA51: 4 | CB51: 4 | CC51: 4 | CD51: 4 | CE51: 4 | CF51: 4 | CG51: 4 | CH51: 4 | CI51: 4 | CJ51: 4 | CK51: 4 | CL51: 4 | CM51: 4 | CN51: 4 | CO51: 4 | CP51: 4 | CQ51: 4 | CR51: 4 | CS51: 4 | CT51: 4 | CU51: 4
A52: 6º ano C | B52: 4 | C52: 4 | D52: 3 | E52: 4 | F52: 4 | G52: 3 | H52: 4 | I52: 2 | J52: 3 | K52: 3 | L52: 3 | M52: 3 | N52: 2 | O52: 3 | P52: 2 | Q52: 2 | R52: 3 | S52: 3 | T52: 4 | U52: 2 | V52: 3 | W52: 4 | X52: 4 | Y52: 3 | Z52: 4 | AA52: 4 | AB52: 3 | AC52: 3 | AD52: 4 | AE52: 3 | AF52: 4 | AG52: 4 | AH52: 4 | AI52: 3 | AJ52: 4 | AK52: 3 | AL52: 2 | AM52: 3 | AN52: 3 | AO52: 4 | AP52: 2 | AQ52: 4 | AR52: 4 | AS52: 3 | AT52: 3 | AU52: 2 | AV52: 4 | AW52: 2 | AX52: 3 | AY52: 4 | AZ52: 4 | BA52: 3 | BB52: 4 | BC52: 4 | BD52: 4 | BE52: 4 | BF52: 4 | BG52: 4 | BH52: 4 | BI52: 4 | BJ52: 4 | BK52: 4 | BL52: 4 | BM52: 4 | BN52: 4 | BO52: 4 | BP52: 4 | BQ52: 4 | BR52: 4 | BS52: 4 | BT52: 4 | BU52: 4 | BV52: 4 | BW52: 4 | BX52: 4 | BY52: 3 | BZ52: 4 | CA52: 4 | CB52: 4 | CC52: 4 | CD52: 4 | CE52: 4 | CF52: 4 | CG52: 4 | CH52: 4 | CI52: 4 | CJ52: 4 | CK52: 4 | CL52: 4 | CM52: 4 | CN52: 4 | CO52: 4 | CP52: 3 | CQ52: 4 | CR52: 3 | CS52: 3 | CT52: 3 | CU52: 4
A53: 6º ano C | B53: 4 | C53: 3 | D53: 3 | E53: 2 | F53: 2 | G53: 2 | H53: 4 | I53: 2 | J53: 1 | K53: 2 | L53: 3 | M53: 2 | N53: 2 | O53: 2 | P53: 4 | Q53: 4 | R53: 4 | S53: 4 | T53: 4 | U53: 4 | V53: 4 | W53: 4 | X53: 4 | Y53: 4 | Z53: 4 | AA53: 4 | AB53: 4 | AC53: 4 | AD53: 4 | AE53: 3 | AF53: 3 | AG53: 3 | AH53: 4 | AI53: 3 | AJ53: 4 | AK53: 3 | AL53: 3 | AM53: 3 | AN53: 4 | AO53: 4 | AP53: 3 | AQ53: 3 | AR53: 2 | AS53: 4 | AT53: 3 | AU53: 2 | AV53: 4 | AW53: 2 | AX53: 4 | AY53: 2 | AZ53: 1 | BA53: 2 | BB53: 4 | BC53: 3 | BD53: 4 | BE53: 3 | BF53: 4 | BG53: 4 | BH53: 4 | BI53: 4 | BJ53: 4 | BK53: 4 | BL53: 4 | BM53: 4 | BN53: 3 | BO53: 1 | BP53: 4 | BQ53: 2 | BR53: 4 | BS53: 2 | BT53: 4 | BU53: 4 | BV53: 2 | BW53: 4 | BX53: 4 | BY53: 4 | BZ53: 4 | CA53: 4 | CB53: 4 | CC53: 4 | CD53: 4 | CE53: 4 | CF53: 4 | CG53: 4 | CH53: 4 | CI53: 4 | CJ53: 4 | CK53: 4 | CL53: 4 | CM53: 4 | CN53: 4 | CO53: 4 | CP53: 4 | CQ53: 3 | CR53: 4 | CS53: 4 | CT53: 3 | CU53: 4
A54: 6º ano C | B54: 3 | C54: 4 | D54: 3 | E54: 4 | F54: 4 | G54: 2 | H54: 4 | I54: 3 | J54: 1 | K54: 2 | L54: 2 | M54: 4 | N54: 1 | O54: 2 | P54: 2 | Q54: 1 | R54: 3 | S54: 4 | T54: 4 | U54: 2 | V54: 4 | W54: 4 | X54: 4 | Y54: 4 | Z54: 4 | AA54: 4 | AB54: 4 | AC54: 4 | AD54: 4 | AE54: 3 | AF54: 4 | AG54: 4 | AH54: 4 | AI54: 3 | AJ54: 4 | AK54: 1 | AL54: 1 | AM54: 2 | AN54: 1 | AO54: 2 | AP54: 1 | AQ54: 2 | AR54: 4 | AS54: 2 | AT54: 3 | AU54: 3 | AV54: 4 | AW54: 2 | AX54: 4 | AY54: 3 | AZ54: 4 | BA54: 3 | BB54: 4 | BC54: 1 | BD54: 4 | BE54: 3 | BF54: 4 | BG54: 4 | BH54: 4 | BI54: 4 | BJ54: 4 | BK54: 4 | BL54: 4 | BM54: 4 | BN54: 4 | BO54: 3 | BP54: 4 | BQ54: 4 | BR54: 3 | BS54: 4 | BT54: 4 | BU54: 4 | BV54: 4 | BW54: 4 | BX54: 4 | BY54: 4 | BZ54: 4 | CA54: 4 | CB54: 4 | CC54: 4 | CD54: 4 | CE54: 4 | CF54: 4 | CG54: 4 | CH54: 4 | CI54: 4 | CJ54: 4 | CK54: 4 | CL54: 4 | CM54: 4 | CN54: 4 | CO54: 4 | CP54: 4 | CQ54: 4 | CR54: 4 | CS54: 4 | CT54: 4 | CU54: 4
A55: 6º ano C | B55: 3 | C55: 4 | D55: 4 | E55: 1 | F55: 3 | G55: 1 | H55: 4 | I55: 2 | J55: 2 | K55: 2 | L55: 4 | M55: 4 | N55: 2 | O55: 4 | P55: 4 | Q55: 1 | R55: 3 | S55: 2 | U55: 2 | V55: 3 | W55: 4 | X55: 2 | Y55: 3 | Z55: 4 | AA55: 4 | AB55: 3 | AC55: 2 | AD55: 2 | AE55: 1 | AF55: 2 | AG55: 1 | AH55: 3 | AI55: 1 | AJ55: 4 | AK55: 4 | AL55: 4 | AM55: 2 | AN55: 4 | AO55: 4 | AP55: 2 | AQ55: 4 | AR55: 2 | AS55: 2 | AT55: 2 | AU55: 1 | AV55: 2 | AW55: 2 | AX55: 3 | AY55: 4 | AZ55: 3 | BA55: 3 | BB55: 4 | BC55: 4 | BD55: 4 | BE55: 3 | BF55: 4 | BG55: 4 | BH55: 4 | BI55: 3 | BJ55: 4 | BK55: 2 | BL55: 4 | BM55: 4 | BN55: 3 | BO55: 3 | BP55: 4 | BQ55: 1 | BR55: 2 | BS55: 2 | BT55: 4 | BU55: 4 | BV55: 4 | BW55: 3 | BX55: 4 | BY55: 3 | BZ55: 4 | CA55: 4 | CB55: 4 | CC55: 4 | CD55: 4 | CE55: 4 | CF55: 4 | CG55: 4 | CH55: 4 | CI55: 4 | CJ55: 4 | CK55: 4 | CL55: 4 | CM55: 4 | CN55: 4 | CO55: 4 | CP55: 1 | CQ55: 4 | CR55: 3 | CS55: 4 | CT55: 3 | CU55: 4
A56: 6º ano C | B56: 4 | C56: 3 | D56: 4 | E56: 4 | F56: 4 | G56: 3 | H56: 4 | I56: 4 | J56: 3 | K56: 4 | L56: 4 | M56: 4 | N56: 4 | O56: 4 | P56: 4 | Q56: 4 | R56: 4 | S56: 4 | T56: 4 | U56: 4 | V56: 4 | W56: 4 | X56: 4 | Y56: 3 | Z56: 4 | AA56: 4 | AB56: 4 | AC56: 4 | AD56: 4 | AE56: 1 | AF56: 4 | AG56: 4 | AH56: 4 | AI56: 4 | AJ56: 4 | AK56: 4 | AL56: 4 | AM56: 4 | AN56: 4 | AO56: 4 | AP56: 4 | AQ56: 4 | AR56: 4 | AS56: 4 | AT56: 4 | AU56: 4 | AV56: 4 | AW56: 4 | AX56: 4 | AY56: 4 | AZ56: 2 | BA56: 4 | BB56: 4 | BC56: 4 | BD56: 4 | BE56: 4 | BF56: 4 | BG56: 4 | BH56: 4 | BI56: 4 | BJ56: 4 | BK56: 4 | BL56: 4 | BM56: 4 | BN56: 4 | BO56: 4 | BP56: 4 | BQ56: 4 | BR56: 3 | BS56: 4 | BT56: 4 | BU56: 4 | BV56: 4 | BW56: 4 | BX56: 4 | BY56: 4 | BZ56: 4 | CA56: 4 | CB56: 4 | CC56: 4 | CD56: 4 | CE56: 4 | CF56: 4 | CG56: 4 | CH56: 4 | CI56: 4 | CJ56: 4 | CK56: 4 | CL56: 4 | CM56: 4 | CN56: 4 | CO56: 4 | CP56: 3 | CQ56: 4 | CR56: 4 | CS56: 4 | CT56: 4 | CU56: 4
A57: 6º ano C | B57: 4 | C57: 4 | D57: 4 | E57: 4 | F57: 4 | G57: 4 | H57: 4 | I57: 3 | J57: 2 | K57: 4 | L57: 4 | M57: 4 | N57: 4 | O57: 4 | P57: 4 | Q57: 2 | R57: 4 | S57: 4 | T57: 4 | U57: 4 | V57: 4 | W57: 4 | X57: 3 | Y57: 4 | Z57: 4 | AA57: 4 | AB57: 4 | AC57: 3 | AD57: 3 | AE57: 1 | AF57: 4 | AG57: 4 | AH57: 4 | AI57: 4 | AJ57: 4 | AK57: 4 | AL57: 4 | AM57: 4 | AN57: 4 | AO57: 4 | AP57: 4 | AQ57: 4 | AR57: 3 | AS57: 3 | AT57: 4 | AU57: 4 | AV57: 4 | AW57: 3 | AX57: 3 | AY57: 3 | AZ57: 1 | BA57: 4 | BB57: 4 | BC57: 4 | BD57: 4 | BE57: 4 | BF57: 4 | BG57: 3 | BH57: 4 | BI57: 4 | BJ57: 4 | BK57: 4 | BL57: 4 | BM57: 4 | BN57: 4 | BO57: 4 | BP57: 4 | BQ57: 4 | BR57: 4 | BS57: 4 | BT57: 4 | BU57: 2 | BV57: 4 | BW57: 4 | BX57: 4 | BY57: 4 | BZ57: 4 | CA57: 4 | CB57: 4 | CC57: 4 | CD57: 4 | CE57: 4 | CF57: 4 | CG57: 4 | CH57: 4 | CI57: 2 | CJ57: 4 | CK57: 3 | CL57: 4 | CM57: 4 | CN57: 4 | CO57: 4 | CP57: 1 | CQ57: 4 | CR57: 4 | CS57: 4 | CT57: 4 | CU57: 4
A58: 6º ano C | B58: 4 | C58: 3 | D58: 4 | E58: 4 | F58: 3 | G58: 3 | H58: 3 | I58: 4 | J58: 2 | K58: 4 | L58: 3 | M58: 3 | N58: 4 | O58: 4 | P58: 4 | Q58: 4 | R58: 3 | S58: 4 | T58: 4 | U58: 4 | V58: 3 | W58: 4 | X58: 4 | Y58: 3 | Z58: 4 | AA58: 4 | AB58: 4 | AC58: 4 | AD58: 4 | AE58: 2 | AF58: 4 | AG58: 4 | AH58: 4 | AI58: 4 | AJ58: 4 | AK58: 3 | AL58: 2 | AM58: 3 | AN58: 4 | AO58: 4 | AP58: 4 | AQ58: 3 | AR58: 4 | AS58: 4 | AT58: 4 | AU58: 4 | AV58: 4 | AW58: 4 | AX58: 4 | AY58: 4 | AZ58: 2 | BA58: 2 | BB58: 4 | BC58: 3 | BD58: 4 | BE58: 4 | BF58: 4 | BG58: 4 | BH58: 4 | BI58: 4 | BJ58: 4 | BK58: 4 | BL58: 4 | BM58: 4 | BN58: 3 | BO58: 3 | BP58: 4 | BQ58: 3 | BR58: 2 | BS58: 3 | BT58: 4 | BU58: 3 | BV58: 4 | BW58: 3 | BX58: 4 | BY58: 4 | BZ58: 4 | CA58: 4 | CB58: 4 | CC58: 4 | CD58: 4 | CE58: 4 | CF58: 4 | CG58: 4 | CH58: 4 | CI58: 4 | CJ58: 4 | CK58: 4 | CL58: 4 | CM58: 4 | CN58: 4 | CO58: 4 | CP58: 2 | CQ58: 4 | CR58: 4 | CS58: 4 | CT58: 4 | CU58: 4
A59: 6º ano C | B59: 3 | C59: 4 | D59: 4 | E59: 3 | F59: 4 | G59: 2 | H59: 4 | I59: 3 | J59: 2 | K59: 2 | L59: 4 | M59: 4 | N59: 2 | O59: 3 | P59: 3 | Q59: 2 | R59: 2 | S59: 4 | T59: 4 | U59: 4 | V59: 4 | W59: 4 | X59: 4 | Y59: 4 | Z59: 4 | AA59: 4 | AB59: 4 | AC59: 4 | AD59: 4 | AE59: 2 | AF59: 4 | AG59: 3 | AH59: 4 | AI59: 2 | AJ59: 4 | AK59: 2 | AL59: 2 | AM59: 3 | AN59: 4 | AO59: 3 | AP59: 4 | AQ59: 3 | AR59: 2 | AS59: 2 | AT59: 1 | AU59: 4 | AV59: 4 | AW59: 3 | AX59: 2 | AY59: 1 | AZ59: 1 | BA59: 1 | BB59: 4 | BC59: 2 | BD59: 4 | BE59: 1 | BF59: 4 | BG59: 4 | BH59: 4 | BI59: 3 | BJ59: 4 | BK59: 2 | BL59: 4 | BM59: 2 | BN59: 3 | BO59: 4 | BP59: 1 | BQ59: 2 | BR59: 2 | BS59: 1 | BT59: 3 | BU59: 4 | BV59: 3 | BW59: 4 | BX59: 4 | BY59: 4 | BZ59: 3 | CA59: 4 | CB59: 4 | CC59: 4 | CD59: 4 | CE59: 4 | CF59: 4 | CG59: 4 | CH59: 4 | CI59: 4 | CJ59: 4 | CK59: 4 | CL59: 4 | CM59: 4 | CN59: 4 | CO59: 4 | CP59: 2 | CQ59: 3 | CR59: 3 | CS59: 4 | CT59: 3 | CU59: 4
A60: 6º ano C | B60: 4 | C60: 4 | D60: 4 | E60: 4 | F60: 3 | G60: 3 | H60: 4 | I60: 3 | J60: 3 | K60: 4 | L60: 3 | M60: 3 | N60: 4 | O60: 4 | P60: 4 | Q60: 4 | R60: 4 | S60: 4 | T60: 4 | U60: 4 | V60: 4 | W60: 4 | X60: 4 | Y60: 3 | Z60: 4 | AA60: 3 | AB60: 3 | AC60: 4 | AD60: 4 | AE60: 4 | AF60: 4 | AG60: 4 | AH60: 3 | AI60: 4 | AJ60: 4 | AK60: 4 | AL60: 4 | AM60: 4 | AN60: 4 | AO60: 4 | AP60: 3 | AQ60: 4 | AR60: 4 | AS60: 2 | AT60: 3 | AU60: 4 | AV60: 3 | AW60: 2 | AX60: 4 | AY60: 4 | AZ60: 4 | BA60: 4 | BB60: 4 | BC60: 4 | BD60: 4 | BE60: 4 | BF60: 4 | BG60: 4 | BH60: 4 | BI60: 4 | BJ60: 4 | BK60: 4 | BL60: 4 | BM60: 4 | BN60: 4 | BO60: 4 | BP60: 4 | BQ60: 4 | BR60: 4 | BS60: 4 | BT60: 4 | BU60: 4 | BV60: 4 | BW60: 4 | BX60: 4 | BY60: 4 | BZ60: 4 | CA60: 4 | CB60: 4 | CC60: 4 | CD60: 4 | CE60: 4 | CF60: 4 | CG60: 4 | CH60: 4 | CI60: 4 | CJ60: 4 | CK60: 4 | CL60: 4 | CM60: 4 | CN60: 4 | CO60: 4 | CP60: 4 | CQ60: 4 | CR60: 4 | CS60: 4 | CT60: 4 | CU60: 4
A61: 6º ano C | B61: 2 | C61: 3 | D61: 4 | E61: 3 | F61: 4 | G61: 3 | H61: 3 | I61: 4 | J61: 3 | K61: 4 | L61: 3 | M61: 4 | N61: 4 | O61: 4 | P61: 4 | Q61: 3 | R61: 4 | S61: 4 | T61: 4 | U61: 3 | V61: 4 | W61: 4 | X61: 3 | Y61: 4 | Z61: 3 | AA61: 4 | AB61: 3 | AC61: 2 | AD61: 3 | AE61: 2 | AF61: 4 | AG61: 3 | AH61: 4 | AI61: 3 | AJ61: 4 | AK61: 4 | AL61: 4 | AM61: 4 | AN61: 4 | AO61: 4 | AP61: 3 | AQ61: 4 | AR61: 3 | AS61: 4 | AT61: 4 | AU61: 4 | AV61: 4 | AW61: 3 | AX61: 4 | AY61: 3 | AZ61: 2 | BA61: 4 | BB61: 4 | BC61: 4 | BD61: 4 | BE61: 4 | BF61: 4 | BG61: 4 | BH61: 4 | BI61: 2 | BJ61: 4 | BK61: 4 | BL61: 4 | BM61: 4 | BN61: 4 | BO61: 4 | BP61: 4 | BQ61: 4 | BR61: 4 | BS61: 3 | BT61: 4 | BU61: 3 | BV61: 3 | BW61: 4 | BX61: 4 | BY61: 4 | BZ61: 4 | CA61: 4 | CB61: 4 | CC61: 4 | CD61: 4 | CE61: 4 | CF61: 4 | CG61: 4 | CH61: 4 | CI61: 4 | CJ61: 4 | CK61: 3 | CL61: 4 | CM61: 4 | CN61: 4 | CO61: 4 | CP61: 4 | CQ61: 3 | CR61: 4 | CS61: 4 | CT61: 3 | CU61: 4
A62: 6º ano C | B62: 3 | C62: 3 | D62: 2 | E62: 4 | F62: 4 | G62: 2 | H62: 4 | I62: 3 | J62: 3 | K62: 3 | L62: 2 | M62: 4 | N62: 2 | O62: 3 | P62: 4 | Q62: 4 | R62: 4 | S62: 4 | T62: 4 | U62: 4 | V62: 4 | W62: 4 | X62: 4 | Y62: 4 | Z62: 3 | AA62: 4 | AB62: 4 | AC62: 4 | AD62: 3 | AE62: 2 | AF62: 3 | AG62: 2 | AH62: 4 | AI62: 2 | AJ62: 4 | AK62: 2 | AL62: 2 | AM62: 3 | AN62: 3 | AO62: 4 | AP62: 3 | AQ62: 4 | AR62: 2 | AS62: 2 | AT62: 3 | AU62: 4 | AV62: 4 | AW62: 2 | AX62: 4 | AY62: 3 | AZ62: 2 | BA62: 3 | BB62: 4 | BC62: 4 | BD62: 4 | BE62: 4 | BF62: 4 | BG62: 4 | BH62: 4 | BI62: 4 | BJ62: 4 | BK62: 3 | BL62: 4 | BM62: 4 | BN62: 4 | BO62: 4 | BP62: 4 | BQ62: 4 | BR62: 4 | BS62: 4 | BT62: 4 | BU62: 4 | BV62: 4 | BW62: 4 | BX62: 4 | BY62: 3 | BZ62: 4 | CA62: 4 | CB62: 4 | CC62: 3 | CD62: 4 | CE62: 4 | CF62: 4 | CG62: 4 | CH62: 4 | CI62: 4 | CJ62: 4 | CK62: 3 | CL62: 4 | CM62: 3 | CN62: 4 | CO62: 3 | CP62: 3 | CQ62: 3 | CR62: 3 | CS62: 4 | CT62: 3 | CU62: 4
A63: 6º ano C | B63: 3 | C63: 4 | D63: 4 | E63: 3 | F63: 4 | G63: 3 | H63: 4 | I63: 3 | J63: 3 | K63: 4 | L63: 3 | M63: 4 | N63: 3 | O63: 4 | P63: 4 | Q63: 3 | R63: 4 | S63: 3 | T63: 4 | U63: 3 | V63: 4 | W63: 4 | X63: 3 | Y63: 4 | Z63: 3 | AA63: 4 | AB63: 3 | AC63: 4 | AD63: 4 | AE63: 2 | AF63: 4 | AG63: 4 | AH63: 4 | AI63: 3 | AJ63: 4 | AK63: 4 | AL63: 3 | AM63: 4 | AN63: 4 | AO63: 4 | AP63: 4 | AQ63: 4 | AR63: 4 | AS63: 4 | AT63: 4 | AU63: 3 | AV63: 4 | AW63: 2 | AX63: 4 | AY63: 4 | AZ63: 3 | BA63: 4 | BB63: 4 | BC63: 4 | BD63: 4 | BE63: 4 | BF63: 4 | BG63: 4 | BH63: 4 | BI63: 3 | BJ63: 4 | BK63: 2 | BL63: 4 | BM63: 4 | BN63: 4 | BO63: 4 | BP63: 4 | BQ63: 4 | BR63: 4 | BS63: 4 | BT63: 4 | BU63: 3 | BV63: 4 | BW63: 3 | BX63: 4 | BY63: 3 | BZ63: 4 | CA63: 4 | CB63: 4 | CC63: 4 | CD63: 4 | CE63: 4 | CF63: 4 | CG63: 4 | CH63: 4 | CI63: 4 | CJ63: 4 | CK63: 4 | CL63: 4 | CM63: 4 | CN63: 4 | CO63: 4 | CP63: 3 | CQ63: 4 | CR63: 2 | CS63: 4 | CT63: 2 | CU63: 4
A64: 6º ano C | B64: 4 | C64: 3 | D64: 4 | E64: 3 | F64: 3 | G64: 2 | H64: 3 | I64: 4 | J64: 2 | K64: 3 | L64: 3 | M64: 4 | N64: 3 | O64: 4 | P64: 4 | Q64: 3 | R64: 3 | S64: 3 | T64: 4 | U64: 2 | V64: 4 | W64: 4 | X64: 4 | Y64: 4 | Z64: 4 | AA64: 4 | AB64: 4 | AC64: 4 | AD64: 4 | AE64: 4 | AF64: 4 | AG64: 3 | AH64: 4 | AI64: 4 | AJ64: 4 | AK64: 4 | AL64: 4 | AM64: 4 | AN64: 4 | AO64: 4 | AP64: 4 | AQ64: 4 | AR64: 4 | AS64: 4 | AT64: 3 | AU64: 2 | AV64: 4 | AW64: 3 | AX64: 4 | AY64: 4 | AZ64: 4 | BA64: 4 | BB64: 4 | BC64: 4 | BD64: 4 | BE64: 4 | BF64: 4 | BG64: 4 | BH64: 4 | BI64: 4 | BJ64: 4 | BK64: 4 | BL64: 4 | BM64: 4 | BN64: 4 | BO64: 4 | BP64: 4 | BQ64: 2 | BR64: 4 | BS64: 4 | BT64: 4 | BU64: 4 | BV64: 4 | BW64: 4 | BX64: 4 | BY64: 4 | BZ64: 4 | CA64: 4 | CB64: 4 | CC64: 4 | CD64: 4 | CE64: 4 | CF64: 4 | CG64: 4 | CH64: 4 | CI64: 4 | CJ64: 4 | CK64: 4 | CL64: 4 | CM64: 4 | CN64: 4 | CO64: 4 | CP64: 4 | CQ64: 4 | CR64: 4 | CS64: 4 | CT64: 4 | CU64: 4
A65: 6º ano C | B65: 3 | C65: 4 | D65: 4 | E65: 3 | F65: 4 | G65: 3 | H65: 4 | I65: 4 | J65: 4 | K65: 4 | L65: 4 | M65: 4 | N65: 2 | O65: 3 | P65: 4 | Q65: 3 | R65: 3 | S65: 4 | T65: 4 | U65: 1 | V65: 4 | W65: 4 | X65: 2 | Y65: 3 | Z65: 4 | AA65: 4 | AB65: 1 | AC65: 4 | AD65: 4 | AE65: 4 | AF65: 4 | AG65: 4 | AH65: 4 | AI65: 4 | AJ65: 4 | AK65: 4 | AL65: 4 | AM65: 4 | AN65: 1 | AO65: 1 | AP65: 1 | AQ65: 4 | AR65: 1 | AS65: 1 | AT65: 1 | AU65: 4 | AV65: 4 | AW65: 1 | AX65: 3 | AY65: 4 | AZ65: 1 | BA65: 3 | BB65: 2 | BC65: 4 | BD65: 4 | BE65: 4 | BF65: 4 | BG65: 4 | BH65: 4 | BI65: 4 | BJ65: 3 | BK65: 4 | BL65: 4 | BM65: 4 | BN65: 4 | BO65: 4 | BP65: 4 | BQ65: 4 | BR65: 4 | BS65: 4 | BT65: 3 | BU65: 4 | BV65: 4 | BW65: 4 | BX65: 4 | BY65: 2 | BZ65: 4 | CA65: 4 | CB65: 4 | CC65: 4 | CD65: 4 | CE65: 4 | CF65: 4 | CG65: 4 | CH65: 4 | CI65: 4 | CJ65: 4 | CK65: 4 | CL65: 4 | CM65: 4 | CN65: 4 | CO65: 1 | CP65: 1 | CQ65: 1 | CR65: 1 | CS65: 1 | CU65: 1
A66: 6º ano C | B66: 3 | C66: 4 | D66: 4 | E66: 4 | F66: 3 | G66: 2 | H66: 4 | I66: 2 | J66: 3 | K66: 3 | L66: 4 | M66: 2 | N66: 2 | O66: 2 | P66: 4 | Q66: 3 | R66: 3 | S66: 4 | T66: 4 | U66: 2 | V66: 3 | W66: 4 | X66: 1 | Y66: 4 | Z66: 4 | AA66: 3 | AB66: 3 | AC66: 3 | AD66: 3 | AE66: 1 | AF66: 3 | AG66: 4 | AH66: 3 | AI66: 2 | AJ66: 4 | AK66: 4 | AL66: 1 | AM66: 3 | AN66: 4 | AO66: 4 | AP66: 2 | AQ66: 3 | AR66: 1 | AS66: 3 | AT66: 2 | AU66: 1 | AV66: 2 | AW66: 1 | AX66: 3 | AY66: 2 | AZ66: 1 | BA66: 1 | BB66: 4 | BC66: 2 | BD66: 4 | BE66: 3 | BF66: 4 | BG66: 4 | BH66: 4 | BI66: 4 | BJ66: 4 | BK66: 4 | BL66: 4 | BM66: 3 | BN66: 4 | BO66: 4 | BP66: 4 | BQ66: 2 | BR66: 3 | BS66: 2 | BT66: 4 | BU66: 2 | BV66: 4 | BW66: 4 | BX66: 4 | BY66: 3 | BZ66: 3 | CA66: 4 | CB66: 4 | CC66: 3 | CD66: 3 | CE66: 4 | CF66: 4 | CG66: 4 | CH66: 4 | CI66: 4 | CJ66: 4 | CK66: 4 | CL66: 4 | CM66: 4 | CN66: 4 | CO66: 3 | CP66: 1 | CQ66: 4 | CR66: 4 | CS66: 4 | CT66: 3 | CU66: 3
A67: 6º ano C | B67: 2 | C67: 3 | D67: 4 | E67: 4 | F67: 4 | G67: 2 | H67: 3 | I67: 2 | J67: 1 | K67: 4 | L67: 2 | M67: 4 | N67: 2 | O67: 3 | P67: 3 | Q67: 4 | R67: 4 | S67: 3 | T67: 4 | U67: 2 | V67: 3 | W67: 4 | X67: 4 | Y67: 3 | Z67: 4 | AA67: 4 | AB67: 4 | AC67: 4 | AD67: 4 | AE67: 3 | AF67: 3 | AG67: 2 | AH67: 3 | AI67: 2 | AJ67: 4 | AK67: 3 | AL67: 4 | AM67: 3 | AN67: 4 | AO67: 2 | AP67: 3 | AQ67: 3 | AR67: 4 | AS67: 3 | AT67: 4 | AU67: 2 | AV67: 3 | AW67: 2 | AX67: 4 | AY67: 3 | AZ67: 4 | BA67: 4 | BB67: 4 | BC67: 4 | BD67: 4 | BE67: 4 | BF67: 4 | BG67: 3 | BH67: 4 | BI67: 3 | BJ67: 3 | BK67: 4 | BL67: 4 | BM67: 4 | BN67: 4 | BO67: 4 | BP67: 3 | BQ67: 4 | BR67: 4 | BS67: 3 | BT67: 4 | BU67: 4 | BV67: 3 | BW67: 2 | BX67: 4 | BY67: 3 | BZ67: 4 | CA67: 4 | CB67: 4 | CC67: 4 | CD67: 4 | CE67: 4 | CF67: 4 | CG67: 4 | CH67: 4 | CI67: 4 | CJ67: 4 | CK67: 3 | CL67: 3 | CM67: 4 | CN67: 4 | CO67: 3 | CP67: 3 | CQ67: 4 | CR67: 2 | CS67: 4 | CT67: 2 | CU67: 3
A68: 6º ano C | B68: 2 | C68: 3 | D68: 2 | E68: 4 | F68: 1 | G68: 3 | H68: 4 | I68: 1 | J68: 1 | K68: 1 | L68: 2 | M68: 1 | N68: 1 | O68: 2 | P68: 3 | Q68: 4 | R68: 2 | S68: 3 | T68: 4 | U68: 3 | V68: 4 | W68: 4 | X68: 4 | Y68: 2 | Z68: 4 | AA68: 3 | AB68: 3 | AC68: 3 | AD68: 4 | AE68: 3 | AF68: 4 | AG68: 3 | AH68: 4 | AI68: 4 | AJ68: 4 | AK68: 2 | AL68: 2 | AM68: 1 | AN68: 1 | AO68: 2 | AP68: 2 | AQ68: 2 | AR68: 3 | AS68: 4 | AT68: 3 | AU68: 3 | AV68: 3 | AW68: 3 | AX68: 4 | AY68: 2 | AZ68: 4 | BA68: 1 | BB68: 4 | BC68: 3 | BD68: 4 | BE68: 2 | BF68: 3 | BG68: 3 | BH68: 3 | BI68: 4 | BJ68: 2 | BK68: 3 | BL68: 4 | BM68: 3 | BN68: 1 | BO68: 3 | BP68: 4 | BQ68: 3 | BR68: 2 | BS68: 1 | BT68: 4 | BU68: 4 | BV68: 3 | BW68: 3 | BX68: 4 | BY68: 3 | BZ68: 4 | CA68: 3 | CB68: 3 | CC68: 4 | CD68: 3 | CE68: 3 | CF68: 4 | CG68: 4 | CH68: 4 | CI68: 4 | CJ68: 4 | CK68: 4 | CL68: 3 | CM68: 4 | CN68: 4 | CO68: 3 | CP68: 2 | CQ68: 3 | CR68: 3 | CS68: 4 | CT68: 4 | CU68: 3
A69: 6º ano C | B69: 4 | C69: 4 | D69: 4 | E69: 3 | F69: 4 | G69: 3 | H69: 4 | I69: 3 | J69: 3 | K69: 3 | L69: 3 | M69: 4 | N69: 3 | O69: 3 | P69: 4 | Q69: 4 | R69: 3 | S69: 3 | T69: 4 | U69: 3 | V69: 4 | W69: 4 | X69: 4 | Y69: 4 | Z69: 3 | AA69: 4 | AB69: 4 | AC69: 3 | AD69: 2 | AE69: 2 | AF69: 2 | AG69: 3 | AH69: 4 | AI69: 3 | AJ69: 3 | AK69: 3 | AL69: 4 | AM69: 3 | AN69: 3 | AO69: 4 | AP69: 3 | AQ69: 4 | AR69: 4 | AS69: 4 | AT69: 4 | AU69: 4 | AV69: 4 | AW69: 4 | AX69: 4 | AY69: 4 | AZ69: 2 | BA69: 4 | BB69: 4 | BC69: 4 | BD69: 4 | BE69: 4 | BF69: 4 | BG69: 4 | BH69: 4 | BI69: 4 | BJ69: 4 | BK69: 4 | BL69: 4 | BM69: 4 | BN69: 4 | BO69: 4 | BP69: 4 | BQ69: 4 | BR69: 4 | BS69: 4 | BT69: 4 | BU69: 4 | BV69: 4 | BW69: 4 | BX69: 4 | BY69: 4 | BZ69: 4 | CA69: 4 | CB69: 4 | CC69: 4 | CD69: 4 | CE69: 4 | CF69: 4 | CG69: 4 | CH69: 4 | CI69: 4 | CJ69: 4 | CK69: 4 | CL69: 4 | CM69: 4 | CN69: 4 | CO69: 4 | CP69: 3 | CQ69: 4 | CR69: 4 | CS69: 4 | CT69: 4 | CU69: 4
A70: 6º ano C | B70: 1 | C70: 1 | D70: 4 | E70: 3 | F70: 2 | G70: 3 | H70: 3 | I70: 4 | J70: 3 | K70: 4 | L70: 4 | M70: 3 | N70: 4 | O70: 4 | P70: 3 | Q70: 4 | R70: 4 | S70: 3 | T70: 3 | U70: 4 | V70: 4 | W70: 2 | X70: 2 | Y70: 3 | Z70: 4 | AA70: 3 | AB70: 2 | AC70: 3 | AD70: 4 | AE70: 3 | AF70: 3 | AG70: 4 | AH70: 3 | AI70: 4 | AJ70: 4 | AK70: 4 | AL70: 3 | AM70: 2 | AN70: 2 | AO70: 2 | AP70: 4 | AQ70: 3 | AR70: 3 | AS70: 4 | AT70: 3 | AU70: 1 | AV70: 2 | AW70: 4 | AX70: 4 | AY70: 4 | AZ70: 4 | BA70: 4 | BB70: 4 | BC70: 4 | BD70: 4 | BE70: 4 | BF70: 3 | BG70: 4 | BH70: 3 | BI70: 4 | BJ70: 3 | BK70: 4 | BL70: 3 | BM70: 4 | BN70: 4 | BO70: 4 | BP70: 4 | BQ70: 4 | BR70: 4 | BS70: 4 | BT70: 4 | BU70: 2 | BV70: 3 | BW70: 4 | BX70: 4 | BY70: 3 | BZ70: 3 | CA70: 3 | CB70: 4 | CC70: 3 | CD70: 3 | CE70: 3 | CF70: 4 | CG70: 3 | CH70: 4 | CI70: 4 | CJ70: 4 | CK70: 4 | CL70: 4 | CM70: 4 | CN70: 4 | CO70: 3 | CP70: 4 | CQ70: 4 | CR70: 4 | CS70: 3 | CT70: 4 | CU70: 3
A71: 6º ano C | B71: 4 | C71: 3 | D71: 4 | E71: 3 | F71: 4 | G71: 4 | H71: 4 | I71: 4 | J71: 2 | K71: 3 | L71: 4 | M71: 4 | N71: 4 | O71: 2 | P71: 4 | Q71: 4 | R71: 4 | S71: 3 | T71: 4 | U71: 4 | V71: 3 | W71: 4 | X71: 4 | Y71: 4 | Z71: 4 | AA71: 4 | AB71: 4 | AC71: 4 | AD71: 3 | AE71: 2 | AF71: 4 | AG71: 3 | AH71: 4 | AI71: 3 | AJ71: 4 | AK71: 2 | AL71: 3 | AM71: 3 | AN71: 3 | AO71: 4 | AP71: 3 | AQ71: 3 | AR71: 3 | AS71: 3 | AT71: 3 | AU71: 2 | AV71: 4 | AW71: 3 | AX71: 3 | AY71: 4 | AZ71: 2 | BA71: 2 | BB71: 4 | BC71: 4 | BD71: 4 | BE71: 4 | BF71: 4 | BG71: 4 | BH71: 4 | BI71: 4 | BJ71: 4 | BK71: 4 | BL71: 4 | BM71: 4 | BN71: 4 | BO71: 4 | BP71: 4 | BQ71: 4 | BR71: 4 | BS71: 4 | BT71: 4 | BU71: 4 | BV71: 4 | BW71: 4 | BX71: 4 | BY71: 4 | BZ71: 4 | CA71: 4 | CB71: 3 | CC71: 4 | CD71: 4 | CE71: 4 | CF71: 4 | CG71: 4 | CH71: 4 | CI71: 4 | CJ71: 4 | CK71: 4 | CL71: 4 | CM71: 4 | CN71: 4 | CO71: 4 | CP71: 4 | CQ71: 4 | CR71: 4 | CS71: 4 | CT71: 4 | CU71: 4
A72: 6º ano C | B72: 4 | C72: 4 | D72: 4 | E72: 4 | F72: 4 | G72: 3 | H72: 4 | I72: 2 | J72: 1 | K72: 2 | L72: 2 | M72: 4 | N72: 1 | O72: 2 | P72: 4 | Q72: 4 | R72: 4 | S72: 4 | T72: 4 | U72: 4 | V72: 4 | W72: 4 | X72: 2 | Y72: 3 | Z72: 2 | AA72: 4 | AB72: 2 | AC72: 1 | AD72: 1 | AE72: 1 | AF72: 2 | AG72: 4 | AH72: 4 | AI72: 2 | AJ72: 1 | AK72: 4 | AL72: 4 | AM72: 4 | AN72: 4 | AO72: 4 | AP72: 4 | AQ72: 4 | AR72: 4 | AS72: 4 | AT72: 4 | AU72: 4 | AV72: 4 | AW72: 4 | AX72: 4 | AY72: 4 | AZ72: 4 | BA72: 2 | BB72: 4 | BC72: 2 | BD72: 4 | BE72: 4 | BF72: 4 | BG72: 4 | BH72: 4 | BI72: 4 | BJ72: 4 | BK72: 4 | BL72: 4 | BM72: 4 | BN72: 4 | BO72: 4 | BP72: 4 | BQ72: 4 | BR72: 4 | BS72: 4 | BT72: 4 | BU72: 4 | BV72: 4 | BW72: 4 | BX72: 4 | BY72: 4 | BZ72: 4 | CA72: 4 | CB72: 4 | CC72: 4 | CD72: 4 | CE72: 4 | CF72: 4 | CG72: 4 | CH72: 4 | CI72: 4 | CJ72: 4 | CK72: 4 | CL72: 4 | CM72: 4 | CN72: 4 | CO72: 4 | CP72: 4 | CQ72: 4 | CR72: 4 | CS72: 4 | CT72: 4 | CU72: 3
A73: 6º ano C | B73: 3 | C73: 4 | D73: 4 | E73: 4 | F73: 4 | G73: 3 | H73: 4 | I73: 4 | J73: 4 | K73: 4 | L73: 4 | M73: 4 | N73: 4 | O73: 4 | P73: 4 | Q73: 4 | R73: 4 | S73: 4 | T73: 4 | U73: 3 | V73: 4 | W73: 4 | X73: 4 | Y73: 4 | Z73: 4 | AA73: 4 | AB73: 4 | AC73: 4 | AD73: 4 | AE73: 3 | AF73: 4 | AG73: 4 | AH73: 4 | AI73: 4 | AJ73: 4 | AK73: 4 | AL73: 4 | AM73: 4 | AN73: 4 | AO73: 4 | AP73: 4 | AQ73: 4 | AR73: 4 | AS73: 4 | AT73: 4 | AU73: 4 | AV73: 4 | AW73: 4 | AX73: 4 | AY73: 4 | AZ73: 3 | BA73: 4 | BB73: 4 | BC73: 4 | BD73: 4 | BE73: 4 | BF73: 4 | BG73: 4 | BH73: 4 | BI73: 4 | BJ73: 4 | BK73: 4 | BL73: 4 | BM73: 4 | BN73: 4 | BO73: 4 | BP73: 4 | BQ73: 4 | BR73: 4 | BS73: 4 | BT73: 4 | BU73: 4 | BV73: 4 | BW73: 4 | BX73: 4 | BY73: 4 | BZ73: 4 | CA73: 4 | CB73: 4 | CC73: 4 | CD73: 4 | CE73: 4 | CF73: 4 | CG73: 4 | CH73: 4 | CI73: 4 | CJ73: 4 | CK73: 4 | CL73: 4 | CM73: 4 | CN73: 4 | CO73: 4 | CP73: 4 | CQ73: 4 | CR73: 4 | CS73: 4 | CT73: 4 | CU73: 4
A74: 6º ano C | B74: 4 | C74: 4 | D74: 4 | E74: 4 | F74: 4 | G74: 2 | H74: 4 | I74: 4 | J74: 4 | K74: 4 | L74: 4 | M74: 4 | N74: 4 | O74: 4 | P74: 4 | Q74: 4 | R74: 4 | S74: 4 | T74: 4 | U74: 4 | V74: 4 | W74: 3 | X74: 2 | Y74: 4 | Z74: 2 | AA74: 4 | AB74: 4 | AC74: 1 | AD74: 4 | AE74: 4 | AF74: 4 | AG74: 4 | AH74: 4 | AI74: 3 | AJ74: 4 | AK74: 4 | AL74: 4 | AM74: 4 | AN74: 4 | AO74: 4 | AP74: 3 | AQ74: 4 | AR74: 3 | AS74: 4 | AT74: 3 | AU74: 4 | AV74: 4 | AW74: 4 | AX74: 2 | AY74: 4 | AZ74: 4 | BA74: 4 | BB74: 4 | BC74: 4 | BD74: 4 | BE74: 4 | BF74: 4 | BG74: 4 | BH74: 4 | BI74: 4 | BJ74: 4 | BK74: 1 | BL74: 4 | BM74: 4 | BN74: 3 | BO74: 4 | BP74: 4 | BQ74: 4 | BR74: 3 | BS74: 4 | BT74: 4 | BU74: 4 | BV74: 4 | BW74: 4 | BX74: 4 | BY74: 4 | BZ74: 4 | CA74: 4 | CB74: 4 | CC74: 4 | CD74: 4 | CE74: 4 | CF74: 4 | CG74: 4 | CH74: 4 | CI74: 4 | CJ74: 4 | CK74: 4 | CL74: 4 | CM74: 4 | CN74: 4 | CO74: 2 | CP74: 1 | CQ74: 4 | CR74: 4 | CS74: 4 | CT74: 4 | CU74: 2
A75: 6º ano C | W75: 4 | X75: 4 | Y75: 4 | Z75: 4 | AA75: 4 | AB75: 4 | AC75: 4
A76: 6º ano D | B76: 4 | C76: 4 | D76: 4 | E76: 3 | F76: 4 | G76: 3 | H76: 4 | I76: 2 | J76: 2 | K76: 2 | L76: 2 | M76: 3 | N76: 2 | O76: 2 | P76: 2 | Q76: 2 | R76: 2 | S76: 2 | T76: 2 | U76: 2 | V76: 2 | W76: 4 | X76: 4 | Y76: 4 | Z76: 4 | AA76: 4 | AB76: 4 | AC76: 4 | AD76: 3 | AE76: 2 | AF76: 3 | AG76: 2 | AH76: 4 | AI76: 3 | AJ76: 4 | AK76: 4 | AL76: 4 | AM76: 4 | AN76: 4 | AO76: 4 | AP76: 4 | AQ76: 4 | AR76: 2 | AS76: 2 | AT76: 2 | AU76: 2 | AV76: 2 | AW76: 2 | AX76: 1 | AY76: 4 | AZ76: 4 | BA76: 4 | BB76: 4 | BC76: 4 | BD76: 4 | BE76: 3 | BF76: 4 | BG76: 4 | BH76: 4 | BI76: 4 | BJ76: 4 | BK76: 4 | BL76: 4 | BM76: 4 | BN76: 4 | BO76: 4 | BP76: 4 | BQ76: 4 | BR76: 4 | BS76: 4 | BT76: 4 | BU76: 4 | BV76: 4 | BW76: 4 | BX76: 4 | BY76: 4 | BZ76: 4 | CA76: 4 | CB76: 4 | CC76: 4 | CD76: 4 | CE76: 4 | CF76: 4 | CG76: 4 | CH76: 4 | CI76: 4 | CJ76: 4 | CK76: 4 | CL76: 4 | CM76: 4 | CN76: 4 | CO76: 4 | CP76: 4 | CQ76: 4 | CR76: 4 | CS76: 4 | CT76: 4 | CU76: 4
A77: 6º ano D | B77: 3 | C77: 4 | D77: 3 | E77: 3 | F77: 4 | G77: 3 | H77: 4 | I77: 3 | J77: 2 | K77: 2 | L77: 3 | M77: 3 | N77: 2 | O77: 3 | P77: 3 | Q77: 4 | R77: 2 | S77: 3 | T77: 4 | U77: 4 | V77: 4 | W77: 4 | X77: 4 | Y77: 4 | Z77: 3 | AA77: 4 | AB77: 3 | AC77: 4 | AD77: 3 | AE77: 4 | AF77: 2 | AG77: 3 | AH77: 4 | AI77: 3 | AJ77: 3 | AK77: 3 | AL77: 3 | AM77: 3 | AN77: 2 | AO77: 4 | AP77: 2 | AQ77: 4 | AR77: 3 | AS77: 4 | AT77: 3 | AU77: 3 | AV77: 4 | AW77: 3 | AX77: 3 | AY77: 2 | AZ77: 4 | BA77: 2 | BB77: 4 | BC77: 4 | BD77: 3 | BE77: 2 | BF77: 4 | BG77: 4 | BH77: 4 | BI77: 3 | BJ77: 3 | BK77: 4 | BL77: 4 | BM77: 2 | BN77: 1 | BO77: 2 | BP77: 3 | BQ77: 1 | BR77: 2 | BS77: 1 | BT77: 4 | BU77: 3 | BV77: 4 | BW77: 2 | BX77: 4 | BY77: 3 | BZ77: 3 | CA77: 4 | CB77: 4 | CC77: 3 | CD77: 4 | CE77: 4 | CF77: 4 | CG77: 4 | CH77: 4 | CI77: 4 | CJ77: 4 | CK77: 4 | CL77: 4 | CM77: 4 | CN77: 4 | CO77: 3 | CP77: 3 | CQ77: 3 | CR77: 3 | CS77: 4 | CT77: 3 | CU77: 4
A78: 6º ano D | B78: 4 | C78: 3 | D78: 3 | E78: 2 | F78: 1 | G78: 2 | H78: 4 | I78: 4 | J78: 4 | K78: 3 | L78: 2 | M78: 4 | N78: 2 | O78: 4 | P78: 3 | Q78: 3 | R78: 3 | S78: 3 | T78: 3 | U78: 3 | V78: 4 | W78: 4 | X78: 4 | Y78: 4 | Z78: 2 | AA78: 4 | AB78: 3 | AC78: 4 | AD78: 4 | AE78: 3 | AF78: 3 | AG78: 2 | AH78: 3 | AI78: 3 | AJ78: 4 | AK78: 4 | AL78: 3 | AM78: 3 | AN78: 4 | AO78: 4 | AP78: 3 | AQ78: 4 | AR78: 2 | AS78: 3 | AT78: 2 | AU78: 3 | AV78: 3 | AW78: 4 | AX78: 3 | AY78: 3 | AZ78: 3 | BA78: 3 | BB78: 3 | BC78: 3 | BD78: 3 | BE78: 3 | BF78: 4 | BG78: 4 | BH78: 4 | BI78: 4 | BJ78: 4 | BK78: 4 | BL78: 4 | BM78: 4 | BN78: 4 | BO78: 4 | BP78: 4 | BQ78: 4 | BR78: 4 | BS78: 4 | BT78: 4 | BU78: 3 | BV78: 4 | BW78: 4 | BX78: 4 | BY78: 3 | BZ78: 4 | CA78: 4 | CB78: 2 | CC78: 4 | CD78: 3 | CE78: 4 | CF78: 3 | CG78: 4 | CH78: 4 | CI78: 4 | CJ78: 4 | CK78: 4 | CL78: 4 | CM78: 4 | CN78: 4 | CO78: 4 | CP78: 3 | CQ78: 3 | CR78: 2 | CS78: 4 | CT78: 4 | CU78: 4
A79: 6º ano D | B79: 4 | C79: 3 | D79: 3 | E79: 3 | F79: 3 | G79: 2 | H79: 3 | I79: 3 | J79: 2 | K79: 3 | L79: 3 | M79: 4 | N79: 2 | O79: 3 | P79: 3 | Q79: 3 | R79: 3 | S79: 3 | T79: 3 | U79: 3 | V79: 3 | W79: 4 | X79: 3 | Y79: 4 | Z79: 3 | AA79: 4 | AB79: 3 | AC79: 3 | AD79: 3 | AE79: 3 | AF79: 2 | AG79: 3 | AH79: 4 | AI79: 2 | AJ79: 2 | AK79: 4 | AL79: 4 | AM79: 4 | AN79: 4 | AO79: 4 | AP79: 4 | AQ79: 4 | AR79: 1 | AS79: 2 | AT79: 1 | AU79: 1 | AV79: 2 | AW79: 1 | AX79: 1 | AY79: 4 | AZ79: 4 | BA79: 4 | BB79: 4 | BC79: 4 | BD79: 4 | BE79: 4 | BF79: 4 | BG79: 4 | BH79: 4 | BI79: 4 | BJ79: 4 | BK79: 4 | BL79: 4 | BM79: 4 | BN79: 4 | BO79: 4 | BP79: 4 | BQ79: 4 | BR79: 4 | BS79: 4 | BT79: 4 | BU79: 4 | BV79: 4 | BW79: 4 | BX79: 4 | BY79: 4 | BZ79: 4 | CA79: 4 | CB79: 4 | CC79: 4 | CD79: 4 | CE79: 4 | CF79: 4 | CG79: 4 | CH79: 4 | CI79: 4 | CJ79: 4 | CK79: 4 | CL79: 4 | CM79: 4 | CN79: 4 | CO79: 4 | CP79: 4 | CQ79: 4 | CR79: 4 | CS79: 4 | CT79: 4 | CU79: 4
A80: 6º ano D | B80: 3 | C80: 1 | D80: 4 | E80: 3 | F80: 3 | G80: 2 | H80: 4 | I80: 4 | J80: 4 | K80: 2 | L80: 4 | M80: 4 | N80: 3 | O80: 4 | P80: 4 | Q80: 4 | S80: 4 | T80: 4 | U80: 4 | V80: 4 | W80: 4 | X80: 4 | Y80: 4 | Z80: 4 | AA80: 4 | AB80: 4 | AC80: 4 | AD80: 4 | AE80: 4 | AF80: 4 | AG80: 4 | AH80: 4 | AI80: 4 | AJ80: 1 | AK80: 4 | AL80: 4 | AM80: 4 | AN80: 4 | AO80: 4 | AQ80: 4 | AR80: 4 | AS80: 4 | AT80: 4 | AU80: 4 | AV80: 4 | AW80: 4 | AX80: 4 | AY80: 4 | AZ80: 4 | BA80: 4 | BB80: 4 | BC80: 4 | BE80: 4 | BF80: 4 | BG80: 4 | BH80: 4 | BI80: 4 | BJ80: 4 | BK80: 4 | BL80: 4 | BM80: 4 | BN80: 3 | BO80: 4 | BP80: 4 | BQ80: 4 | BR80: 4 | BS80: 4 | BT80: 4 | BU80: 4 | BV80: 4 | BW80: 4 | BX80: 4 | BY80: 4 | BZ80: 4 | CA80: 4 | CB80: 4 | CC80: 4 | CD80: 4 | CE80: 4 | CF80: 4 | CH80: 4 | CI80: 4 | CJ80: 4 | CK80: 4 | CL80: 4 | CM80: 4 | CN80: 4 | CO80: 4 | CP80: 4 | CQ80: 4 | CR80: 4 | CS80: 4 | CT80: 4 | CU80: 4
A81: 6º ano D | B81: 2 | C81: 4 | D81: 4 | E81: 2 | F81: 4 | G81: 2 | H81: 4 | I81: 3 | J81: 1 | K81: 1 | L81: 3 | M81: 3 | N81: 3 | O81: 1 | P81: 4 | Q81: 3 | R81: 3 | S81: 3 | T81: 4 | U81: 3 | V81: 2 | W81: 4 | X81: 3 | Y81: 3 | Z81: 3 | AA81: 4 | AB81: 3 | AC81: 3 | AD81: 4 | AE81: 1 | AF81: 4 | AG81: 2 | AH81: 4 | AI81: 3 | AJ81: 3 | AK81: 4 | AL81: 4 | AM81: 3 | AN81: 3 | AO81: 4 | AP81: 2 | AQ81: 4 | AR81: 2 | AS81: 2 | AT81: 1 | AU81: 3 | AV81: 4 | AW81: 1 | AX81: 1 | AY81: 3 | AZ81: 1 | BA81: 1 | BB81: 4 | BC81: 3 | BD81: 4 | BE81: 2 | BF81: 4 | BG81: 4 | BH81: 4 | BI81: 4 | BJ81: 4 | BK81: 4 | BL81: 4 | BM81: 4 | BN81: 4 | BO81: 4 | BP81: 4 | BQ81: 4 | BR81: 4 | BS81: 4 | BT81: 4 | BU81: 3 | BV81: 4 | BW81: 3 | BX81: 4 | BY81: 3 | BZ81: 4 | CA81: 4 | CB81: 2 | CC81: 4 | CD81: 3 | CE81: 4 | CF81: 4 | CG81: 3 | CH81: 4 | CI81: 4 | CJ81: 4 | CK81: 4 | CL81: 4 | CM81: 4 | CN81: 4 | CO81: 4 | CP81: 2 | CQ81: 3 | CR81: 3 | CS81: 4 | CT81: 2 | CU81: 2
A82: 6º ano D | B82: 2 | C82: 4 | D82: 3 | E82: 3 | F82: 3 | G82: 3 | H82: 2 | I82: 3 | J82: 2 | K82: 3 | L82: 3 | M82: 2 | N82: 1 | O82: 4 | P82: 3 | Q82: 3 | R82: 3 | S82: 3 | T82: 3 | U82: 3 | V82: 3 | W82: 4 | X82: 4 | Y82: 4 | Z82: 4 | AA82: 4 | AB82: 4 | AC82: 4 | AD82: 2 | AE82: 2 | AF82: 2 | AG82: 2 | AH82: 2 | AI82: 2 | AJ82: 2 | AK82: 4 | AL82: 3 | AM82: 4 | AN82: 3 | AO82: 4 | AP82: 3 | AQ82: 4 | AR82: 1 | AS82: 1 | AT82: 1 | AU82: 1 | AV82: 1 | AW82: 1 | AX82: 1 | AY82: 3 | AZ82: 3 | BA82: 3 | BB82: 3 | BC82: 3 | BD82: 3 | BE82: 3 | BF82: 4 | BG82: 4 | BH82: 4 | BI82: 4 | BJ82: 4 | BK82: 4 | BL82: 4 | BM82: 4 | BN82: 3 | BO82: 4 | BP82: 3 | BQ82: 4 | BR82: 3 | BS82: 4 | BT82: 3 | BU82: 3 | BV82: 3 | BW82: 3 | BX82: 3 | BY82: 3 | BZ82: 3 | CA82: 3 | CB82: 3 | CC82: 3 | CD82: 3 | CE82: 3 | CF82: 3 | CH82: 4 | CI82: 4 | CJ82: 4 | CK82: 4 | CL82: 4 | CM82: 4 | CN82: 4 | CO82: 3 | CP82: 2 | CQ82: 3 | CR82: 2 | CS82: 3 | CT82: 2 | CU82: 3
A83: 6º ano D | B83: 4 | C83: 3 | D83: 4 | E83: 2 | F83: 4 | G83: 2 | H83: 4 | I83: 2 | J83: 3 | K83: 2 | L83: 1 | M83: 3 | N83: 1 | O83: 2 | P83: 4 | Q83: 4 | R83: 4 | S83: 4 | T83: 4 | U83: 4 | V83: 4 | W83: 4 | X83: 4 | Y83: 4 | Z83: 4 | AA83: 4 | AB83: 3 | AC83: 4 | AD83: 2 | AE83: 3 | AF83: 3 | AG83: 2 | AH83: 3 | AI83: 3 | AJ83: 4 | AK83: 4 | AL83: 4 | AM83: 4 | AN83: 4 | AO83: 4 | AP83: 4 | AQ83: 4 | AR83: 2 | AS83: 3 | AT83: 1 | AU83: 1 | AV83: 4 | AW83: 2 | AX83: 2 | AY83: 3 | AZ83: 4 | BA83: 4 | BB83: 4 | BC83: 4 | BD83: 4 | BE83: 3 | BF83: 4 | BG83: 4 | BH83: 4 | BI83: 4 | BJ83: 4 | BK83: 4 | BL83: 4 | BM83: 4 | BN83: 4 | BO83: 3 | BP83: 4 | BQ83: 3 | BR83: 4 | BS83: 3 | BT83: 4 | BU83: 4 | BV83: 4 | BW83: 4 | BX83: 4 | BY83: 3 | BZ83: 4 | CA83: 4 | CB83: 4 | CC83: 4 | CD83: 4 | CE83: 4 | CF83: 4 | CG83: 4 | CH83: 4 | CI83: 4 | CJ83: 4 | CK83: 4 | CL83: 4 | CM83: 4 | CN83: 4 | CO83: 4 | CP83: 3 | CQ83: 4 | CR83: 4 | CS83: 4 | CT83: 3 | CU83: 4
A84: 6º ano D | B84: 3 | C84: 2 | D84: 3 | E84: 2 | F84: 2 | G84: 3 | H84: 4 | I84: 3 | J84: 1 | K84: 4 | L84: 3 | M84: 4 | N84: 4 | O84: 4 | P84: 4 | Q84: 3 | R84: 4 | S84: 3 | T84: 4 | U84: 3 | V84: 3 | W84: 4 | X84: 3 | Y84: 4 | Z84: 4 | AA84: 4 | AB84: 2 | AC84: 3 | AD84: 4 | AE84: 2 | AF84: 4 | AH84: 3 | AI84: 2 | AJ84: 4 | AK84: 4 | AL84: 2 | AM84: 3 | AN84: 4 | AO84: 4 | AP84: 3 | AQ84: 4 | AR84: 1 | AS84: 4 | AT84: 4 | AU84: 3 | AV84: 4 | AW84: 3 | AX84: 1 | AY84: 1 | AZ84: 1 | BA84: 3 | BB84: 1 | BC84: 2 | BD84: 3 | BE84: 3 | BF84: 4 | BG84: 4 | BH84: 4 | BI84: 4 | BJ84: 4 | BK84: 4 | BL84: 4 | BM84: 4 | BN84: 4 | BO84: 4 | BP84: 4 | BQ84: 4 | BR84: 1 | BS84: 1 | BT84: 3 | BU84: 3 | BV84: 3 | BW84: 2 | BX84: 4 | BY84: 3 | BZ84: 3 | CA84: 3 | CB84: 2 | CC84: 4 | CD84: 4 | CE84: 2 | CF84: 1 | CG84: 4 | CH84: 4 | CI84: 4 | CJ84: 4 | CK84: 4 | CL84: 4 | CM84: 4 | CN84: 4 | CO84: 3 | CP84: 1 | CQ84: 2 | CR84: 3 | CS84: 4 | CT84: 4 | CU84: 3
A85: 6º ano D | B85: 3 | C85: 3 | D85: 3 | E85: 3 | F85: 3 | G85: 2 | H85: 4 | I85: 4 | J85: 3 | K85: 4 | L85: 4 | M85: 4 | N85: 2 | O85: 4 | P85: 4 | Q85: 2 | R85: 4 | S85: 3 | T85: 4 | U85: 3 | V85: 4 | W85: 4 | X85: 4 | Y85: 4 | Z85: 4 | AA85: 4 | AB85: 4 | AC85: 4 | AD85: 3 | AE85: 1 | AF85: 4 | AG85: 4 | AH85: 4 | AI85: 2 | AJ85: 4 | AK85: 4 | AL85: 4 | AM85: 4 | AN85: 4 | AO85: 4 | AP85: 4 | AQ85: 4 | AR85: 4 | AS85: 2 | AT85: 2 | AU85: 1 | AV85: 4 | AW85: 4 | AX85: 4 | AY85: 3 | AZ85: 1 | BA85: 4 | BB85: 4 | BC85: 4 | BD85: 4 | BE85: 4 | BF85: 4 | BG85: 4 | BH85: 4 | BI85: 4 | BJ85: 4 | BK85: 4 | BL85: 4 | BM85: 2 | BN85: 4 | BO85: 2 | BP85: 4 | BQ85: 3 | BR85: 3 | BS85: 3 | BT85: 4 | BU85: 4 | BV85: 4 | BW85: 4 | BX85: 4 | BY85: 4 | BZ85: 4 | CA85: 4 | CB85: 2 | CC85: 4 | CD85: 4 | CE85: 4 | CF85: 4 | CG85: 4 | CH85: 4 | CI85: 4 | CJ85: 4 | CK85: 4 | CL85: 4 | CM85: 3 | CN85: 4 | CO85: 3 | CP85: 1 | CQ85: 3 | CR85: 2 | CS85: 4 | CT85: 3 | CU85: 4
A86: 6º ano D | B86: 3 | C86: 3 | D86: 4 | E86: 3 | F86: 4 | G86: 3 | H86: 4 | I86: 4 | J86: 3 | K86: 4 | L86: 3 | M86: 3 | N86: 3 | O86: 4 | P86: 4 | Q86: 3 | R86: 4 | S86: 3 | T86: 3 | U86: 2 | V86: 3 | W86: 4 | X86: 4 | Y86: 4 | Z86: 4 | AA86: 4 | AB86: 4 | AC86: 4 | AD86: 4 | AE86: 3 | AF86: 3 | AG86: 3 | AH86: 3 | AI86: 3 | AJ86: 4 | AK86: 2 | AL86: 2 | AM86: 3 | AN86: 3 | AO86: 4 | AP86: 4 | AQ86: 4 | AR86: 2 | AS86: 4 | AT86: 2 | AU86: 3 | AV86: 3 | AW86: 4 | AX86: 4 | AY86: 2 | AZ86: 2 | BA86: 4 | BB86: 3 | BC86: 4 | BD86: 4 | BE86: 4 | BF86: 4 | BG86: 4 | BH86: 4 | BI86: 4 | BJ86: 4 | BK86: 4 | BL86: 4 | BM86: 4 | BN86: 4 | BO86: 4 | BP86: 4 | BQ86: 4 | BR86: 4 | BS86: 4 | BT86: 4 | BU86: 4 | BV86: 4 | BW86: 4 | BX86: 4 | BY86: 4 | BZ86: 4 | CA86: 3 | CB86: 4 | CC86: 2 | CD86: 4 | CE86: 4 | CF86: 4 | CG86: 4 | CH86: 4 | CI86: 4 | CJ86: 4 | CK86: 4 | CL86: 4 | CN86: 4 | CO86: 4 | CP86: 4 | CQ86: 4 | CR86: 4 | CS86: 4 | CT86: 4 | CU86: 4
A87: 6º ano D | B87: 3 | C87: 4 | D87: 3 | E87: 4 | F87: 3 | G87: 2 | H87: 3 | I87: 3 | J87: 2 | K87: 4 | L87: 3 | M87: 3 | N87: 3 | O87: 4 | P87: 4 | Q87: 3 | R87: 3 | S87: 4 | T87: 4 | U87: 3 | V87: 4 | W87: 3 | X87: 4 | Y87: 4 | Z87: 4 | AA87: 4 | AB87: 3 | AC87: 4 | AD87: 2 | AE87: 3 | AF87: 3 | AG87: 3 | AH87: 4 | AI87: 2 | AJ87: 3 | AK87: 2 | AL87: 4 | AM87: 3 | AN87: 4 | AO87: 4 | AP87: 3 | AQ87: 4 | AR87: 2 | AS87: 2 | AT87: 3 | AU87: 4 | AV87: 4 | AW87: 3 | AX87: 3 | AY87: 3 | AZ87: 4 | BA87: 2 | BB87: 4 | BC87: 4 | BD87: 4 | BE87: 3 | BF87: 4 | BG87: 4 | BH87: 4 | BI87: 3 | BJ87: 4 | BK87: 2 | BL87: 4 | BM87: 3 | BN87: 4 | BO87: 3 | BP87: 3 | BQ87: 4 | BR87: 3 | BS87: 3 | BT87: 4 | BU87: 4 | BV87: 4 | BW87: 3 | BX87: 3 | BY87: 3 | BZ87: 4 | CA87: 2 | CB87: 3 | CC87: 3 | CD87: 4 | CE87: 3 | CF87: 4 | CG87: 3 | CH87: 4 | CI87: 4 | CJ87: 4 | CK87: 2 | CL87: 4 | CM87: 2 | CN87: 4 | CO87: 3 | CP87: 2 | CQ87: 4 | CR87: 3 | CS87: 4 | CT87: 3 | CU87: 4
A88: 6º ano D | B88: 3 | C88: 3 | D88: 4 | E88: 3 | F88: 3 | G88: 3 | H88: 4 | I88: 3 | J88: 2 | K88: 3 | L88: 3 | M88: 3 | N88: 2 | O88: 4 | P88: 3 | Q88: 2 | R88: 4 | S88: 3 | T88: 3 | U88: 3 | V88: 4 | W88: 4 | X88: 4 | Y88: 4 | Z88: 3 | AA88: 4 | AB88: 3 | AC88: 4 | AD88: 3 | AE88: 2 | AF88: 4 | AG88: 3 | AH88: 4 | AI88: 3 | AJ88: 4 | AK88: 3 | AL88: 4 | AM88: 4 | AN88: 4 | AO88: 3 | AP88: 3 | AQ88: 4 | AR88: 2 | AS88: 1 | AT88: 2 | AU88: 1 | AV88: 4 | AW88: 1 | AX88: 3 | AY88: 3 | AZ88: 2 | BA88: 2 | BB88: 4 | BC88: 3 | BD88: 3 | BE88: 3 | BF88: 4 | BG88: 4 | BH88: 4 | BI88: 4 | BJ88: 4 | BK88: 4 | BL88: 4 | BM88: 2 | BN88: 4 | BO88: 3 | BP88: 2 | BQ88: 2 | BR88: 3 | BS88: 3 | BT88: 3 | BU88: 3 | BV88: 4 | BW88: 3 | BX88: 3 | BY88: 3 | BZ88: 4 | CA88: 3 | CB88: 3 | CC88: 4 | CD88: 4 | CE88: 4 | CF88: 4 | CG88: 4 | CH88: 4 | CI88: 4 | CJ88: 4 | CK88: 3 | CL88: 4 | CM88: 3 | CN88: 4 | CO88: 3 | CP88: 2 | CQ88: 3 | CR88: 3 | CS88: 4 | CT88: 3 | CU88: 4
A89: 6º ano D | B89: 4 | C89: 3 | D89: 4 | E89: 4 | F89: 4 | G89: 3 | H89: 4 | I89: 3 | J89: 2 | K89: 2 | L89: 4 | M89: 4 | N89: 3 | O89: 4 | P89: 4 | Q89: 4 | R89: 4 | S89: 4 | T89: 4 | U89: 4 | V89: 4 | W89: 4 | X89: 4 | Y89: 4 | Z89: 4 | AA89: 4 | AB89: 4 | AC89: 4 | AD89: 4 | AE89: 3 | AF89: 3 | AG89: 3 | AH89: 3 | AI89: 3 | AJ89: 3 | AK89: 4 | AL89: 4 | AM89: 4 | AN89: 4 | AO89: 4 | AP89: 4 | AQ89: 4 | AR89: 2 | AS89: 2 | AT89: 2 | AU89: 2 | AV89: 2 | AW89: 2 | AX89: 2 | AY89: 1 | AZ89: 1 | BA89: 1 | BB89: 1 | BC89: 1 | BD89: 1 | BE89: 1 | BF89: 4 | BG89: 4 | BH89: 4 | BI89: 4 | BJ89: 4 | BK89: 4 | BL89: 4 | BM89: 4 | BN89: 4 | BO89: 4 | BP89: 4 | BQ89: 2 | BR89: 2 | BS89: 4 | BT89: 4 | BU89: 4 | BV89: 4 | BW89: 4 | BX89: 4 | BY89: 4 | BZ89: 4 | CA89: 4 | CB89: 3 | CC89: 4 | CD89: 4 | CE89: 4 | CF89: 4 | CG89: 4 | CH89: 4 | CI89: 4 | CJ89: 4 | CK89: 4 | CL89: 4 | CM89: 4 | CN89: 4 | CO89: 4 | CP89: 4 | CQ89: 4 | CR89: 4 | CS89: 4 | CT89: 4 | CU89: 4
A90: 6º ano D | B90: 4 | C90: 4 | D90: 4 | E90: 4 | F90: 4 | G90: 3 | H90: 4 | I90: 2 | J90: 2 | K90: 3 | L90: 3 | M90: 4 | N90: 2 | O90: 2 | P90: 4 | Q90: 3 | R90: 4 | S90: 4 | T90: 4 | U90: 4 | V90: 4 | W90: 4 | X90: 4 | Y90: 4 | Z90: 3 | AA90: 4 | AB90: 3 | AC90: 4 | AD90: 4 | AE90: 4 | AF90: 3 | AG90: 3 | AH90: 4 | AI90: 3 | AJ90: 4 | AK90: 3 | AL90: 3 | AM90: 4 | AN90: 4 | AO90: 4 | AP90: 3 | AQ90: 4 | AR90: 3 | AS90: 4 | AT90: 2 | AU90: 3 | AV90: 4 | AW90: 2 | AX90: 3 | AY90: 3 | AZ90: 3 | BA90: 3 | BB90: 4 | BC90: 4 | BD90: 4 | BE90: 3 | BF90: 4 | BG90: 4 | BH90: 4 | BI90: 3 | BJ90: 4 | BK90: 3 | BL90: 4 | BM90: 4 | BN90: 4 | BO90: 4 | BP90: 4 | BQ90: 4 | BR90: 4 | BS90: 4 | BT90: 3 | BU90: 3 | BV90: 4 | BW90: 4 | BX90: 4 | BY90: 3 | BZ90: 4 | CA90: 4 | CB90: 4 | CC90: 4 | CD90: 4 | CE90: 4 | CF90: 4 | CG90: 4 | CH90: 4 | CI90: 4 | CJ90: 4 | CK90: 4 | CL90: 4 | CM90: 3 | CN90: 4 | CO90: 4 | CP90: 3 | CQ90: 4 | CR90: 4 | CS90: 4 | CT90: 3 | CU90: 4
A91: 6º ano D | B91: 3 | C91: 2 | D91: 3 | E91: 3 | F91: 3 | G91: 2 | H91: 2 | I91: 4 | J91: 3 | K91: 2 | L91: 3 | M91: 3 | N91: 2 | O91: 2 | P91: 3 | Q91: 2 | R91: 3 | S91: 4 | T91: 2 | U91: 1 | V91: 4 | W91: 4 | X91: 4 | Y91: 4 | Z91: 4 | AA91: 4 | AB91: 3 | AC91: 4 | AD91: 4 | AE91: 4 | AF91: 4 | AG91: 4 | AH91: 4 | AI91: 3 | AJ91: 4 | AK91: 4 | AL91: 4 | AM91: 4 | AN91: 4 | AO91: 4 | AP91: 4 | AQ91: 4 | AR91: 2 | AS91: 1 | AT91: 2 | AU91: 2 | AV91: 2 | AW91: 1 | AX91: 2 | AY91: 1 | AZ91: 1 | BA91: 1 | BB91: 1 | BC91: 1 | BD91: 1 | BE91: 1 | BF91: 4 | BG91: 4 | BH91: 4 | BI91: 4 | BJ91: 4 | BK91: 4 | BL91: 4 | BM91: 4 | BN91: 4 | BO91: 4 | BP91: 3 | BQ91: 4 | BR91: 3 | BS91: 3 | BT91: 4 | BU91: 4 | BV91: 4 | BW91: 4 | BX91: 4 | BY91: 4 | BZ91: 4 | CA91: 4 | CB91: 4 | CC91: 4 | CD91: 4 | CE91: 4 | CF91: 4 | CG91: 4 | CH91: 4 | CI91: 4 | CJ91: 4 | CK91: 4 | CL91: 4 | CM91: 4 | CN91: 4 | CO91: 3 | CP91: 2 | CQ91: 4 | CR91: 3 | CS91: 4 | CT91: 3 | CU91: 4
A92: 6º ano D | B92: 3 | C92: 3 | D92: 3 | E92: 3 | F92: 4 | G92: 2 | H92: 4 | I92: 2 | J92: 3 | K92: 3 | L92: 2 | M92: 3 | N92: 2 | O92: 3 | P92: 2 | Q92: 2 | R92: 2 | S92: 4 | T92: 4 | U92: 2 | V92: 4 | W92: 4 | X92: 3 | Y92: 4 | Z92: 3 | AA92: 4 | AB92: 3 | AC92: 4 | AD92: 2 | AE92: 1 | AF92: 3 | AG92: 3 | AH92: 4 | AI92: 2 | AJ92: 4 | AK92: 3 | AL92: 3 | AM92: 3 | AN92: 2 | AO92: 3 | AP92: 2 | AQ92: 4 | AR92: 2 | AS92: 1 | AT92: 1 | AU92: 2 | AV92: 3 | AW92: 1 | AX92: 2 | AY92: 2 | AZ92: 1 | BA92: 1 | BB92: 4 | BC92: 4 | BD92: 4 | BE92: 3 | BF92: 3 | BG92: 3 | BH92: 4 | BI92: 2 | BJ92: 4 | BK92: 1 | BL92: 4 | BM92: 3 | BN92: 3 | BO92: 3 | BP92: 4 | BQ92: 3 | BR92: 3 | BS92: 2 | BT92: 4 | BU92: 3 | BV92: 4 | BW92: 3 | BX92: 3 | BY92: 2 | BZ92: 4 | CA92: 3 | CB92: 2 | CC92: 2 | CD92: 4 | CE92: 4 | CF92: 4 | CG92: 3 | CH92: 4 | CI92: 4 | CJ92: 4 | CK92: 3 | CL92: 4 | CM92: 4 | CN92: 4 | CO92: 4 | CP92: 2 | CQ92: 3 | CR92: 3 | CS92: 4 | CT92: 4 | CU92: 4
A93: 6º ano D | B93: 3 | C93: 3 | D93: 2 | E93: 2 | F93: 2 | G93: 1 | H93: 2 | I93: 1 | J93: 2 | K93: 1 | L93: 2 | M93: 2 | N93: 1 | O93: 1 | P93: 2 | Q93: 2 | R93: 2 | S93: 2 | T93: 2 | U93: 2 | V93: 2 | W93: 3 | X93: 4 | Y93: 2 | Z93: 3 | AA93: 2 | AB93: 3 | AC93: 3 | AD93: 3 | AE93: 2 | AF93: 3 | AG93: 3 | AH93: 4 | AI93: 2 | AJ93: 2 | AK93: 1 | AL93: 1 | AM93: 1 | AN93: 2 | AO93: 2 | AP93: 1 | AQ93: 1 | AR93: 1 | AS93: 1 | AT93: 1 | AU93: 1 | AV93: 1 | AW93: 1 | AX93: 1 | AY93: 1 | AZ93: 1 | BA93: 1 | BB93: 1 | BC93: 1 | BD93: 1 | BE93: 1 | BF93: 4 | BG93: 4 | BH93: 4 | BI93: 4 | BJ93: 4 | BK93: 4 | BL93: 4 | BM93: 1 | BN93: 1 | BO93: 2 | BP93: 3 | BQ93: 2 | BR93: 2 | BS93: 2 | BT93: 2 | BU93: 3 | BV93: 3 | BW93: 2 | BX93: 1 | BY93: 1 | BZ93: 3 | CA93: 4 | CB93: 4 | CC93: 4 | CD93: 4 | CE93: 4 | CF93: 4 | CG93: 3 | CH93: 4 | CI93: 4 | CJ93: 4 | CK93: 4 | CL93: 4 | CM93: 4 | CN93: 4 | CO93: 1 | CP93: 1 | CQ93: 1 | CR93: 1 | CS93: 1 | CT93: 1 | CU93: 1
A94: 6º ano D | B94: 4 | C94: 2 | D94: 4 | E94: 3 | F94: 4 | G94: 1 | H94: 4 | I94: 2 | J94: 2 | K94: 3 | L94: 4 | M94: 1 | N94: 2 | O94: 4 | P94: 1 | Q94: 1 | R94: 3 | S94: 4 | T94: 3 | U94: 2 | V94: 3 | W94: 4 | X94: 4 | Y94: 4 | Z94: 3 | AA94: 4 | AB94: 3 | AC94: 4 | AD94: 4 | AE94: 4 | AF94: 4 | AG94: 3 | AH94: 4 | AI94: 1 | AJ94: 4 | AK94: 4 | AL94: 3 | AM94: 4 | AN94: 4 | AO94: 4 | AP94: 4 | AQ94: 4 | AR94: 4 | AS94: 3 | AT94: 2 | AU94: 1 | AV94: 4 | AW94: 3 | AX94: 1 | AY94: 4 | AZ94: 4 | BA94: 2 | BB94: 4 | BC94: 4 | BD94: 4 | BE94: 3 | BF94: 4 | BG94: 4 | BH94: 4 | BI94: 3 | BJ94: 4 | BK94: 2 | BL94: 4 | BM94: 4 | BN94: 3 | BO94: 4 | BP94: 1 | BQ94: 4 | BR94: 4 | BS94: 3 | BT94: 4 | BU94: 4 | BV94: 4 | BW94: 4 | BX94: 3 | BY94: 2 | BZ94: 4 | CA94: 4 | CB94: 4 | CC94: 3 | CD94: 4 | CE94: 4 | CF94: 4 | CG94: 4 | CH94: 4 | CI94: 2 | CJ94: 4 | CK94: 4 | CL94: 4 | CM94: 3 | CN94: 4 | CO94: 4 | CP94: 4 | CQ94: 4 | CR94: 4 | CS94: 3 | CT94: 3 | CU94: 4
A95: 6º ano D | B95: 3 | C95: 2 | D95: 4 | E95: 3 | F95: 4 | G95: 2 | H95: 4 | I95: 4 | J95: 4 | K95: 4 | L95: 4 | M95: 4 | N95: 4 | O95: 4 | P95: 4 | Q95: 4 | R95: 4 | S95: 4 | T95: 4 | U95: 4 | V95: 4 | W95: 4 | X95: 4 | Y95: 4 | Z95: 4 | AA95: 4 | AB95: 4 | AC95: 4 | AD95: 3 | AE95: 3 | AF95: 3 | AG95: 3 | AH95: 3 | AI95: 4 | AJ95: 4 | AK95: 4 | AL95: 4 | AM95: 4 | AN95: 4 | AO95: 4 | AP95: 4 | AQ95: 4 | AR95: 2 | AS95: 2 | AT95: 1 | AU95: 1 | AV95: 1 | AW95: 1 | AX95: 1 | AY95: 4 | AZ95: 4 | BA95: 4 | BB95: 4 | BC95: 4 | BD95: 4 | BE95: 4 | BF95: 3 | BG95: 4 | BH95: 3 | BI95: 3 | BJ95: 4 | BK95: 4 | BL95: 4 | BM95: 4 | BN95: 4 | BO95: 4 | BP95: 4 | BQ95: 4 | BR95: 4 | BS95: 4 | BT95: 4 | BU95: 4 | BV95: 4 | BW95: 4 | BX95: 4 | BY95: 4 | BZ95: 4 | CA95: 4 | CB95: 4 | CC95: 4 | CD95: 4 | CE95: 4 | CF95: 4 | CG95: 4 | CH95: 4 | CI95: 4 | CJ95: 4 | CK95: 4 | CL95: 4 | CM95: 4 | CN95: 4 | CO95: 3 | CP95: 3 | CQ95: 4 | CR95: 3 | CS95: 4 | CT95: 4 | CU95: 3
A96: 6º ano D | B96: 3 | C96: 4 | D96: 4 | E96: 4 | F96: 4 | G96: 3 | H96: 4 | I96: 4 | J96: 4 | K96: 4 | L96: 4 | M96: 4 | N96: 4 | O96: 4 | P96: 4 | R96: 4 | S96: 4 | T96: 4 | U96: 4 | V96: 4 | W96: 4 | X96: 4 | Y96: 4 | Z96: 4 | AA96: 4 | AB96: 4 | AC96: 4 | AD96: 3 | AE96: 2 | AF96: 4 | AG96: 4 | AH96: 4 | AI96: 4 | AJ96: 4 | AK96: 4 | AL96: 4 | AM96: 4 | AN96: 4 | AO96: 4 | AP96: 4 | AQ96: 4 | AR96: 3 | AS96: 4 | AT96: 4 | AU96: 4 | AV96: 4 | AW96: 4 | AX96: 4 | AY96: 4 | AZ96: 3 | BA96: 2 | BB96: 4 | BC96: 4 | BD96: 4 | BE96: 4 | BF96: 4 | BG96: 4 | BH96: 4 | BI96: 3 | BJ96: 4 | BK96: 4 | BL96: 4 | BM96: 4 | BN96: 4 | BQ96: 4 | BR96: 4 | BS96: 4 | BT96: 4 | BU96: 3 | BV96: 4 | BW96: 4 | BX96: 4 | BY96: 4 | BZ96: 4 | CA96: 4 | CB96: 4 | CC96: 4 | CD96: 4 | CE96: 4 | CF96: 4 | CG96: 4 | CH96: 4 | CI96: 4 | CJ96: 4 | CK96: 4 | CL96: 4 | CM96: 4 | CN96: 4 | CO96: 4 | CP96: 4 | CQ96: 4 | CR96: 4 | CS96: 4 | CT96: 4 | CU96: 4
A97: 6º ano D | B97: 3 | C97: 3 | D97: 4 | E97: 3 | F97: 4 | G97: 3 | H97: 4 | I97: 1 | J97: 2 | K97: 2 | L97: 3 | M97: 3 | N97: 2 | O97: 2 | P97: 4 | Q97: 3 | R97: 4 | S97: 3 | T97: 4 | U97: 3 | V97: 4 | W97: 4 | X97: 3 | Y97: 4 | Z97: 3 | AA97: 4 | AB97: 3 | AC97: 4 | AD97: 4 | AE97: 3 | AF97: 4 | AG97: 3 | AH97: 4 | AI97: 3 | AJ97: 4 | AK97: 4 | AL97: 3 | AM97: 4 | AN97: 3 | AO97: 3 | AP97: 3 | AQ97: 4 | AR97: 2 | AS97: 4 | AT97: 2 | AU97: 3 | AV97: 4 | AW97: 2 | AX97: 2 | AY97: 2 | AZ97: 2 | BA97: 2 | BB97: 4 | BC97: 4 | BD97: 3 | BE97: 3 | BF97: 4 | BG97: 4 | BH97: 4 | BI97: 3 | BJ97: 4 | BK97: 3 | BL97: 4 | BM97: 4 | BN97: 4 | BO97: 4 | BP97: 3 | BQ97: 3 | BR97: 4 | BS97: 4 | BT97: 4 | BU97: 3 | BV97: 4 | BW97: 3 | BX97: 4 | BY97: 3 | BZ97: 4 | CA97: 3 | CB97: 3 | CC97: 3 | CD97: 4 | CE97: 4 | CF97: 4 | CG97: 4 | CH97: 4 | CI97: 4 | CJ97: 4 | CK97: 3 | CL97: 4 | CM97: 2 | CN97: 3 | CO97: 3 | CP97: 3 | CQ97: 3 | CR97: 2 | CS97: 4 | CT97: 2 | CU97: 4
A98: 6º ano D | B98: 3 | C98: 4 | D98: 4 | E98: 3 | F98: 4 | G98: 3 | H98: 4 | I98: 3 | J98: 2 | K98: 3 | L98: 4 | M98: 4 | N98: 3 | O98: 4 | P98: 4 | Q98: 4 | R98: 4 | S98: 4 | T98: 4 | U98: 3 | V98: 4 | W98: 4 | X98: 4 | Y98: 4 | Z98: 4 | AA98: 4 | AB98: 4 | AC98: 4 | AD98: 4 | AE98: 3 | AF98: 4 | AG98: 3 | AH98: 4 | AI98: 3 | AJ98: 4 | AK98: 4 | AL98: 4 | AM98: 4 | AN98: 3 | AO98: 4 | AP98: 3 | AQ98: 4 | AR98: 4 | AS98: 4 | AT98: 3 | AU98: 4 | AV98: 4 | AW98: 2 | AX98: 3 | AY98: 3 | AZ98: 3 | BA98: 3 | BB98: 4 | BC98: 4 | BD98: 3 | BE98: 4 | BF98: 4 | BG98: 4 | BH98: 4 | BI98: 4 | BJ98: 4 | BK98: 4 | BL98: 4 | BM98: 2 | BN98: 4 | BO98: 3 | BP98: 1 | BQ98: 2 | BR98: 2 | BS98: 1 | BT98: 4 | BU98: 4 | BV98: 4 | BW98: 4 | BX98: 4 | BY98: 3 | BZ98: 4 | CA98: 3 | CB98: 4 | CC98: 4 | CD98: 4 | CE98: 4 | CF98: 4 | CG98: 4 | CH98: 4 | CI98: 4 | CJ98: 4 | CK98: 3 | CL98: 4 | CM98: 3 | CN98: 4 | CO98: 3 | CP98: 2 | CQ98: 3 | CR98: 3 | CS98: 4 | CT98: 2 | CU98: 4

Sheet 7° Ano
B1: Alberto - Matemática | I1: Andreia - Ciências Sociais | P1: Ariany - Arte e música | W1: Daniela - Ciência aplicada | AD1: Danielle - Ciência Aplicada | AK1: Karen - Redação | AR1: Márcia - Arte Visual | AY1: Mário - Geografia | BF1: Monique - LIV | BM1: Pavarina - Educação Física | BT1: Renata - Inglês CLIL | CA1: Ricardo - História | CH1: Rita - Leitura e Gramática | CO1: Samarina - Ciências | CV1: Thomas - Ciência aplicada | DC1: Valeska - Inglês
A2: Perguntas | B2: 1 | C2: 2 | D2: 3 | E2: 4 | F2: 5 | G2: 6 | H2: 7 | I2: 1 | J2: 2 | K2: 3 | L2: 4 | M2: 5 | N2: 6 | O2: 7 | P2: 1 | Q2: 2 | R2: 3 | S2: 4 | T2: 5 | U2: 6 | V2: 7 | W2: 1 | X2: 2 | Y2: 3 | Z2: 4 | AA2: 5 | AB2: 6 | AC2: 7 | AD2: 1 | AE2: 2 | AF2: 3 | AG2: 4 | AH2: 5 | AI2: 6 | AJ2: 7 | AK2: 1 | AL2: 2 | AM2: 3 | AN2: 4 | AO2: 5 | AP2: 6 | AQ2: 7 | AR2: 1 | AS2: 2 | AT2: 3 | AU2: 4 | AV2: 5 | AW2: 6 | AX2: 7 | AY2: 1 | AZ2: 2 | BA2: 3 | BB2: 4 | BC2: 5 | BD2: 6 | BE2: 7 | BF2: 1 | BG2: 2 | BH2: 3 | BI2: 4 | BJ2: 5 | BK2: 6 | BL2: 7 | BM2: 1 | BN2: 2 | BO2: 3 | BP2: 4 | BQ2: 5 | BR2: 6 | BS2: 7 | BT2: 1 | BU2: 2 | BV2: 3 | BW2: 4 | BX2: 5 | BY2: 6 | BZ2: 7 | CA2: 1 | CB2: 2 | CC2: 3 | CD2: 4 | CE2: 5 | CF2: 6 | CG2: 7 | CH2: 1 | CI2: 2 | CJ2: 3 | CK2: 4 | CL2: 5 | CM2: 6 | CN2: 7 | CO2: 1 | CP2: 2 | CQ2: 3 | CR2: 4 | CS2: 5 | CT2: 6 | CU2: 7 | CV2: 1 | CW2: 2 | CX2: 3 | CY2: 4 | CZ2: 5 | DA2: 6 | DB2: 7 | DC2: 1 | DD2: 2 | DE2: 3 | DF2: 4 | DG2: 5 | DH2: 6 | DI2: 7
A3: 7º ano A | B3: 4 | C3: 4 | D3: 4 | E3: 3 | F3: 4 | G3: 3 | H3: 4 | I3: 4 | J3: 4 | K3: 4 | L3: 3 | M3: 4 | N3: 4 | O3: 4 | P3: 3 | Q3: 3 | R3: 3 | S3: 3 | T3: 4 | U3: 2 | V3: 4 | W3: 3 | X3: 4 | Y3: 3 | Z3: 4 | AA3: 4 | AB3: 2 | AC3: 4 | AD3: 4 | AE3: 4 | AF3: 4 | AG3: 4 | AH3: 4 | AI3: 4 | AJ3: 4 | AK3: 4 | AL3: 3 | AM3: 4 | AN3: 3 | AO3: 4 | AP3: 2 | AQ3: 4 | AR3: 3 | AS3: 3 | AT3: 2 | AU3: 2 | AV3: 3 | AW3: 1 | AX3: 3 | AY3: 4 | AZ3: 3 | BA3: 4 | BB3: 4 | BC3: 3 | BD3: 4 | BE3: 4 | BF3: 4 | BG3: 4 | BH3: 4 | BI3: 4 | BJ3: 4 | BK3: 4 | BL3: 4 | BM3: 1 | BN3: 1 | BO3: 1 | BP3: 1 | BQ3: 1 | BR3: 1 | BS3: 1 | BT3: 4 | BU3: 4 | BV3: 4 | BW3: 3 | BX3: 4 | BY3: 4 | BZ3: 4 | CA3: 4 | CB3: 4 | CC3: 4 | CD3: 4 | CE3: 4 | CF3: 4 | CG3: 4 | CH3: 4 | CI3: 4 | CJ3: 4 | CK3: 4 | CL3: 4 | CM3: 4 | CN3: 4 | CO3: 4 | CP3: 4 | CQ3: 4 | CR3: 3 | CS3: 4 | CT3: 2 | CU3: 4 | CV3: 4 | CW3: 4 | CX3: 4 | CY3: 4 | CZ3: 4 | DA3: 4 | DB3: 4 | DC3: 4 | DD3: 4 | DE3: 4 | DF3: 4 | DG3: 4 | DH3: 4 | DI3: 4
A4: 7º ano A | B4: 2 | C4: 3 | D4: 4 | E4: 3 | F4: 4 | G4: 2 | H4: 3 | I4: 4 | J4: 4 | K4: 4 | L4: 4 | M4: 4 | N4: 4 | O4: 4 | P4: 4 | Q4: 1 | R4: 4 | S4: 4 | T4: 4 | U4: 4 | V4: 4 | W4: 2 | X4: 4 | Y4: 4 | Z4: 4 | AA4: 4 | AB4: 3 | AC4: 4 | AD4: 4 | AE4: 3 | AF4: 3 | AG4: 4 | AH4: 4 | AI4: 3 | AJ4: 4 | AK4: 4 | AL4: 1 | AM4: 4 | AN4: 3 | AO4: 4 | AP4: 3 | AQ4: 3 | AR4: 4 | AS4: 2 | AT4: 2 | AU4: 4 | AV4: 4 | AW4: 2 | AX4: 3 | AY4: 4 | AZ4: 1 | BA4: 2 | BB4: 4 | BC4: 3 | BD4: 4 | BE4: 2 | BF4: 4 | BG4: 4 | BH4: 4 | BI4: 4 | BJ4: 4 | BK4: 4 | BL4: 4 | BM4: 4 | BN4: 4 | BO4: 3 | BP4: 4 | BQ4: 4 | BR4: 3 | BS4: 3 | BT4: 4 | BU4: 4 | BV4: 4 | BW4: 4 | BX4: 4 | BY4: 4 | BZ4: 4 | CA4: 4 | CB4: 2 | CC4: 2 | CD4: 4 | CE4: 3 | CF4: 4 | CG4: 4 | CH4: 4 | CI4: 4 | CJ4: 4 | CK4: 4 | CL4: 4 | CM4: 4 | CN4: 4 | CO4: 4 | CP4: 2 | CQ4: 4 | CR4: 4 | CS4: 4 | CT4: 3 | CU4: 4 | CV4: 2 | CW4: 3 | CX4: 4 | CY4: 4 | CZ4: 4 | DA4: 3 | DB4: 4 | DC4: 4 | DD4: 2 | DE4: 3 | DF4: 4 | DG4: 3 | DH4: 3 | DI4: 3
A5: 7º ano A | B5: 2 | C5: 3 | D5: 4 | E5: 3 | F5: 4 | G5: 2 | H5: 3 | I5: 4 | J5: 4 | K5: 4 | L5: 4 | M5: 4 | N5: 4 | O5: 4 | P5: 4 | Q5: 1 | R5: 4 | S5: 4 | T5: 4 | U5: 4 | V5: 4 | W5: 2 | X5: 4 | Y5: 4 | Z5: 4 | AA5: 4 | AB5: 3 | AC5: 4 | AD5: 4 | AE5: 3 | AF5: 3 | AG5: 4 | AH5: 4 | AI5: 3 | AJ5: 4 | AK5: 4 | AL5: 1 | AM5: 4 | AN5: 3 | AO5: 4 | AP5: 3 | AQ5: 3 | AR5: 4 | AS5: 2 | AT5: 2 | AU5: 4 | AV5: 4 | AW5: 2 | AX5: 3 | AY5: 4 | AZ5: 1 | BA5: 2 | BB5: 4 | BC5: 4 | BD5: 4 | BE5: 3 | BF5: 4 | BG5: 4 | BH5: 4 | BI5: 4 | BJ5: 4 | BK5: 4 | BL5: 4 | BM5: 4 | BN5: 4 | BO5: 3 | BP5: 4 | BQ5: 4 | BR5: 3 | BS5: 3 | BT5: 4 | BU5: 4 | BV5: 4 | BW5: 4 | BX5: 4 | BY5: 4 | BZ5: 4 | CA5: 4 | CB5: 2 | CC5: 2 | CD5: 4 | CE5: 3 | CF5: 4 | CG5: 4 | CH5: 4 | CI5: 4 | CJ5: 4 | CK5: 4 | CL5: 4 | CM5: 4 | CN5: 4 | CO5: 4 | CP5: 2 | CQ5: 4 | CR5: 4 | CS5: 4 | CT5: 3 | CU5: 4 | CV5: 2 | CW5: 3 | CX5: 4 | CY5: 4 | CZ5: 4 | DA5: 3 | DB5: 4 | DC5: 4 | DD5: 2 | DE5: 3 | DF5: 4 | DG5: 3 | DH5: 3 | DI5: 3
A6: 7º ano A | B6: 4 | C6: 4 | D6: 4 | E6: 3 | F6: 4 | G6: 3 | H6: 4 | I6: 3 | J6: 4 | K6: 3 | L6: 4 | M6: 3 | N6: 4 | O6: 4 | P6: 2 | Q6: 2 | R6: 2 | S6: 2 | T6: 1 | U6: 2 | V6: 3 | W6: 4 | X6: 3 | Y6: 3 | Z6: 3 | AA6: 3 | AB6: 3 | AC6: 3 | AD6: 3 | AE6: 3 | AF6: 3 | AG6: 3 | AH6: 3 | AI6: 3 | AJ6: 3 | AK6: 2 | AL6: 2 | AM6: 2 | AN6: 2 | AO6: 4 | AP6: 2 | AQ6: 3 | AR6: 4 | AS6: 3 | AT6: 3 | AU6: 4 | AV6: 4 | AW6: 2 | AX6: 4 | AY6: 4 | AZ6: 4 | BA6: 4 | BB6: 4 | BC6: 4 | BD6: 4 | BE6: 4 | BF6: 4 | BG6: 4 | BH6: 4 | BI6: 4 | BJ6: 4 | BK6: 4 | BL6: 4 | BM6: 1 | BN6: 1 | BO6: 1 | BP6: 1 | BQ6: 1 | BR6: 1 | BS6: 1 | BT6: 4 | BU6: 4 | BV6: 4 | BW6: 4 | BX6: 4 | BY6: 4 | BZ6: 4 | CA6: 4 | CB6: 4 | CC6: 4 | CD6: 4 | CE6: 4 | CF6: 4 | CG6: 4 | CH6: 4 | CI6: 4 | CJ6: 4 | CK6: 4 | CL6: 4 | CM6: 4 | CN6: 4 | CO6: 3 | CP6: 3 | CQ6: 3 | CR6: 3 | CS6: 3 | CT6: 3 | CU6: 4 | CV6: 4 | CW6: 4 | CX6: 4 | CY6: 4 | CZ6: 4 | DA6: 4 | DB6: 4 | DC6: 4 | DD6: 4 | DE6: 4 | DF6: 4 | DG6: 4 | DH6: 4 | DI6: 4
A7: 7º ano A | B7: 2 | C7: 2 | D7: 4 | E7: 3 | F7: 3 | G7: 2 | H7: 4 | I7: 4 | J7: 4 | K7: 4 | L7: 4 | M7: 4 | N7: 4 | O7: 4 | P7: 3 | Q7: 2 | R7: 3 | S7: 4 | T7: 4 | U7: 3 | V7: 4 | W7: 2 | X7: 3 | Y7: 4 | Z7: 2 | AA7: 4 | AB7: 2 | AC7: 4 | AD7: 2 | AE7: 4 | AF7: 3 | AG7: 4 | AH7: 4 | AI7: 2 | AJ7: 4 | AK7: 3 | AL7: 1 | AM7: 4 | AN7: 4 | AO7: 4 | AP7: 2 | AQ7: 3 | AR7: 2 | AS7: 2 | AT7: 4 | AU7: 2 | AV7: 4 | AW7: 1 | AX7: 4 | AY7: 2 | AZ7: 1 | BA7: 2 | BB7: 4 | BC7: 3 | BD7: 4 | BE7: 3 | BF7: 4 | BG7: 4 | BH7: 4 | BI7: 4 | BJ7: 4 | BK7: 4 | BM7: 4 | BN7: 4 | BO7: 2 | BP7: 2 | BQ7: 3 | BR7: 1 | BS7: 1 | BT7: 4 | BU7: 3 | BV7: 4 | BW7: 3 | BX7: 4 | BY7: 3 | BZ7: 4 | CA7: 1 | CB7: 2 | CC7: 1 | CD7: 2 | CE7: 1 | CF7: 2 | CG7: 4 | CH7: 4 | CI7: 4 | CJ7: 4 | CK7: 4 | CL7: 4 | CM7: 4 | CN7: 4 | CO7: 3 | CP7: 3 | CQ7: 3 | CR7: 3 | CS7: 3 | CT7: 3 | CU7: 4 | CV7: 2 | CW7: 4 | CX7: 2 | CY7: 1 | CZ7: 4 | DA7: 2 | DB7: 4 | DC7: 3 | DD7: 4 | DE7: 3 | DF7: 4 | DG7: 3 | DH7: 4 | DI7: 4
A8: 7º ano A | B8: 3 | C8: 2 | D8: 2 | E8: 3 | F8: 3 | G8: 2 | H8: 4 | I8: 4 | J8: 4 | K8: 4 | L8: 4 | M8: 4 | N8: 4 | O8: 4 | P8: 1 | Q8: 1 | R8: 2 | S8: 2 | T8: 1 | U8: 1 | V8: 1 | W8: 2 | X8: 1 | Y8: 1 | Z8: 2 | AA8: 1 | AB8: 1 | AC8: 1 | AD8: 4 | AE8: 4 | AF8: 3 | AG8: 3 | AH8: 3 | AI8: 3 | AJ8: 3 | AK8: 1 | AL8: 2 | AM8: 1 | AN8: 2 | AO8: 1 | AP8: 1 | AQ8: 1 | AR8: 3 | AS8: 2 | AT8: 3 | AU8: 3 | AV8: 2 | AW8: 3 | AX8: 2 | AY8: 3 | AZ8: 2 | BA8: 2 | BB8: 3 | BC8: 3 | BD8: 4 | BE8: 3 | BF8: 4 | BG8: 4 | BH8: 4 | BI8: 4 | BJ8: 4 | BK8: 4 | BL8: 4 | BM8: 3 | BN8: 4 | BO8: 2 | BP8: 2 | BQ8: 3 | BR8: 1 | BS8: 1 | BT8: 4 | BU8: 3 | BV8: 4 | BW8: 3 | BX8: 4 | BY8: 3 | BZ8: 4 | CA8: 3 | CB8: 2 | CC8: 2 | CD8: 1 | CE8: 1 | CF8: 1 | CG8: 4 | CH8: 4 | CI8: 4 | CJ8: 4 | CK8: 4 | CL8: 4 | CM8: 4 | CN8: 4 | CO8: 3 | CP8: 3 | CQ8: 3 | CR8: 3 | CS8: 3 | CT8: 3 | CU8: 4 | CV8: 2 | CW8: 4 | CX8: 2 | CY8: 4 | CZ8: 1 | DA8: 4 | DB8: 4 | DC8: 1 | DD8: 2 | DE8: 1 | DF8: 1 | DG8: 1 | DH8: 1 | DI8: 1
A9: 7º ano A | B9: 4 | C9: 4 | D9: 3 | E9: 3 | F9: 4 | G9: 4 | H9: 4 | I9: 3 | J9: 3 | K9: 4 | L9: 3 | M9: 4 | N9: 3 | O9: 4 | P9: 3 | Q9: 4 | R9: 3 | S9: 3 | T9: 3 | U9: 3 | V9: 4 | W9: 2 | X9: 2 | Y9: 2 | Z9: 2 | AA9: 2 | AB9: 2 | AC9: 2 | AD9: 3 | AE9: 3 | AF9: 4 | AG9: 2 | AH9: 3 | AI9: 3 | AJ9: 4 | AK9: 3 | AL9: 3 | AM9: 3 | AN9: 3 | AO9: 3 | AP9: 3 | AQ9: 3 | AR9: 3 | AS9: 3 | AT9: 3 | AU9: 3 | AV9: 3 | AW9: 3 | AX9: 3 | AY9: 4 | AZ9: 3 | BA9: 3 | BB9: 4 | BC9: 4 | BD9: 4 | BE9: 3 | BF9: 4 | BG9: 4 | BH9: 4 | BI9: 4 | BJ9: 4 | BK9: 4 | BL9: 4 | BM9: 2 | BN9: 3 | BO9: 3 | BP9: 4 | BQ9: 2 | BR9: 3 | BS9: 2 | BT9: 3 | BU9: 3 | BV9: 3 | BW9: 3 | BX9: 3 | BY9: 3 | BZ9: 3 | CA9: 4 | CB9: 4 | CC9: 4 | CD9: 3 | CE9: 4 | CF9: 4 | CG9: 4 | CH9: 4 | CI9: 4 | CJ9: 4 | CK9: 4 | CL9: 4 | CM9: 4 | CN9: 4 | CO9: 3 | CP9: 3 | CQ9: 4 | CR9: 4 | CS9: 4 | CT9: 3 | CU9: 4 | CV9: 4 | CW9: 4 | CX9: 4 | CY9: 4 | CZ9: 4 | DA9: 4 | DB9: 4 | DC9: 3 | DD9: 3 | DE9: 3 | DF9: 3 | DG9: 3 | DH9: 3 | DI9: 3
A10: 7º ano A | B10: 4 | C10: 3 | D10: 4 | E10: 4 | F10: 4 | G10: 3 | H10: 3 | I10: 3 | J10: 2 | K10: 2 | L10: 2 | M10: 2 | N10: 3 | O10: 2 | P10: 1 | Q10: 1 | R10: 1 | S10: 1 | T10: 1 | U10: 1 | V10: 1 | W10: 4 | X10: 4 | Y10: 3 | Z10: 2 | AA10: 1 | AB10: 2 | AC10: 4 | AD10: 1 | AE10: 1 | AF10: 1 | AG10: 1 | AH10: 1 | AI10: 1 | AJ10: 1 | AK10: 2 | AL10: 2 | AM10: 1 | AN10: 2 | AO10: 1 | AP10: 3 | AQ10: 1 | AR10: 1 | AS10: 1 | AT10: 2 | AU10: 1 | AV10: 1 | AW10: 1 | AX10: 1 | AY10: 2 | AZ10: 1 | BA10: 4 | BB10: 4 | BC10: 3 | BD10: 4 | BE10: 4 | BF10: 4 | BG10: 4 | BH10: 4 | BI10: 4 | BJ10: 4 | BK10: 4 | BL10: 4 | BM10: 1 | BN10: 1 | BO10: 1 | BP10: 1 | BQ10: 1 | BR10: 1 | BS10: 1 | BT10: 3 | BU10: 3 | BV10: 4 | BW10: 3 | BX10: 4 | BY10: 3 | BZ10: 2 | CA10: 1 | CB10: 1 | CC10: 1 | CD10: 1 | CE10: 1 | CF10: 1 | CG10: 1 | CH10: 4 | CI10: 4 | CJ10: 4 | CK10: 4 | CL10: 3 | CM10: 4 | CN10: 4 | CO10: 4 | CP10: 4 | CQ10: 4 | CR10: 4 | CS10: 4 | CT10: 4 | CU10: 1 | CV10: 1 | CW10: 1 | CX10: 3 | CY10: 2 | CZ10: 3 | DA10: 4 | DB10: 1 | DC10: 1 | DD10: 1 | DE10: 1 | DF10: 1 | DG10: 1 | DH10: 1 | DI10: 1
A11: 7º ano A | B11: 4 | C11: 3 | D11: 4 | E11: 4 | F11: 4 | G11: 3 | H11: 4 | I11: 4 | J11: 4 | K11: 4 | L11: 4 | M11: 4 | N11: 3 | O11: 4 | P11: 2 | Q11: 2 | R11: 2 | S11: 4 | T11: 4 | U11: 1 | V11: 2 | W11: 4 | X11: 4 | Y11: 4 | Z11: 4 | AA11: 4 | AB11: 3 | AC11: 4 | AD11: 1 | AE11: 1 | AF11: 1 | AG11: 1 | AH11: 1 | AI11: 1 | AJ11: 1 | AK11: 3 | AL11: 2 | AM11: 3 | AN11: 2 | AO11: 4 | AP11: 2 | AQ11: 3 | AR11: 3 | AS11: 2 | AT11: 2 | AU11: 2 | AV11: 4 | AW11: 2 | AX11: 3 | AY11: 4 | AZ11: 3 | BA11: 4 | BB11: 4 | BC11: 4 | BD11: 4 | BE11: 4 | BF11: 4 | BG11: 4 | BH11: 4 | BI11: 4 | BJ11: 4 | BK11: 4 | BL11: 4 | BM11: 1 | BN11: 1 | BO11: 1 | BP11: 1 | BQ11: 1 | BR11: 1 | BS11: 1 | BT11: 4 | BU11: 3 | BV11: 4 | BW11: 4 | BX11: 4 | BY11: 3 | BZ11: 4 | CA11: 3 | CB11: 3 | CC11: 2 | CD11: 4 | CE11: 3 | CF11: 4 | CG11: 4 | CH11: 4 | CI11: 3 | CJ11: 4 | CK11: 4 | CL11: 4 | CM11: 3 | CN11: 4 | CO11: 4 | CP11: 3 | CQ11: 4 | CR11: 3 | CS11: 4 | CT11: 3 | CU11: 4 | CV11: 4 | CW11: 4 | CX11: 4 | CY11: 4 | CZ11: 4 | DA11: 3 | DB11: 4 | DC11: 4 | DD11: 4 | DE11: 4 | DF11: 4 | DG11: 4 | DH11: 4 | DI11: 4
A12: 7º ano A | B12: 4 | C12: 2 | D12: 4 | E12: 2 | F12: 4 | G12: 1 | H12: 4 | I12: 4 | J12: 4 | K12: 4 | L12: 4 | M12: 4 | N12: 4 | O12: 4 | P12: 2 | Q12: 1 | R12: 1 | S12: 4 | T12: 1 | U12: 4 | V12: 4 | W12: 1 | X12: 2 | Y12: 2 | Z12: 4 | AA12: 2 | AB12: 1 | AC12: 3 | AD12: 1 | AE12: 1 | AF12: 1 | AG12: 1 | AH12: 1 | AI12: 1 | AJ12: 1 | AK12: 1 | AL12: 1 | AM12: 1 | AN12: 1 | AO12: 1 | AP12: 1 | AQ12: 1 | AR12: 1 | AS12: 1 | AT12: 1 | AU12: 1 | AV12: 1 | AW12: 1 | AX12: 1 | AY12: 4 | AZ12: 1 | BA12: 4 | BB12: 4 | BC12: 4 | BD12: 4 | BE12: 4 | BF12: 4 | BG12: 4 | BH12: 4 | BI12: 4 | BJ12: 4 | BK12: 4 | BL12: 4 | BM12: 1 | BN12: 4 | BO12: 2 | BP12: 4 | BQ12: 1 | BR12: 1 | BS12: 1 | BT12: 3 | BU12: 3 | BV12: 3 | BW12: 3 | BX12: 3 | BY12: 3 | BZ12: 3 | CA12: 4 | CB12: 4 | CC12: 4 | CD12: 4 | CE12: 4 | CF12: 4 | CG12: 4 | CH12: 4 | CI12: 4 | CJ12: 4 | CK12: 4 | CL12: 4 | CM12: 4 | CN12: 4 | CO12: 3 | CP12: 3 | CQ12: 3 | CR12: 3 | CS12: 3 | CT12: 3 | CU12: 3 | CV12: 3 | CW12: 3 | CX12: 3 | CY12: 3 | CZ12: 3 | DA12: 3 | DB12: 3 | DC12: 3 | DD12: 3 | DE12: 3 | DF12: 3 | DG12: 3 | DH12: 3 | DI12: 3
A13: 7º ano A | B13: 4 | C13: 3 | D13: 3 | E13: 2 | F13: 4 | G13: 2 | H13: 3 | I13: 4 | J13: 4 | K13: 4 | L13: 3 | M13: 3 | N13: 3 | O13: 3 | P13: 2 | Q13: 1 | R13: 1 | S13: 4 | T13: 1 | U13: 4 | V13: 4 | W13: 1 | X13: 2 | Y13: 2 | Z13: 4 | AA13: 2 | AB13: 1 | AC13: 1 | AD13: 1 | AE13: 1 | AF13: 1 | AG13: 1 | AH13: 1 | AI13: 1 | AJ13: 1 | AK13: 1 | AL13: 1 | AM13: 1 | AN13: 1 | AO13: 1 | AP13: 1 | AQ13: 1 | AR13: 1 | AS13: 1 | AT13: 1 | AU13: 1 | AV13: 1 | AW13: 1 | AX13: 1 | AY13: 4 | AZ13: 2 | BA13: 4 | BB13: 4 | BC13: 4 | BD13: 4 | BE13: 4 | BF13: 4 | BG13: 4 | BH13: 4 | BI13: 4 | BJ13: 4 | BK13: 4 | BL13: 4 | BM13: 1 | BN13: 4 | BO13: 2 | BP13: 4 | BQ13: 1 | BR13: 1 | BS13: 1 | BT13: 3 | BU13: 3 | BV13: 3 | BW13: 3 | BX13: 3 | BY13: 3 | BZ13: 3 | CA13: 4 | CB13: 4 | CC13: 4 | CD13: 4 | CE13: 4 | CF13: 4 | CG13: 4 | CH13: 4 | CI13: 4 | CJ13: 4 | CK13: 4 | CL13: 4 | CM13: 4 | CN13: 4 | CO13: 4 | CP13: 4 | CQ13: 4 | CR13: 4 | CS13: 4 | CT13: 4 | CU13: 4 | CV13: 3 | CW13: 3 | CX13: 3 | CY13: 3 | CZ13: 3 | DA13: 3 | DB13: 3 | DC13: 3 | DD13: 3 | DE13: 3 | DF13: 3 | DG13: 3 | DH13: 3 | DI13: 3
A14: 7º ano A | B14: 2 | C14: 3 | D14: 4 | E14: 2 | F14: 3 | G14: 2 | H14: 4 | I14: 3 | J14: 3 | K14: 4 | L14: 3 | M14: 4 | N14: 3 | O14: 4 | P14: 2 | Q14: 1 | R14: 1 | S14: 4 | T14: 1 | U14: 4 | V14: 3 | W14: 1 | X14: 2 | Y14: 1 | Z14: 4 | AA14: 2 | AB14: 1 | AC14: 3 | AD14: 1 | AE14: 1 | AF14: 1 | AG14: 1 | AH14: 1 | AI14: 1 | AJ14: 1 | AK14: 1 | AL14: 1 | AM14: 1 | AN14: 1 | AO14: 1 | AP14: 1 | AQ14: 1 | AR14: 4 | AS14: 4 | AT14: 4 | AU14: 4 | AV14: 4 | AW14: 4 | AX14: 4 | AY14: 4 | AZ14: 1 | BA14: 4 | BB14: 4 | BC14: 4 | BD14: 4 | BE14: 4 | BF14: 4 | BG14: 4 | BH14: 4 | BI14: 4 | BJ14: 4 | BK14: 4 | BL14: 4 | BM14: 4 | BN14: 4 | BO14: 2 | BP14: 4 | BQ14: 1 | BR14: 1 | BS14: 3 | BT14: 3 | BU14: 3 | BV14: 3 | BW14: 3 | BX14: 3 | BY14: 3 | BZ14: 3 | CA14: 4 | CB14: 4 | CC14: 4 | CD14: 4 | CE14: 4 | CF14: 4 | CG14: 4 | CH14: 4 | CI14: 4 | CJ14: 4 | CK14: 3 | CL14: 4 | CM14: 1 | CN14: 4 | CO14: 3 | CP14: 3 | CQ14: 3 | CR14: 3 | CS14: 3 | CT14: 3 | CU14: 3 | CV14: 3 | CW14: 3 | CX14: 3 | CY14: 3 | CZ14: 3 | DA14: 3 | DB14: 3 | DC14: 3 | DD14: 3 | DE14: 3 | DF14: 3 | DG14: 3 | DH14: 3 | DI14: 3
A15: 7º ano A | B15: 2 | C15: 2 | D15: 4 | E15: 2 | F15: 3 | G15: 1 | H15: 4 | I15: 4 | J15: 4 | K15: 4 | L15: 3 | M15: 4 | N15: 4 | O15: 4 | P15: 2 | Q15: 1 | R15: 1 | S15: 4 | T15: 1 | U15: 3 | V15: 3 | W15: 1 | X15: 2 | Y15: 2 | Z15: 3 | AA15: 2 | AB15: 1 | AC15: 3 | AD15: 1 | AE15: 1 | AF15: 1 | AG15: 1 | AH15: 1 | AI15: 1 | AJ15: 1 | AK15: 1 | AL15: 1 | AM15: 1 | AN15: 1 | AO15: 1 | AP15: 1 | AQ15: 1 | AR15: 1 | AS15: 1 | AT15: 1 | AU15: 1 | AV15: 1 | AW15: 1 | AX15: 1 | AY15: 4 | AZ15: 4 | BA15: 3 | BB15: 4 | BC15: 3 | BD15: 4 | BE15: 4 | BF15: 4 | BG15: 4 | BH15: 4 | BI15: 4 | BJ15: 4 | BK15: 4 | BL15: 4 | BM15: 1 | BN15: 3 | BO15: 2 | BP15: 4 | BQ15: 1 | BR15: 1 | BS15: 1 | BT15: 3 | BU15: 3 | BV15: 3 | BW15: 3 | BX15: 3 | BY15: 3 | BZ15: 3 | CA15: 3 | CB15: 4 | CC15: 4 | CD15: 4 | CE15: 4 | CF15: 4 | CG15: 3 | CH15: 4 | CI15: 4 | CJ15: 4 | CK15: 4 | CL15: 4 | CM15: 4 | CN15: 4 | CO15: 3 | CP15: 4 | CQ15: 3 | CR15: 4 | CS15: 3 | CT15: 4 | CU15: 3 | CV15: 3 | CW15: 3 | CX15: 3 | CY15: 3 | CZ15: 3 | DA15: 3 | DB15: 3 | DC15: 2 | DD15: 2 | DE15: 2 | DF15: 2 | DG15: 2 | DH15: 2 | DI15: 2
A16: 7º ano A | B16: 3 | C16: 4 | D16: 4 | E16: 4 | F16: 3 | G16: 3 | H16: 4 | I16: 3 | J16: 1 | K16: 2 | L16: 1 | M16: 3 | N16: 3 | O16: 1 | P16: 1 | Q16: 2 | R16: 1 | S16: 1 | T16: 1 | U16: 1 | V16: 1 | W16: 3 | X16: 3 | Y16: 3 | Z16: 3 | AA16: 3 | AB16: 3 | AC16: 3 | AD16: 1 | AE16: 1 | AF16: 1 | AG16: 1 | AH16: 1 | AI16: 1 | AJ16: 1 | AK16: 1 | AL16: 1 | AM16: 1 | AN16: 1 | AO16: 1 | AP16: 1 | AQ16: 1 | AR16: 4 | AS16: 4 | AT16: 4 | AU16: 3 | AV16: 4 | AW16: 4 | AX16: 4 | AY16: 4 | AZ16: 4 | BA16: 4 | BB16: 4 | BC16: 4 | BD16: 4 | BE16: 4 | BF16: 4 | BG16: 4 | BH16: 4 | BI16: 4 | BJ16: 4 | BK16: 4 | BL16: 4 | BM16: 1 | BN16: 1 | BO16: 1 | BP16: 1 | BQ16: 2 | BR16: 1 | BS16: 1 | BT16: 3 | BU16: 3 | BV16: 3 | BW16: 3 | BX16: 3 | BY16: 3 | BZ16: 3 | CA16: 3 | CB16: 3 | CC16: 4 | CD16: 4 | CE16: 4 | CF16: 4 | CG16: 3 | CH16: 2 | CI16: 1 | CJ16: 4 | CK16: 3 | CL16: 3 | CM16: 2 | CN16: 4 | CO16: 3 | CP16: 3 | CQ16: 2 | CR16: 3 | CS16: 1 | CT16: 3 | CU16: 3 | CV16: 4 | CW16: 4 | CX16: 4 | CY16: 4 | CZ16: 4 | DA16: 4 | DB16: 4 | DC16: 1 | DD16: 1 | DE16: 1 | DF16: 1 | DG16: 1 | DH16: 1 | DI16: 1
A17: 7º ano A | B17: 2 | C17: 2 | D17: 4 | E17: 1 | F17: 3 | G17: 2 | H17: 4 | I17: 3 | J17: 2 | K17: 1 | L17: 2 | M17: 1 | N17: 3 | O17: 1 | P17: 2 | Q17: 2 | R17: 1 | S17: 3 | T17: 3 | U17: 2 | V17: 2 | W17: 2 | X17: 3 | Y17: 2 | Z17: 2 | AA17: 1 | AB17: 2 | AC17: 2 | AD17: 1 | AE17: 1 | AF17: 2 | AG17: 3 | AH17: 3 | AI17: 2 | AJ17: 2 | AK17: 3 | AL17: 2 | AM17: 2 | AN17: 2 | AO17: 4 | AP17: 2 | AQ17: 2 | AR17: 1 | AS17: 3 | AT17: 1 | AU17: 2 | AV17: 1 | AW17: 1 | AX17: 1 | AY17: 4 | AZ17: 4 | BA17: 4 | BB17: 4 | BC17: 4 | BD17: 4 | BE17: 4 | BF17: 4 | BG17: 4 | BH17: 4 | BI17: 4 | BJ17: 4 | BK17: 4 | BL17: 4 | BM17: 3 | BN17: 4 | BO17: 2 | BP17: 4 | BQ17: 3 | BR17: 2 | BS17: 3 | BT17: 4 | BU17: 4 | BV17: 4 | BW17: 4 | BX17: 4 | BY17: 4 | BZ17: 4 | CA17: 4 | CB17: 4 | CC17: 4 | CD17: 4 | CE17: 4 | CF17: 4 | CG17: 4 | CH17: 4 | CI17: 4 | CJ17: 4 | CK17: 4 | CL17: 4 | CM17: 4 | CN17: 4 | CO17: 4 | CP17: 2 | CQ17: 3 | CR17: 3 | CS17: 4 | CT17: 1 | CU17: 4 | CV17: 4 | CW17: 4 | CX17: 3 | CY17: 3 | CZ17: 1 | DA17: 3 | DB17: 3 | DC17: 4 | DD17: 2 | DE17: 1 | DF17: 3 | DG17: 4 | DH17: 3 | DI17: 1
A18: 7º ano A | B18: 4 | C18: 4 | D18: 4 | E18: 3 | F18: 4 | G18: 3 | H18: 4 | I18: 3 | J18: 2 | K18: 4 | L18: 4 | M18: 4 | N18: 2 | O18: 4 | P18: 2 | Q18: 4 | R18: 4 | S18: 3 | T18: 4 | U18: 2 | V18: 4 | W18: 4 | X18: 4 | Y18: 3 | Z18: 3 | AA18: 4 | AB18: 1 | AC18: 3 | AD18: 3 | AE18: 4 | AF18: 3 | AG18: 2 | AH18: 4 | AI18: 1 | AJ18: 3 | AK18: 3 | AL18: 2 | AM18: 4 | AN18: 1 | AO18: 4 | AP18: 2 | AQ18: 3 | AR18: 2 | AS18: 4 | AT18: 2 | AU18: 2 | AV18: 4 | AW18: 1 | AX18: 3 | AY18: 4 | AZ18: 4 | BA18: 3 | BB18: 4 | BC18: 3 | BD18: 4 | BE18: 4 | BF18: 4 | BG18: 4 | BH18: 4 | BI18: 3 | BJ18: 3 | BK18: 2 | BL18: 4 | BM18: 3 | BN18: 3 | BO18: 3 | BP18: 4 | BQ18: 1 | BR18: 2 | BS18: 3 | BT18: 4 | BU18: 4 | BV18: 4 | BW18: 3 | BX18: 4 | BY18: 3 | BZ18: 4 | CA18: 4 | CB18: 4 | CC18: 3 | CD18: 4 | CE18: 3 | CF18: 4 | CG18: 4 | CH18: 4 | CI18: 4 | CJ18: 4 | CK18: 4 | CL18: 4 | CM18: 4 | CN18: 4 | CO18: 4 | CP18: 4 | CQ18: 4 | CR18: 4 | CT18: 3 | CU18: 4 | CV18: 3 | CW18: 4 | CX18: 4 | CY18: 2 | CZ18: 4 | DA18: 2 | DB18: 4 | DC18: 3 | DD18: 2 | DE18: 3 | DF18: 4 | DG18: 3 | DH18: 4 | DI18: 3
A19: 7º ano A | B19: 4 | C19: 3 | D19: 4 | E19: 3 | F19: 4 | G19: 3 | H19: 4 | I19: 3 | J19: 4 | K19: 3 | L19: 3 | M19: 3 | N19: 4 | O19: 4 | P19: 2 | Q19: 2 | R19: 3 | S19: 4 | T19: 1 | U19: 4 | V19: 3 | W19: 4 | X19: 2 | Y19: 4 | Z19: 3 | AA19: 4 | AB19: 1 | AC19: 4 | AD19: 4 | AE19: 4 | AF19: 4 | AG19: 3 | AH19: 4 | AI19: 3 | AJ19: 4 | AK19: 2 | AL19: 1 | AM19: 2 | AN19: 2 | AO19: 4 | AP19: 2 | AQ19: 3 | AR19: 3 | AS19: 2 | AT19: 4 | AU19: 4 | AV19: 4 | AW19: 4 | AX19: 3 | AY19: 4 | AZ19: 2 | BA19: 3 | BB19: 4 | BC19: 3 | BD19: 4 | BE19: 4 | BF19: 4 | BG19: 3 | BH19: 4 | BI19: 3 | BJ19: 4 | BK19: 4 | BL19: 4 | BM19: 4 | BN19: 4 | BO19: 1 | BP19: 4 | BQ19: 1 | BR19: 1 | BS19: 3 | BT19: 4 | BU19: 4 | BV19: 4 | BW19: 4 | BX19: 4 | BY19: 4 | BZ19: 4 | CA19: 4 | CB19: 4 | CC19: 4 | CD19: 4 | CE19: 3 | CF19: 4 | CG19: 4 | CH19: 4 | CI19: 4 | CJ19: 4 | CK19: 4 | CL19: 4 | CM19: 4 | CN19: 4 | CO19: 4 | CP19: 4 | CQ19: 4 | CR19: 3 | CS19: 4 | CT19: 4 | CU19: 4 | CV19: 3 | CW19: 1 | CX19: 3 | CY19: 3 | CZ19: 2 | DA19: 2 | DB19: 3 | DC19: 3 | DD19: 3 | DE19: 4 | DF19: 2 | DG19: 4 | DH19: 4 | DI19: 3
A20: 7º ano A | B20: 3 | C20: 3 | D20: 4 | E20: 3 | F20: 4 | G20: 2 | H20: 4 | I20: 4 | J20: 4 | K20: 4 | L20: 2 | M20: 4 | N20: 2 | O20: 4 | P20: 3 | Q20: 2 | R20: 3 | S20: 4 | T20: 4 | U20: 4 | V20: 4 | W20: 4 | X20: 3 | Y20: 4 | Z20: 2 | AA20: 4 | AB20: 2 | AC20: 4 | AD20: 4 | AE20: 4 | AF20: 4 | AG20: 3 | AH20: 4 | AI20: 3 | AJ20: 4 | AK20: 2 | AL20: 1 | AM20: 2 | AN20: 3 | AO20: 3 | AP20: 2 | AQ20: 2 | AR20: 2 | AS20: 3 | AT20: 3 | AU20: 2 | AV20: 4 | AW20: 2 | AX20: 3 | AY20: 2 | AZ20: 2 | BA20: 2 | BB20: 4 | BC20: 4 | BD20: 4 | BE20: 3 | BF20: 4 | BG20: 4 | BH20: 4 | BI20: 2 | BJ20: 4 | BK20: 3 | BL20: 4 | BM20: 4 | BN20: 4 | BO20: 2 | BP20: 2 | BQ20: 2 | BR20: 2 | BS20: 2 | BT20: 4 | BU20: 4 | BV20: 4 | BW20: 3 | BX20: 4 | BY20: 4 | BZ20: 4 | CA20: 4 | CB20: 3 | CC20: 4 | CD20: 4 | CE20: 4 | CF20: 4 | CG20: 4 | CH20: 4 | CI20: 4 | CJ20: 4 | CK20: 2 | CL20: 4 | CM20: 2 | CN20: 4 | CO20: 4 | CP20: 4 | CQ20: 4 | CR20: 3 | CS20: 4 | CT20: 3 | CU20: 4 | CV20: 4 | CW20: 3 | CX20: 4 | CY20: 3 | CZ20: 4 | DA20: 3 | DB20: 4 | DC20: 4 | DD20: 3 | DE20: 4 | DF20: 3 | DG20: 4 | DH20: 3 | DI20: 4
A21: 7º ano A | B21: 4 | C21: 4 | E21: 4 | F21: 4 | G21: 4 | H21: 4 | I21: 4 | K21: 4 | L21: 4 | M21: 4 | N21: 4 | O21: 4 | P21: 4 | Q21: 4 | R21: 4 | S21: 4 | T21: 4 | U21: 4 | V21: 4 | W21: 3 | X21: 2 | Y21: 4 | Z21: 4 | AA21: 4 | AB21: 2 | AC21: 4 | AD21: 1 | AE21: 2 | AF21: 4 | AG21: 4 | AH21: 4 | AI21: 2 | AJ21: 3 | AK21: 4 | AL21: 4 | AM21: 4 | AN21: 4 | AO21: 4 | AP21: 4 | AQ21: 4 | AR21: 4 | AS21: 4 | BM21: 4 | BN21: 2 | BO21: 1 | BP21: 4 | BQ21: 3 | BR21: 3 | BS21: 3 | CA21: 4 | CB21: 4 | CC21: 4 | CD21: 4 | CE21: 4 | CF21: 4 | CH21: 4 | CI21: 4 | DC21: 1 | DD21: 1 | DE21: 1 | DF21: 1 | DG21: 1 | DH21: 1 | DI21: 1
A22: 7º ano A | B22: 2 | C22: 2 | D22: 2 | E22: 2 | F22: 2 | G22: 2 | H22: 2 | I22: 2 | J22: 2 | K22: 1 | L22: 1 | M22: 2 | N22: 2 | O22: 1 | P22: 2 | Q22: 2 | R22: 2 | S22: 4 | T22: 3 | U22: 2 | V22: 3 | W22: 3 | X22: 3 | Y22: 3 | Z22: 3 | AA22: 3 | AB22: 3 | AC22: 3 | AD22: 1 | AE22: 1 | AF22: 1 | AG22: 1 | AH22: 1 | AI22: 1 | AJ22: 1 | AK22: 2 | AL22: 2 | AM22: 2 | AN22: 3 | AO22: 2 | AP22: 1 | AQ22: 4 | AR22: 1 | AS22: 1 | AT22: 1 | AU22: 1 | AV22: 1 | AW22: 1 | AX22: 1 | AY22: 3 | AZ22: 3 | BA22: 1 | BB22: 2 | BC22: 4 | BD22: 4 | BE22: 4 | BF22: 4 | BG22: 4 | BH22: 4 | BI22: 4 | BJ22: 4 | BK22: 4 | BL22: 4 | BM22: 2 | BN22: 2 | BO22: 1 | BP22: 2 | BQ22: 1 | BR22: 1 | BS22: 2 | BT22: 3 | BU22: 3 | BV22: 2 | BW22: 2 | BX22: 3 | BY22: 3 | BZ22: 4 | CA22: 3 | CB22: 2 | CC22: 2 | CD22: 3 | CE22: 3 | CF22: 4 | CG22: 3 | CH22: 3 | CI22: 3 | CJ22: 3 | CK22: 3 | CL22: 3 | CM22: 2 | CN22: 3 | CO22: 3 | CP22: 3 | CQ22: 3 | CR22: 3 | CS22: 3 | CT22: 3 | CU22: 3 | CV22: 2 | CW22: 2 | CX22: 2 | CY22: 2 | CZ22: 2 | DA22: 2 | DB22: 4 | DC22: 1 | DD22: 1 | DE22: 1 | DF22: 1 | DG22: 1 | DH22: 1 | DI22: 1
A23: 7º ano A | B23: 3 | C23: 4 | D23: 4 | E23: 3 | F23: 4 | G23: 3 | H23: 4 | I23: 3 | J23: 2 | K23: 4 | L23: 3 | M23: 4 | N23: 2 | O23: 4 | P23: 2 | Q23: 2 | R23: 1 | S23: 2 | T23: 3 | U23: 2 | V23: 1 | W23: 3 | X23: 4 | Y23: 4 | Z23: 3 | AA23: 3 | AB23: 2 | AC23: 4 | AD23: 1 | AE23: 2 | AF23: 1 | AG23: 2 | AH23: 3 | AI23: 1 | AJ23: 1 | AK23: 1 | AL23: 1 | AM23: 1 | AN23: 1 | AO23: 1 | AP23: 1 | AQ23: 1 | AR23: 2 | AS23: 2 | AT23: 4 | AU23: 3 | AV23: 4 | AW23: 2 | AX23: 4 | AY23: 4 | AZ23: 4 | BA23: 3 | BB23: 4 | BC23: 4 | BD23: 4 | BE23: 3 | BF23: 4 | BG23: 4 | BH23: 3 | BI23: 3 | BJ23: 3 | BK23: 4 | BL23: 4 | BM23: 3 | BN23: 2 | BO23: 1 | BP23: 1 | BQ23: 1 | BR23: 2 | BS23: 1 | BT23: 3 | BU23: 3 | BV23: 4 | BW23: 4 | BX23: 4 | BY23: 3 | BZ23: 4 | CA23: 4 | CB23: 4 | CC23: 4 | CD23: 4 | CE23: 4 | CF23: 4 | CG23: 4 | CH23: 4 | CI23: 4 | CJ23: 4 | CK23: 3 | CL23: 4 | CM23: 4 | CN23: 4 | CO23: 3 | CP23: 4 | CQ23: 4 | CR23: 2 | CS23: 4 | CT23: 2 | CV23: 4 | CW23: 3 | CX23: 4 | CY23: 2 | CZ23: 4 | DA23: 2 | DB23: 4 | DC23: 2 | DD23: 3 | DE23: 3 | DF23: 3 | DG23: 2 | DH23: 2 | DI23: 1
A24: 7º ano A | B24: 2 | C24: 3 | D24: 3 | E24: 3 | F24: 3 | G24: 4 | H24: 2 | I24: 3 | J24: 1 | K24: 3 | L24: 2 | M24: 4 | N24: 2 | O24: 4 | P24: 2 | Q24: 2 | R24: 2 | S24: 2 | T24: 2 | U24: 2 | V24: 2 | W24: 3 | X24: 3 | Y24: 4 | Z24: 1 | AA24: 4 | AB24: 2 | AC24: 1 | AD24: 3 | AE24: 3 | AF24: 3 | AG24: 3 | AH24: 2 | AI24: 3 | AJ24: 4 | AK24: 3 | AL24: 4 | AM24: 2 | AN24: 3 | AO24: 3 | AP24: 2 | AQ24: 4 | AR24: 1 | AS24: 1 | AT24: 1 | AU24: 1 | AV24: 1 | AW24: 1 | AX24: 1 | AY24: 4 | AZ24: 3 | BA24: 4 | BB24: 4 | BC24: 4 | BD24: 3 | BE24: 4 | BF24: 4 | BG24: 4 | BH24: 4 | BI24: 3 | BJ24: 4 | BK24: 4 | BL24: 4 | BM24: 4 | BN24: 4 | BO24: 4 | BP24: 4 | BQ24: 4 | BR24: 4 | BS24: 4 | BT24: 4 | BU24: 4 | BV24: 4 | BW24: 4 | BX24: 4 | BY24: 2 | BZ24: 2 | CA24: 4 | CB24: 3 | CC24: 4 | CD24: 4 | CE24: 4 | CF24: 4 | CG24: 4 | CH24: 4 | CI24: 4 | CJ24: 4 | CK24: 4 | CL24: 4 | CM24: 4 | CN24: 4 | CO24: 4 | CP24: 3 | CQ24: 4 | CR24: 3 | CS24: 3 | CT24: 4 | CU24: 4 | CV24: 1 | CW24: 1 | CX24: 1 | CY24: 1 | CZ24: 1 | DA24: 1 | DB24: 2 | DC24: 1 | DD24: 1 | DE24: 1 | DF24: 3 | DG24: 4 | DH24: 4 | DI24: 3
A25: 7º ano A | B25: 4 | C25: 4 | D25: 4 | E25: 4 | F25: 4 | G25: 3 | H25: 4 | I25: 4 | J25: 4 | K25: 4 | L25: 4 | M25: 4 | N25: 4 | O25: 4 | P25: 4 | Q25: 3 | R25: 4 | S25: 4 | T25: 4 | U25: 4 | V25: 4 | W25: 4 | X25: 4 | Y25: 4 | Z25: 4 | AA25: 4 | AB25: 4 | AC25: 4 | AD25: 4 | AE25: 4 | AF25: 4 | AG25: 4 | AH25: 4 | AI25: 4 | AJ25: 4 | AK25: 4 | AL25: 3 | AM25: 4 | AN25: 4 | AO25: 4 | AP25: 4 | AQ25: 3 | AR25: 4 | AS25: 4 | AT25: 4 | AU25: 4 | AV25: 4 | AW25: 2 | AX25: 4 | AY25: 4 | AZ25: 4 | BA25: 3 | BB25: 4 | BC25: 4 | BD25: 4 | BE25: 4 | BF25: 4 | BG25: 4 | BH25: 4 | BI25: 4 | BJ25: 4 | BK25: 4 | BL25: 4 | BM25: 3 | BN25: 4 | BO25: 4 | BP25: 4 | BQ25: 2 | BR25: 4 | BS25: 4 | BT25: 4 | BU25: 4 | BV25: 4 | BW25: 4 | BX25: 4 | BY25: 4 | BZ25: 4 | CA25: 4 | CB25: 4 | CC25: 4 | CD25: 4 | CE25: 4 | CF25: 4 | CG25: 4 | CH25: 4 | CI25: 4 | CJ25: 4 | CK25: 4 | CL25: 4 | CM25: 4 | CN25: 4 | CO25: 4 | CP25: 4 | CQ25: 4 | CR25: 4 | CS25: 4 | CT25: 4 | CU25: 4 | CV25: 4 | CW25: 4 | CX25: 4 | CY25: 4 | CZ25: 4 | DA25: 4 | DB25: 4 | DC25: 4 | DD25: 4 | DE25: 4 | DF25: 4 | DG25: 4 | DH25: 4 | DI25: 4
A26: 7º ano A | B26: 4 | C26: 3 | D26: 4 | E26: 4 | F26: 4 | G26: 2 | H26: 4 | I26: 3 | J26: 4 | K26: 3 | L26: 2 | M26: 3 | N26: 3 | O26: 4 | P26: 4 | Q26: 4 | R26: 4 | S26: 4 | T26: 4 | U26: 2 | V26: 4 | W26: 4 | X26: 4 | Y26: 4 | Z26: 4 | AA26: 4 | AB26: 4 | AC26: 4 | AD26: 4 | AE26: 3 | AF26: 1 | AG26: 4 | AH26: 4 | AI26: 3 | AJ26: 1 | AK26: 4 | AL26: 1 | AM26: 4 | AN26: 3 | AO26: 4 | AP26: 2 | AQ26: 3 | AR26: 3 | AS26: 4 | AT26: 2 | AU26: 4 | AV26: 4 | AW26: 1 | AX26: 4 | AY26: 2 | AZ26: 1 | BA26: 4 | BB26: 4 | BC26: 3 | BD26: 4 | BE26: 4 | BF26: 4 | BG26: 4 | BH26: 4 | BI26: 4 | BJ26: 4 | BK26: 2 | BL26: 4 | BM26: 2 | BN26: 1 | BO26: 3 | BP26: 4 | BQ26: 4 | BR26: 1 | BS26: 1 | BT26: 4 | BU26: 4 | BV26: 4 | BW26: 4 | BX26: 4 | BY26: 4 | BZ26: 4 | CA26: 4 | CB26: 2 | CC26: 4 | CD26: 3 | CE26: 2 | CF26: 4 | CG26: 4 | CH26: 2 | CI26: 2 | CJ26: 4 | CK26: 4 | CL26: 4 | CM26: 3 | CN26: 4 | CO26: 1 | CP26: 1 | CQ26: 4 | CR26: 3 | CS26: 4 | CT26: 2 | CU26: 4 | CV26: 1 | CW26: 2 | CX26: 4 | CY26: 2 | CZ26: 4 | DA26: 1 | DB26: 4 | DC26: 4 | DD26: 4 | DE26: 4 | DF26: 4 | DG26: 4 | DH26: 3 | DI26: 4
A27: 7º ano A | B27: 3 | C27: 4 | D27: 4 | E27: 2 | F27: 4 | G27: 2 | H27: 4 | I27: 2 | J27: 4 | K27: 4 | L27: 2 | M27: 2 | N27: 2 | O27: 4 | P27: 1 | Q27: 2 | R27: 2 | S27: 2 | T27: 1 | U27: 1 | V27: 2 | W27: 2 | X27: 4 | Y27: 3 | Z27: 2 | AA27: 1 | AB27: 2 | AC27: 3 | AD27: 1 | AE27: 1 | AF27: 1 | AG27: 1 | AH27: 2 | AI27: 1 | AJ27: 1 | AK27: 3 | AL27: 3 | AM27: 3 | AN27: 2 | AO27: 4 | AP27: 3 | AQ27: 2 | AR27: 1 | AS27: 3 | AT27: 4 | AU27: 1 | AV27: 4 | AW27: 1 | AX27: 3 | AY27: 4 | AZ27: 2 | BA27: 4 | BB27: 4 | BC27: 4 | BD27: 4 | BE27: 4 | BF27: 4 | BG27: 4 | BH27: 4 | BI27: 3 | BJ27: 4 | BK27: 4 | BL27: 4 | BM27: 2 | BN27: 1 | BO27: 1 | BP27: 1 | BQ27: 3 | BR27: 1 | BS27: 2 | BT27: 4 | BU27: 4 | BV27: 4 | BW27: 2 | BX27: 4 | BY27: 4 | BZ27: 4 | CA27: 4 | CB27: 4 | CC27: 4 | CD27: 4 | CE27: 4 | CF27: 4 | CG27: 4 | CH27: 4 | CI27: 4 | CJ27: 4 | CK27: 2 | CL27: 4 | CM27: 3 | CN27: 4 | CO27: 4 | CP27: 2 | CQ27: 4 | CR27: 3 | CS27: 4 | CT27: 4 | CU27: 4 | CV27: 4 | CW27: 4 | CX27: 4 | CY27: 3 | CZ27: 4 | DA27: 4 | DB27: 4 | DC27: 4 | DD27: 2 | DE27: 4 | DF27: 3 | DG27: 4 | DH27: 4 | DI27: 4
A28: 7º ano A | B28: 4 | D28: 4 | F28: 4 | G28: 4 | H28: 4 | I28: 4 | K28: 4 | L28: 4 | M28: 4 | N28: 4 | O28: 4 | P28: 4 | Q28: 4 | R28: 4 | S28: 4 | T28: 4 | U28: 4 | V28: 4 | W28: 3 | X28: 4 | Y28: 3 | Z28: 4 | AA28: 4 | AC28: 4 | AD28: 4 | AE28: 4 | AF28: 4 | AG28: 4 | AH28: 4 | AI28: 4 | AJ28: 4 | AK28: 4 | AL28: 4 | AM28: 4 | AN28: 4 | AO28: 4 | AP28: 4 | AQ28: 4 | AR28: 3 | AS28: 3 | AT28: 3 | AU28: 3 | AV28: 3 | AW28: 3 | AX28: 3 | AY28: 4 | AZ28: 4 | BA28: 4 | BB28: 4 | BC28: 4 | BD28: 4 | BE28: 4 | BF28: 4 | BG28: 4 | BH28: 4 | BI28: 4 | BJ28: 4 | BK28: 4 | BL28: 4 | BM28: 4 | BN28: 4 | BO28: 4 | BP28: 4 | BQ28: 4 | BR28: 4 | BS28: 4 | BT28: 4 | BU28: 4 | BV28: 4 | BW28: 4 | BX28: 4 | BY28: 4 | BZ28: 4 | CA28: 4 | CB28: 4 | CC28: 4 | CD28: 4 | CE28: 4 | CF28: 4 | CH28: 4 | CI28: 4 | CJ28: 4 | CK28: 4 | CL28: 4 | CM28: 4 | CN28: 4 | CO28: 4 | CP28: 4 | CQ28: 4 | CR28: 4 | CS28: 4 | CT28: 4 | CU28: 4 | CV28: 4 | CW28: 4 | CX28: 4 | CY28: 4 | CZ28: 4 | DA28: 4 | DB28: 4 | DC28: 4 | DD28: 4 | DE28: 4 | DF28: 4 | DG28: 4 | DH28: 4 | DI28: 4
A29: 7º ano A | B29: 3 | C29: 2 | D29: 2 | E29: 1 | F29: 4 | G29: 2 | H29: 3 | I29: 1 | J29: 1 | K29: 1 | L29: 1 | M29: 1 | N29: 1 | O29: 1 | P29: 2 | Q29: 2 | R29: 2 | S29: 2 | T29: 2 | U29: 2 | V29: 2 | W29: 3 | X29: 3 | Y29: 3 | Z29: 3 | AA29: 3 | AB29: 3 | AC29: 3 | AD29: 3 | AE29: 3 | AF29: 3 | AG29: 3 | AH29: 3 | AI29: 3 | AJ29: 3 | AK29: 2 | AL29: 2 | AM29: 2 | AN29: 2 | AO29: 2 | AP29: 2 | AQ29: 2 | AR29: 3 | AS29: 3 | AT29: 3 | AU29: 3 | AV29: 3 | AW29: 3 | AX29: 3 | AY29: 4 | AZ29: 4 | BA29: 4 | BB29: 4 | BC29: 4 | BD29: 4 | BE29: 4 | BF29: 4 | BG29: 4 | BH29: 4 | BI29: 4 | BJ29: 4 | BK29: 4 | BL29: 4 | BM29: 3 | BN29: 1 | BO29: 1 | BP29: 4 | BQ29: 4 | BR29: 1 | BS29: 1 | BT29: 4 | BU29: 4 | BV29: 4 | BW29: 4 | BX29: 4 | BY29: 4 | BZ29: 4 | CA29: 4 | CB29: 4 | CC29: 4 | CD29: 4 | CE29: 2 | CF29: 4 | CG29: 4 | CH29: 4 | CI29: 4 | CJ29: 4 | CK29: 4 | CL29: 4 | CM29: 4 | CN29: 4 | CO29: 3 | CP29: 3 | CQ29: 3 | CR29: 3 | CS29: 3 | CT29: 3 | CU29: 3 | CV29: 2 | CW29: 2 | CX29: 2 | CY29: 2 | CZ29: 2 | DA29: 2 | DB29: 2 | DC29: 2 | DD29: 2 | DE29: 2 | DF29: 2 | DG29: 2 | DH29: 2 | DI29: 2
A30: 7º ano A | B30: 3 | C30: 2 | D30: 3 | G30: 3 | H30: 4 | I30: 3 | J30: 3 | K30: 3 | L30: 4 | M30: 3 | N30: 4 | O30: 4 | P30: 2 | Q30: 3 | R30: 3 | S30: 4 | T30: 4 | W30: 4 | X30: 4 | Y30: 3 | Z30: 4 | AA30: 4 | AB30: 4 | AD30: 1 | AE30: 1 | AF30: 1 | AG30: 1 | AH30: 1 | AJ30: 1 | AK30: 1 | AL30: 1 | AM30: 1 | AN30: 1 | AO30: 1 | AP30: 1 | AQ30: 1 | AR30: 3 | AS30: 3 | AT30: 3 | AU30: 3 | AV30: 3 | AW30: 2 | AX30: 3 | AY30: 3 | AZ30: 3 | BA30: 4 | BB30: 3 | BC30: 3 | BD30: 4 | BE30: 4 | BF30: 4 | BG30: 4 | BH30: 4 | BI30: 4 | BJ30: 4 | BK30: 4 | BL30: 4 | BM30: 2 | BN30: 2 | BO30: 2 | BP30: 2 | BQ30: 2 | BR30: 2 | BS30: 2 | BT30: 3 | BU30: 3 | BV30: 3 | BW30: 3 | BX30: 3 | BY30: 3 | BZ30: 3 | CA30: 4 | CB30: 4 | CC30: 4 | CD30: 3 | CE30: 4 | CF30: 4 | CG30: 4 | CH30: 4 | CI30: 4 | CJ30: 4 | CK30: 4 | CL30: 3 | CM30: 3 | CN30: 3 | CO30: 4 | CP30: 4 | CQ30: 4 | CR30: 4 | CS30: 4 | CT30: 4 | CU30: 4 | CV30: 3 | CW30: 3 | CX30: 3 | CY30: 3 | CZ30: 3 | DA30: 3 | DB30: 3 | DC30: 2 | DD30: 2 | DE30: 2 | DF30: 2 | DG30: 2 | DH30: 2 | DI30: 2
A31: 7º ano A | B31: 4 | C31: 4 | D31: 4 | E31: 3 | F31: 4 | G31: 4 | H31: 4 | I31: 4 | J31: 3 | K31: 4 | L31: 3 | M31: 2 | N31: 3 | O31: 4 | P31: 1 | Q31: 1 | R31: 1 | S31: 1 | T31: 1 | U31: 1 | V31: 1 | W31: 3 | X31: 4 | Y31: 4 | Z31: 4 | AA31: 4 | AB31: 4 | AC31: 4 | AD31: 3 | AE31: 4 | AF31: 2 | AG31: 4 | AH31: 4 | AI31: 4 | AJ31: 2 | AK31: 1 | AL31: 4 | AM31: 1 | AN31: 1 | AO31: 2 | AP31: 1 | AQ31: 1 | AR31: 4 | AS31: 4 | AT31: 4 | AU31: 4 | AV31: 4 | AW31: 4 | AX31: 4 | AY31: 3 | AZ31: 4 | BA31: 3 | BB31: 4 | BC31: 4 | BD31: 4 | BE31: 4 | BF31: 4 | BG31: 4 | BH31: 4 | BI31: 4 | BJ31: 4 | BK31: 4 | BL31: 4 | BM31: 4 | BN31: 3 | BO31: 3 | BP31: 3 | BQ31: 3 | BR31: 4 | BS31: 2 | BT31: 3 | BU31: 4 | BV31: 4 | BW31: 4 | BX31: 4 | BY31: 4 | BZ31: 4 | CA31: 4 | CB31: 4 | CC31: 3 | CD31: 4 | CE31: 4 | CF31: 4 | CG31: 4 | CH31: 4 | CI31: 4 | CJ31: 4 | CK31: 4 | CL31: 4 | CM31: 4 | CN31: 4 | CO31: 4 | CP31: 4 | CQ31: 4 | CR31: 4 | CS31: 4 | CT31: 4 | CU31: 4 | CV31: 4 | CW31: 4 | CX31: 4 | CY31: 4 | CZ31: 4 | DA31: 4 | DB31: 4 | DC31: 4 | DD31: 4 | DE31: 3 | DF31: 4 | DG31: 4 | DH31: 4 | DI31: 4
A32: 7º ano A | B32: 4 | C32: 3 | D32: 4 | E32: 4 | F32: 4 | G32: 4 | H32: 4 | I32: 4 | J32: 3 | K32: 4 | L32: 4 | M32: 4 | N32: 4 | O32: 4 | P32: 3 | Q32: 3 | R32: 3 | S32: 3 | T32: 3 | U32: 4 | V32: 4 | W32: 4 | X32: 4 | Y32: 4 | Z32: 3 | AA32: 4 | AB32: 4 | AC32: 4 | AD32: 3 | AE32: 4 | AF32: 4 | AG32: 3 | AH32: 4 | AI32: 3 | AJ32: 4 | AK32: 2 | AL32: 1 | AM32: 2 | AN32: 4 | AO32: 3 | AP32: 4 | AQ32: 1 | AR32: 4 | AS32: 4 | AT32: 4 | AU32: 3 | AV32: 4 | AW32: 4 | AX32: 4 | AY32: 3 | AZ32: 1 | BA32: 2 | BB32: 4 | BC32: 4 | BD32: 4 | BE32: 4 | BF32: 4 | BG32: 3 | BH32: 4 | BI32: 3 | BJ32: 3 | BK32: 4 | BL32: 4 | BM32: 1 | BN32: 2 | BO32: 4 | BP32: 2 | BQ32: 1 | BR32: 3 | BS32: 1 | BT32: 4 | BU32: 3 | BV32: 4 | BW32: 4 | BX32: 3 | BY32: 3 | BZ32: 4 | CA32: 3 | CB32: 2 | CC32: 3 | CD32: 4 | CE32: 4 | CF32: 4 | CG32: 4 | CH32: 4 | CI32: 2 | CJ32: 3 | CK32: 4 | CL32: 3 | CM32: 4 | CN32: 4 | CO32: 4 | CP32: 3 | CQ32: 4 | CR32: 3 | CS32: 4 | CT32: 3 | CU32: 4 | CV32: 4 | CW32: 4 | CX32: 4 | CY32: 3 | CZ32: 4 | DA32: 3 | DB32: 4 | DC32: 3 | DD32: 2 | DE32: 3 | DF32: 3 | DG32: 3 | DH32: 4 | DI32: 4
A33: 7º ano B | B33: 4 | C33: 4 | D33: 4 | E33: 3 | F33: 3 | G33: 2 | H33: 4 | I33: 4 | J33: 4 | K33: 4 | L33: 4 | M33: 4 | N33: 4 | O33: 4 | P33: 3 | Q33: 3 | R33: 3 | S33: 3 | T33: 3 | U33: 3 | V33: 3 | W33: 2 | X33: 3 | Y33: 2 | Z33: 3 | AB33: 4 | AC33: 4 | AD33: 4 | AE33: 4 | AF33: 3 | AG33: 4 | AH33: 1 | AI33: 4 | AJ33: 4 | AK33: 1 | AL33: 1 | AM33: 1 | AN33: 1 | AO33: 1 | AP33: 1 | AQ33: 1 | AR33: 4 | AS33: 4 | AT33: 4 | AU33: 4 | AV33: 4 | AW33: 4 | AX33: 4 | AY33: 3 | AZ33: 1 | BA33: 2 | BB33: 4 | BC33: 2 | BD33: 4 | BE33: 3 | BF33: 4 | BG33: 4 | BH33: 4 | BI33: 4 | BJ33: 4 | BK33: 4 | BL33: 4 | BM33: 4 | BN33: 4 | BO33: 4 | BP33: 4 | BQ33: 4 | BR33: 4 | BS33: 4 | BT33: 4 | BU33: 4 | BV33: 4 | BW33: 3 | BX33: 4 | BY33: 3 | BZ33: 4 | CA33: 1 | CB33: 1 | CC33: 1 | CD33: 1 | CE33: 1 | CF33: 1 | CG33: 1 | CH33: 4 | CI33: 4 | CJ33: 4 | CK33: 4 | CL33: 4 | CM33: 4 | CN33: 4 | CO33: 4 | CP33: 4 | CQ33: 4 | CR33: 4 | CS33: 4 | CT33: 4 | CU33: 4 | CV33: 3 | CW33: 1 | CX33: 3 | CY33: 3 | CZ33: 1 | DA33: 4 | DB33: 3 | DC33: 1 | DD33: 1 | DE33: 1 | DF33: 1 | DG33: 1 | DH33: 1 | DI33: 1
A34: 7º ano B | B34: 4 | C34: 3 | D34: 2 | E34: 4 | F34: 1 | G34: 2 | H34: 2 | I34: 4 | J34: 4 | K34: 4 | L34: 4 | M34: 4 | N34: 4 | O34: 4 | P34: 1 | Q34: 1 | R34: 2 | S34: 1 | T34: 1 | U34: 1 | V34: 1 | W34: 1 | X34: 1 | Y34: 1 | Z34: 1 | AA34: 1 | AB34: 2 | AC34: 2 | AD34: 1 | AE34: 1 | AF34: 1 | AG34: 1 | AH34: 1 | AI34: 1 | AK34: 1 | AL34: 1 | AM34: 1 | AN34: 1 | AO34: 1 | AP34: 1 | AQ34: 1 | AR34: 1 | AS34: 1 | AT34: 1 | AU34: 1 | AV34: 1 | AW34: 1 | AX34: 1 | AY34: 3 | AZ34: 3 | BA34: 3 | BB34: 3 | BC34: 3 | BD34: 3 | BE34: 3 | BF34: 4 | BG34: 4 | BH34: 4 | BI34: 4 | BJ34: 4 | BK34: 4 | BL34: 4 | BM34: 4 | BN34: 3 | BO34: 3 | BP34: 1 | BQ34: 2 | BR34: 3 | BS34: 2 | BT34: 4 | BU34: 2 | BV34: 2 | BW34: 3 | BX34: 4 | BY34: 4 | BZ34: 4 | CA34: 4 | CB34: 4 | CC34: 4 | CD34: 4 | CE34: 4 | CF34: 4 | CG34: 4 | CH34: 4 | CI34: 4 | CJ34: 4 | CK34: 4 | CL34: 4 | CM34: 4 | CN34: 4 | CO34: 2 | CP34: 2 | CQ34: 2 | CR34: 2 | CS34: 2 | CT34: 2 | CV34: 1 | CW34: 2 | CX34: 1 | CY34: 2 | CZ34: 1 | DA34: 2 | DB34: 1
A35: 7º ano B | B35: 4 | C35: 3 | D35: 2 | E35: 4 | F35: 2 | G35: 1 | H35: 2 | I35: 4 | J35: 4 | K35: 4 | L35: 4 | M35: 4 | N35: 4 | O35: 4 | P35: 1 | Q35: 1 | R35: 2 | S35: 1 | T35: 1 | U35: 1 | V35: 1 | W35: 2 | X35: 2 | Y35: 2 | Z35: 1 | AA35: 1 | AB35: 2 | AC35: 1 | AD35: 1 | AE35: 1 | AF35: 1 | AG35: 1 | AH35: 1 | AI35: 1 | AJ35: 1 | AK35: 3 | AL35: 3 | AM35: 2 | AN35: 3 | AO35: 2 | AP35: 3 | AQ35: 2 | AR35: 1 | AS35: 1 | AT35: 1 | AU35: 1 | AV35: 1 | AW35: 1 | AX35: 1 | AY35: 3 | AZ35: 4 | BA35: 4 | BB35: 4 | BC35: 3 | BD35: 4 | BE35: 4 | BF35: 4 | BG35: 4 | BH35: 4 | BI35: 4 | BJ35: 4 | BK35: 4 | BL35: 4 | BM35: 4 | BN35: 4 | BO35: 4 | BP35: 3 | BQ35: 4 | BR35: 4 | BS35: 4 | BT35: 3 | BU35: 3 | BV35: 3 | BW35: 3 | BX35: 3 | BY35: 4 | BZ35: 3 | CA35: 4 | CB35: 4 | CC35: 4 | CD35: 4 | CE35: 4 | CF35: 4 | CG35: 4 | CH35: 4 | CI35: 4 | CJ35: 4 | CK35: 4 | CL35: 4 | CM35: 4 | CN35: 4 | CO35: 3 | CP35: 3 | CQ35: 3 | CR35: 3 | CS35: 3 | CT35: 3 | CU35: 4 | CV35: 3 | CW35: 2 | CX35: 3 | CY35: 3 | CZ35: 3 | DA35: 3 | DB35: 4
A36: 7º ano B | B36: 4 | C36: 3 | D36: 3 | E36: 4 | F36: 3 | G36: 2 | H36: 4 | I36: 2 | J36: 1 | K36: 4 | L36: 2 | M36: 3 | N36: 1 | O36: 4 | P36: 1 | Q36: 2 | R36: 3 | S36: 2 | T36: 2 | U36: 2 | V36: 4 | W36: 2 | X36: 2 | Y36: 2 | Z36: 3 | AA36: 3 | AB36: 1 | AC36: 3 | AD36: 2 | AE36: 3 | AF36: 2 | AG36: 4 | AH36: 4 | AI36: 2 | AJ36: 3 | AK36: 4 | AL36: 4 | AM36: 4 | AN36: 3 | AO36: 3 | AP36: 2 | AQ36: 4 | AR36: 2 | AS36: 4 | AT36: 2 | AU36: 1 | AV36: 4 | AW36: 1 | AX36: 3 | AY36: 4 | AZ36: 4 | BA36: 3 | BB36: 4 | BC36: 4 | BD36: 4 | BE36: 4 | BF36: 4 | BG36: 4 | BH36: 4 | BI36: 4 | BJ36: 4 | BK36: 4 | BL36: 4 | BM36: 2 | BN36: 4 | BO36: 2 | BP36: 4 | BQ36: 2 | BR36: 2 | BS36: 1 | BT36: 4 | BU36: 4 | BV36: 4 | BW36: 3 | BX36: 4 | BY36: 2 | BZ36: 4 | CA36: 4 | CB36: 4 | CC36: 4 | CD36: 4 | CE36: 4 | CF36: 4 | CG36: 4 | CH36: 4 | CI36: 4 | CJ36: 4 | CK36: 2 | CL36: 4 | CM36: 2 | CN36: 4 | CO36: 4 | CP36: 4 | CQ36: 4 | CR36: 3 | CS36: 3 | CT36: 2 | CU36: 4 | CV36: 3 | CW36: 4 | CX36: 2 | CY36: 3 | CZ36: 3 | DA36: 2 | DB36: 4 | DC36: 1 | DD36: 1 | DE36: 1 | DF36: 1 | DG36: 1 | DH36: 1 | DI36: 1
A37: 7º ano B | B37: 4 | C37: 3 | D37: 2 | E37: 4 | F37: 3 | G37: 2 | H37: 3 | I37: 4 | J37: 4 | K37: 4 | L37: 4 | M37: 4 | N37: 4 | O37: 4 | P37: 2 | Q37: 2 | R37: 3 | S37: 4 | T37: 2 | U37: 3 | V37: 2 | W37: 1 | X37: 1 | Y37: 1 | Z37: 2 | AA37: 3 | AB37: 2 | AC37: 1 | AD37: 2 | AE37: 2 | AF37: 2 | AG37: 3 | AH37: 2 | AI37: 1 | AJ37: 1 | AK37: 3 | AL37: 3 | AM37: 3 | AN37: 3 | AO37: 3 | AP37: 3 | AQ37: 3 | AR37: 2 | AS37: 4 | AT37: 1 | AU37: 1 | AV37: 2 | AW37: 2 | AX37: 2 | AY37: 3 | AZ37: 3 | BA37: 1 | BB37: 4 | BC37: 3 | BD37: 4 | BE37: 1 | BF37: 4 | BG37: 4 | BH37: 4 | BI37: 4 | BJ37: 4 | BK37: 4 | BL37: 4 | BM37: 4 | BN37: 4 | BO37: 4 | BP37: 4 | BQ37: 4 | BR37: 4 | BS37: 4 | BT37: 4 | BU37: 4 | BV37: 4 | BW37: 4 | BX37: 4 | BY37: 4 | BZ37: 4 | CA37: 4 | CB37: 4 | CC37: 4 | CD37: 4 | CE37: 4 | CF37: 4 | CG37: 3 | CH37: 4 | CI37: 4 | CJ37: 4 | CK37: 4 | CL37: 4 | CM37: 4 | CN37: 4 | CO37: 3 | CP37: 3 | CQ37: 4 | CR37: 4 | CS37: 4 | CT37: 4 | CU37: 4 | CV37: 2 | CW37: 2 | CX37: 3 | CY37: 3 | CZ37: 2 | DA37: 1 | DB37: 3
A38: 7º ano B | B38: 3 | C38: 3 | D38: 4 | E38: 3 | F38: 4 | G38: 3 | H38: 4 | I38: 4 | J38: 4 | K38: 4 | L38: 4 | M38: 4 | N38: 3 | O38: 4 | P38: 3 | Q38: 2 | R38: 4 | S38: 3 | T38: 4 | U38: 3 | V38: 4 | W38: 4 | X38: 4 | Y38: 4 | Z38: 4 | AA38: 4 | AB38: 4 | AC38: 4 | AD38: 4 | AE38: 4 | AF38: 4 | AG38: 4 | AH38: 4 | AI38: 4 | AJ38: 4 | AK38: 3 | AL38: 2 | AM38: 4 | AN38: 3 | AO38: 4 | AP38: 3 | AQ38: 3 | AR38: 4 | AS38: 3 | AT38: 4 | AU38: 4 | AV38: 4 | AW38: 3 | AX38: 4 | AY38: 4 | AZ38: 4 | BA38: 4 | BB38: 4 | BC38: 4 | BD38: 4 | BE38: 4 | BF38: 3 | BG38: 4 | BH38: 4 | BI38: 4 | BJ38: 4 | BK38: 3 | BL38: 4 | BM38: 3 | BN38: 4 | BO38: 3 | BP38: 4 | BQ38: 3 | BR38: 3 | BS38: 2 | BT38: 4 | BU38: 3 | BV38: 4 | BW38: 4 | BX38: 4 | BY38: 3 | BZ38: 4 | CA38: 3 | CB38: 4 | CC38: 3 | CD38: 4 | CE38: 3 | CF38: 4 | CG38: 4 | CH38: 4 | CI38: 4 | CJ38: 4 | CK38: 3 | CL38: 4 | CM38: 3 | CN38: 4 | CO38: 4 | CP38: 2 | CQ38: 4 | CR38: 4 | CS38: 4 | CT38: 3 | CU38: 4 | CV38: 3 | CW38: 4 | CX38: 4 | CY38: 3 | CZ38: 4 | DA38: 3 | DB38: 4
A39: 7º ano B | B39: 4 | C39: 4 | D39: 4 | E39: 4 | F39: 4 | G39: 4 | H39: 4 | I39: 2 | J39: 2 | K39: 3 | L39: 4 | M39: 1 | N39: 3 | O39: 2 | P39: 3 | Q39: 3 | R39: 3 | S39: 3 | T39: 3 | U39: 3 | V39: 3 | W39: 1 | X39: 1 | Y39: 2 | Z39: 3 | AA39: 4 | AB39: 4 | AC39: 4 | AD39: 3 | AE39: 2 | AF39: 2 | AG39: 4 | AH39: 4 | AI39: 3 | AJ39: 4 | AK39: 2 | AL39: 4 | AM39: 3 | AN39: 4 | AO39: 3 | AP39: 4 | AQ39: 3 | AR39: 1 | AS39: 2 | AT39: 1 | AU39: 4 | AV39: 4 | AW39: 3 | AX39: 1 | AY39: 1 | AZ39: 1 | BA39: 1 | BB39: 1 | BC39: 1 | BD39: 1 | BE39: 1 | BF39: 4 | BG39: 4 | BH39: 4 | BI39: 4 | BJ39: 4 | BK39: 4 | BL39: 4 | BM39: 4 | BN39: 4 | BO39: 3 | BP39: 4 | BQ39: 2 | BR39: 3 | BS39: 4 | BT39: 4 | BU39: 4 | BV39: 4 | BW39: 4 | BX39: 4 | BY39: 4 | BZ39: 4 | CA39: 4 | CB39: 4 | CC39: 4 | CD39: 4 | CE39: 4 | CF39: 4 | CG39: 4 | CH39: 4 | CI39: 3 | CJ39: 4 | CK39: 4 | CL39: 4 | CM39: 3 | CN39: 4 | CO39: 3 | CP39: 3 | CQ39: 4 | CR39: 4 | CS39: 4 | CT39: 3 | CU39: 4 | CV39: 2 | CW39: 2 | CX39: 1 | CY39: 2 | CZ39: 4 | DA39: 2 | DB39: 4 | DC39: 4 | DD39: 4 | DE39: 4 | DF39: 4 | DG39: 4 | DH39: 4 | DI39: 4
A40: 7º ano B | B40: 1 | C40: 2 | D40: 3 | E40: 2 | F40: 3 | G40: 1 | H40: 2 | I40: 4 | J40: 3 | K40: 3 | L40: 3 | M40: 3 | N40: 3 | O40: 4 | P40: 2 | Q40: 2 | R40: 2 | S40: 2 | T40: 1 | U40: 1 | V40: 2 | W40: 1 | X40: 1 | Y40: 2 | Z40: 2 | AA40: 1 | AB40: 2 | AC40: 3 | AD40: 2 | AE40: 2 | AF40: 2 | AG40: 2 | AH40: 2 | AI40: 2 | AJ40: 2 | AK40: 1 | AL40: 1 | AM40: 2 | AN40: 1 | AO40: 2 | AP40: 2 | AQ40: 2 | AR40: 1 | AS40: 1 | AT40: 1 | AU40: 1 | AV40: 1 | AW40: 1 | AX40: 1 | AY40: 2 | AZ40: 1 | BA40: 1 | BB40: 3 | BC40: 3 | BD40: 3 | BE40: 1 | BF40: 4 | BG40: 4 | BH40: 4 | BI40: 4 | BJ40: 4 | BK40: 4 | BL40: 4 | BM40: 3 | BN40: 3 | BO40: 2 | BP40: 4 | BQ40: 3 | BR40: 2 | BS40: 2 | BT40: 4 | BU40: 4 | BV40: 4 | BW40: 3 | BX40: 4 | BY40: 4 | BZ40: 4 | CA40: 4 | CB40: 4 | CC40: 3 | CD40: 4 | CE40: 4 | CF40: 4 | CG40: 4 | CH40: 4 | CI40: 4 | CJ40: 4 | CK40: 4 | CL40: 4 | CM40: 4 | CN40: 4 | CO40: 2 | CP40: 2 | CQ40: 3 | CR40: 2 | CS40: 2 | CT40: 2 | CU40: 2 | CV40: 2 | CW40: 2 | CX40: 1 | CY40: 2 | CZ40: 1 | DA40: 2 | DB40: 1 | DC40: 3 | DD40: 3 | DE40: 3 | DF40: 3 | DG40: 3 | DH40: 3 | DI40: 3
A41: 7º ano B | B41: 4 | C41: 2 | D41: 4 | E41: 3 | F41: 4 | G41: 3 | H41: 4 | I41: 3 | J41: 2 | K41: 4 | L41: 3 | M41: 4 | N41: 3 | O41: 4 | P41: 3 | Q41: 3 | R41: 3 | S41: 4 | T41: 4 | U41: 3 | V41: 4 | W41: 2 | X41: 4 | Y41: 3 | Z41: 3 | AA41: 4 | AB41: 2 | AC41: 4 | AD41: 3 | AE41: 4 | AF41: 3 | AG41: 2 | AH41: 4 | AI41: 2 | AJ41: 4 | AK41: 4 | AL41: 2 | AM41: 4 | AN41: 3 | AO41: 4 | AP41: 3 | AQ41: 4 | AR41: 2 | AS41: 3 | AT41: 2 | AU41: 2 | AV41: 4 | AW41: 2 | AX41: 2 | AY41: 4 | AZ41: 2 | BA41: 3 | BB41: 4 | BC41: 4 | BD41: 4 | BE41: 3 | BF41: 4 | BG41: 4 | BH41: 4 | BI41: 4 | BJ41: 4 | BK41: 4 | BL41: 4 | BM41: 4 | BN41: 4 | BO41: 2 | BP41: 4 | BQ41: 4 | BR41: 4 | BS41: 2 | BT41: 4 | BU41: 3 | BV41: 4 | BW41: 3 | BX41: 4 | BY41: 3 | BZ41: 4 | CA41: 4 | CB41: 4 | CC41: 4 | CD41: 4 | CE41: 4 | CF41: 4 | CG41: 4 | CH41: 4 | CI41: 3 | CJ41: 3 | CK41: 4 | CL41: 4 | CM41: 3 | CN41: 4 | CO41: 4 | CP41: 2 | CQ41: 3 | CR41: 3 | CS41: 4 | CT41: 3 | CU41: 4 | CV41: 3 | CW41: 4 | CX41: 4 | CY41: 3 | CZ41: 4 | DA41: 3 | DB41: 4 | DC41: 1 | DD41: 1 | DE41: 1 | DF41: 1 | DG41: 1 | DH41: 1 | DI41: 1
A42: 7º ano B | B42: 4 | C42: 4 | D42: 4 | E42: 4 | F42: 4 | G42: 4 | H42: 4 | I42: 4 | J42: 4 | K42: 4 | L42: 4 | M42: 4 | N42: 4 | O42: 4 | P42: 1 | Q42: 1 | R42: 1 | S42: 1 | T42: 1 | U42: 1 | V42: 1 | W42: 1 | X42: 1 | Y42: 1 | Z42: 1 | AA42: 1 | AB42: 1 | AC42: 1 | AD42: 1 | AE42: 1 | AF42: 1 | AG42: 1 | AH42: 1 | AI42: 1 | AJ42: 1 | AK42: 1 | AL42: 1 | AM42: 1 | AN42: 1 | AO42: 1 | AP42: 1 | AQ42: 1 | AR42: 4 | AS42: 4 | AT42: 4 | AU42: 4 | AV42: 4 | AW42: 4 | AX42: 4 | AY42: 1 | AZ42: 1 | BA42: 1 | BB42: 1 | BC42: 1 | BD42: 1 | BE42: 1 | BF42: 4 | BG42: 4 | BH42: 4 | BI42: 4 | BJ42: 4 | BK42: 4 | BL42: 4 | BM42: 4 | BN42: 4 | BO42: 4 | BP42: 4 | BQ42: 4 | BR42: 4 | BS42: 4 | BT42: 4 | BU42: 4 | BV42: 4 | BW42: 4 | BX42: 4 | BY42: 4 | BZ42: 4 | CA42: 4 | CB42: 4 | CC42: 4 | CD42: 4 | CE42: 4 | CF42: 4 | CG42: 4 | CH42: 4 | CI42: 4 | CJ42: 4 | CK42: 4 | CL42: 4 | CM42: 4 | CN42: 4 | CO42: 4 | CP42: 4 | CQ42: 4 | CR42: 4 | CS42: 4 | CT42: 4 | CU42: 4 | CV42: 1 | CW42: 1 | CX42: 1 | CY42: 1 | CZ42: 1 | DA42: 1 | DB42: 1 | DC42: 1 | DD42: 1 | DE42: 1 | DF42: 1 | DG42: 1 | DH42: 1 | DI42: 1
A43: 7º ano B | B43: 3 | C43: 3 | D43: 3 | E43: 3 | F43: 3 | G43: 3 | H43: 3 | I43: 4 | J43: 4 | K43: 4 | L43: 4 | M43: 4 | N43: 4 | O43: 4 | P43: 1 | Q43: 1 | R43: 1 | S43: 1 | T43: 1 | U43: 1 | V43: 1 | W43: 1 | X43: 1 | Y43: 1 | Z43: 1 | AA43: 1 | AB43: 1 | AC43: 1 | AD43: 1 | AE43: 1 | AF43: 1 | AG43: 1 | AH43: 1 | AI43: 1 | AK43: 1 | AL43: 1 | AM43: 1 | AN43: 1 | AO43: 1 | AP43: 1 | AQ43: 1 | AR43: 1 | AS43: 1 | AT43: 1 | AU43: 1 | AV43: 1 | AW43: 1 | AX43: 1 | AY43: 4 | AZ43: 4 | BA43: 4 | BB43: 4 | BC43: 4 | BD43: 4 | BE43: 4 | BF43: 4 | BG43: 4 | BH43: 4 | BI43: 4 | BJ43: 4 | BK43: 4 | BL43: 4 | BM43: 3 | BN43: 3 | BO43: 3 | BP43: 3 | BQ43: 3 | BR43: 3 | BS43: 3 | BT43: 4 | BU43: 4 | BV43: 4 | BW43: 4 | BX43: 4 | BY43: 4 | BZ43: 4 | CA43: 3 | CB43: 3 | CC43: 3 | CD43: 3 | CE43: 3 | CF43: 3 | CG43: 3 | CH43: 4 | CI43: 4 | CJ43: 4 | CK43: 4 | CL43: 4 | CM43: 4 | CN43: 4 | CO43: 1 | CP43: 1 | CQ43: 1 | CR43: 1 | CS43: 1 | CT43: 1 | CU43: 2 | CV43: 1 | CW43: 1 | CX43: 1 | CY43: 1 | CZ43: 1 | DA43: 1 | DB43: 1
A44: 7º ano B | B44: 4 | C44: 4 | D44: 4 | E44: 4 | F44: 4 | G44: 4 | H44: 4 | I44: 4 | J44: 4 | K44: 4 | L44: 3 | M44: 3 | N44: 2 | O44: 2 | P44: 4 | Q44: 4 | R44: 4 | S44: 4 | T44: 4 | U44: 4 | V44: 4 | W44: 3 | X44: 3 | Y44: 4 | Z44: 2 | AB44: 4 | AC44: 4 | AD44: 4 | AE44: 4 | AF44: 4 | AG44: 4 | AI44: 4 | AJ44: 4 | AK44: 4 | AL44: 2 | AM44: 2 | AN44: 1 | AO44: 2 | AP44: 1 | AQ44: 1 | AR44: 1 | AS44: 4 | AT44: 4 | AU44: 1 | AV44: 2 | AW44: 1 | AX44: 2 | AY44: 4 | AZ44: 1 | BA44: 4 | BB44: 4 | BC44: 3 | BD44: 4 | BE44: 4 | BF44: 4 | BG44: 4 | BH44: 4 | BI44: 4 | BJ44: 4 | BK44: 4 | BL44: 4 | BM44: 4 | BN44: 2 | BO44: 1 | BP44: 4 | BQ44: 2 | BR44: 1 | BS44: 4 | BT44: 4 | BU44: 4 | BV44: 4 | BW44: 4 | BX44: 4 | BY44: 4 | BZ44: 4 | CA44: 4 | CB44: 3 | CC44: 4 | CD44: 4 | CE44: 2 | CF44: 4 | CG44: 4 | CH44: 4 | CI44: 4 | CJ44: 4 | CK44: 4 | CL44: 4 | CM44: 4 | CN44: 4 | CO44: 4 | CP44: 4 | CQ44: 4 | CR44: 4 | CS44: 4 | CT44: 4 | CU44: 4 | CV44: 4 | CW44: 4 | CX44: 4 | CY44: 4 | CZ44: 4 | DA44: 4 | DB44: 4
A45: 7º ano B | B45: 4 | C45: 3 | D45: 4 | E45: 4 | F45: 4 | G45: 3 | H45: 4 | I45: 3 | J45: 4 | K45: 3 | L45: 4 | M45: 3 | N45: 4 | O45: 4 | P45: 4 | Q45: 3 | R45: 4 | S45: 4 | T45: 4 | U45: 4 | V45: 4 | W45: 4 | X45: 3 | Y45: 3 | Z45: 4 | AA45: 3 | AB45: 3 | AC45: 4 | AD45: 3 | AE45: 2 | AF45: 3 | AG45: 4 | AH45: 3 | AI45: 2 | AJ45: 3 | AK45: 3 | AL45: 1 | AM45: 3 | AN45: 4 | AO45: 3 | AP45: 3 | AQ45: 3 | AR45: 4 | AS45: 2 | AT45: 3 | AU45: 4 | AV45: 4 | AW45: 3 | AX45: 3 | AY45: 3 | AZ45: 1 | BA45: 3 | BB45: 4 | BC45: 3 | BD45: 4 | BE45: 3 | BF45: 4 | BG45: 4 | BH45: 4 | BI45: 4 | BJ45: 4 | BK45: 4 | BL45: 4 | BM45: 3 | BN45: 2 | BO45: 4 | BP45: 2 | BQ45: 2 | BR45: 2 | BS45: 1 | BT45: 4 | BU45: 4 | BV45: 4 | BW45: 4 | BX45: 4 | BY45: 4 | BZ45: 4 | CA45: 4 | CB45: 3 | CC45: 4 | CD45: 4 | CE45: 4 | CF45: 4 | CG45: 4 | CH45: 4 | CI45: 3 | CJ45: 4 | CK45: 3 | CL45: 4 | CM45: 4 | CN45: 4 | CO45: 4 | CP45: 2 | CQ45: 4 | CR45: 4 | CS45: 4 | CT45: 3 | CU45: 4 | CV45: 3 | CW45: 2 | CX45: 4 | CY45: 4 | CZ45: 3 | DA45: 3 | DB45: 4 | DC45: 3 | DD45: 2 | DE45: 3 | DF45: 4 | DG45: 4 | DH45: 3 | DI45: 3
A46: 7º ano B | B46: 2 | C46: 3 | D46: 4 | E46: 3 | F46: 3 | G46: 3 | H46: 4 | I46: 4 | J46: 4 | K46: 4 | L46: 3 | M46: 3 | N46: 2 | O46: 4 | P46: 2 | Q46: 2 | R46: 3 | S46: 3 | T46: 4 | U46: 2 | V46: 3 | W46: 3 | X46: 2 | Y46: 3 | Z46: 4 | AA46: 4 | AB46: 3 | AC46: 2 | AD46: 3 | AE46: 2 | AF46: 3 | AG46: 3 | AH46: 3 | AI46: 3 | AJ46: 3 | AK46: 2 | AL46: 3 | AM46: 2 | AN46: 4 | AO46: 3 | AP46: 2 | AQ46: 2 | AR46: 2 | AS46: 2 | AT46: 2 | AU46: 3 | AV46: 3 | AW46: 2 | AX46: 4 | AY46: 4 | AZ46: 3 | BA46: 2 | BB46: 4 | BC46: 3 | BD46: 4 | BE46: 3 | BF46: 4 | BG46: 4 | BH46: 4 | BI46: 4 | BJ46: 4 | BK46: 4 | BL46: 4 | BM46: 3 | BN46: 2 | BO46: 2 | BP46: 3 | BQ46: 3 | BR46: 2 | BS46: 2 | BT46: 3 | BU46: 3 | BV46: 3 | BW46: 3 | BX46: 3 | BY46: 3 | BZ46: 4 | CA46: 3 | CB46: 4 | CC46: 3 | CD46: 4 | CE46: 4 | CF46: 4 | CG46: 4 | CH46: 3 | CI46: 4 | CJ46: 4 | CK46: 4 | CL46: 3 | CM46: 4 | CN46: 4 | CO46: 3 | CP46: 3 | CQ46: 4 | CR46: 4 | CS46: 3 | CT46: 4 | CU46: 4 | CV46: 4 | CW46: 4 | CX46: 4 | CY46: 4 | CZ46: 4 | DA46: 4 | DB46: 4 | DC46: 2 | DD46: 1 | DE46: 2 | DF46: 2 | DG46: 3 | DH46: 4 | DI46: 4
A47: 7º ano B | B47: 2 | C47: 3 | D47: 4 | E47: 3 | F47: 4 | G47: 2 | H47: 4 | I47: 4 | J47: 4 | K47: 4 | L47: 4 | M47: 4 | N47: 4 | O47: 4 | P47: 2 | Q47: 3 | R47: 2 | S47: 3 | T47: 4 | U47: 1 | V47: 4 | W47: 3 | X47: 2 | Y47: 4 | Z47: 2 | AA47: 3 | AB47: 2 | AC47: 2 | AD47: 4 | AE47: 3 | AF47: 4 | AG47: 4 | AH47: 3 | AI47: 3 | AJ47: 2 | AK47: 4 | AL47: 3 | AM47: 3 | AN47: 4 | AO47: 4 | AP47: 3 | AQ47: 3 | AR47: 1 | AS47: 1 | AT47: 1 | AU47: 1 | AV47: 1 | AW47: 1 | AX47: 1 | AY47: 4 | AZ47: 2 | BA47: 3 | BB47: 4 | BC47: 3 | BD47: 4 | BE47: 4 | BF47: 4 | BG47: 4 | BH47: 4 | BI47: 4 | BJ47: 4 | BK47: 4 | BL47: 4 | BM47: 1 | BN47: 1 | BO47: 1 | BP47: 1 | BQ47: 1 | BR47: 1 | BS47: 1 | BT47: 4 | BU47: 4 | BV47: 3 | BW47: 3 | BX47: 4 | BY47: 3 | BZ47: 4 | CA47: 4 | CB47: 2 | CC47: 2 | CD47: 4 | CE47: 3 | CF47: 4 | CG47: 4 | CH47: 4 | CI47: 4 | CJ47: 4 | CK47: 2 | CL47: 4 | CM47: 2 | CN47: 4 | CO47: 4 | CP47: 4 | CQ47: 4 | CR47: 3 | CS47: 4 | CT47: 2 | CU47: 4 | CV47: 3 | CW47: 2 | CX47: 4 | CY47: 3 | CZ47: 4 | DA47: 2 | DB47: 4 | DC47: 1 | DD47: 1 | DE47: 1 | DF47: 1 | DG47: 1 | DH47: 1 | DI47: 1
A48: 7º ano B | B48: 4 | C48: 3 | D48: 4 | E48: 4 | F48: 4 | G48: 3 | H48: 3 | I48: 3 | J48: 3 | K48: 4 | L48: 3 | M48: 4 | N48: 3 | O48: 4 | P48: 3 | Q48: 2 | R48: 3 | S48: 4 | T48: 4 | U48: 3 | V48: 3 | W48: 2 | X48: 3 | Y48: 2 | Z48: 3 | AA48: 4 | AB48: 2 | AC48: 3 | AD48: 3 | AE48: 3 | AF48: 3 | AG48: 4 | AH48: 4 | AI48: 3 | AJ48: 4 | AK48: 2 | AL48: 2 | AM48: 3 | AN48: 3 | AO48: 4 | AP48: 2 | AQ48: 3 | AR48: 3 | AS48: 2 | AT48: 2 | AU48: 4 | AV48: 4 | AW48: 2 | AX48: 3 | AY48: 2 | AZ48: 1 | BA48: 1 | BB48: 4 | BC48: 3 | BD48: 4 | BE48: 2 | BF48: 4 | BG48: 4 | BH48: 4 | BI48: 3 | BJ48: 4 | BK48: 3 | BL48: 4 | BM48: 2 | BN48: 3 | BO48: 3 | BP48: 3 | BQ48: 2 | BR48: 3 | BS48: 1 | BT48: 4 | BU48: 4 | BV48: 3 | BW48: 3 | BX48: 4 | BY48: 3 | BZ48: 4 | CA48: 4 | CB48: 2 | CC48: 3 | CD48: 3 | CE48: 4 | CF48: 3 | CG48: 4 | CH48: 4 | CI48: 4 | CJ48: 3 | CK48: 3 | CL48: 4 | CM48: 3 | CN48: 4 | CO48: 3 | CP48: 2 | CQ48: 4 | CR48: 3 | CS48: 4 | CT48: 3 | CU48: 4 | CV48: 3 | CW48: 3 | CX48: 3 | CY48: 4 | CZ48: 4 | DA48: 2 | DB48: 4 | DC48: 3 | DD48: 3 | DE48: 3 | DF48: 3 | DG48: 3 | DH48: 3 | DI48: 3
A49: 7º ano B | B49: 2 | C49: 3 | D49: 4 | E49: 2 | F49: 4 | G49: 2 | H49: 4 | I49: 4 | J49: 4 | K49: 4 | L49: 4 | M49: 4 | N49: 4 | O49: 4 | P49: 2 | Q49: 1 | R49: 3 | S49: 2 | T49: 4 | U49: 1 | V49: 4 | W49: 4 | X49: 3 | Y49: 4 | Z49: 3 | AA49: 4 | AB49: 2 | AC49: 4 | AD49: 4 | AE49: 4 | AF49: 4 | AG49: 4 | AH49: 4 | AI49: 4 | AJ49: 3 | AK49: 3 | AL49: 2 | AM49: 4 | AN49: 2 | AO49: 4 | AP49: 2 | AQ49: 4 | AR49: 1 | AS49: 1 | AT49: 1 | AU49: 2 | AV49: 4 | AW49: 2 | AX49: 1 | AY49: 4 | AZ49: 3 | BA49: 3 | BB49: 4 | BC49: 4 | BD49: 4 | BE49: 4 | BF49: 4 | BG49: 4 | BH49: 4 | BI49: 4 | BJ49: 4 | BK49: 4 | BL49: 4 | BM49: 1 | BN49: 1 | BO49: 1 | BP49: 1 | BQ49: 1 | BR49: 1 | BS49: 1 | BT49: 4 | BU49: 4 | BV49: 4 | BW49: 3 | BX49: 4 | BY49: 3 | BZ49: 4 | CA49: 4 | CB49: 2 | CC49: 2 | CD49: 4 | CE49: 3 | CF49: 4 | CG49: 4 | CH49: 4 | CI49: 4 | CJ49: 4 | CK49: 2 | CL49: 4 | CM49: 2 | CN49: 4 | CO49: 4 | CP49: 4 | CQ49: 4 | CR49: 3 | CS49: 4 | CT49: 2 | CU49: 4 | CV49: 3 | CW49: 2 | CX49: 4 | CY49: 3 | CZ49: 4 | DA49: 2 | DB49: 4 | DC49: 1 | DD49: 1 | DE49: 1 | DF49: 1 | DG49: 1 | DH49: 1 | DI49: 1
A50: 7º ano B | B50: 1 | C50: 1 | D50: 2 | E50: 1 | F50: 2 | G50: 1 | H50: 2 | I50: 4 | J50: 4 | K50: 3 | L50: 4 | M50: 3 | N50: 2 | O50: 4 | P50: 1 | Q50: 1 | R50: 1 | S50: 1 | T50: 1 | U50: 2 | V50: 1 | W50: 1 | X50: 1 | Y50: 1 | Z50: 1 | AA50: 1 | AB50: 1 | AC50: 1 | AD50: 4 | AE50: 4 | AF50: 4 | AG50: 4 | AH50: 4 | AI50: 4 | AJ50: 4 | AK50: 1 | AM50: 4 | AN50: 2 | AO50: 3 | AP50: 1 | AQ50: 1 | AR50: 4 | AS50: 4 | AT50: 4 | AU50: 2 | AV50: 2 | AW50: 4 | AX50: 3 | AY50: 4 | AZ50: 4 | BA50: 2 | BB50: 4 | BC50: 4 | BD50: 4 | BE50: 2 | BF50: 4 | BG50: 4 | BH50: 4 | BI50: 4 | BJ50: 4 | BK50: 4 | BL50: 4 | BM50: 2 | BN50: 4 | BO50: 2 | BP50: 2 | BQ50: 2 | BR50: 2 | BS50: 2 | BT50: 4 | BU50: 4 | BV50: 4 | BW50: 4 | BX50: 4 | BY50: 4 | BZ50: 4 | CA50: 4 | CB50: 4 | CC50: 4 | CD50: 4 | CE50: 4 | CF50: 4 | CG50: 4 | CH50: 4 | CI50: 4 | CJ50: 4 | CK50: 4 | CL50: 4 | CM50: 4 | CN50: 4 | CO50: 3 | CP50: 3 | CQ50: 3 | CR50: 3 | CS50: 3 | CT50: 3 | CU50: 3 | CV50: 2 | CW50: 2 | CX50: 2 | CY50: 2 | CZ50: 2 | DA50: 2 | DB50: 2
A51: 7º ano B | B51: 4 | C51: 3 | D51: 4 | E51: 2 | F51: 4 | G51: 2 | H51: 4 | I51: 4 | J51: 4 | K51: 4 | L51: 4 | M51: 4 | N51: 4 | O51: 4 | P51: 3 | Q51: 3 | R51: 3 | S51: 3 | T51: 3 | U51: 3 | V51: 3 | W51: 2 | X51: 2 | Y51: 2 | Z51: 2 | AA51: 2 | AB51: 2 | AC51: 2 | AD51: 4 | AE51: 4 | AF51: 3 | AG51: 4 | AH51: 4 | AI51: 3 | AJ51: 4 | AK51: 4 | AL51: 4 | AM51: 4 | AN51: 4 | AO51: 4 | AP51: 4 | AQ51: 4 | AR51: 3 | AS51: 2 | AT51: 2 | AU51: 2 | AV51: 2 | AW51: 2 | AX51: 2 | AY51: 4 | AZ51: 4 | BA51: 4 | BB51: 4 | BC51: 4 | BD51: 4 | BE51: 4 | BF51: 4 | BG51: 4 | BH51: 4 | BI51: 4 | BJ51: 4 | BK51: 4 | BL51: 4 | BM51: 3 | BN51: 3 | BO51: 3 | BP51: 4 | BQ51: 3 | BR51: 3 | BS51: 3 | BT51: 4 | BU51: 4 | BV51: 4 | BW51: 4 | BX51: 4 | BY51: 4 | BZ51: 4 | CA51: 4 | CB51: 4 | CC51: 4 | CD51: 4 | CE51: 4 | CF51: 4 | CG51: 4 | CH51: 4 | CI51: 4 | CJ51: 4 | CK51: 4 | CL51: 4 | CM51: 4 | CN51: 4 | CO51: 4 | CP51: 4 | CQ51: 4 | CR51: 4 | CS51: 4 | CT51: 4 | CU51: 4 | CV51: 4 | CW51: 4 | CX51: 4 | CY51: 4 | CZ51: 4 | DA51: 4 | DB51: 4 | DC51: 4 | DD51: 2 | DE51: 2 | DF51: 3 | DG51: 4 | DH51: 2 | DI51: 2
A52: 7º ano B | B52: 1 | C52: 2 | D52: 3 | E52: 2 | F52: 3 | G52: 1 | H52: 2 | I52: 4 | J52: 3 | K52: 3 | L52: 3 | M52: 4 | N52: 3 | O52: 4 | P52: 3 | Q52: 4 | R52: 3 | S52: 1 | T52: 1 | U52: 1 | V52: 2 | W52: 3 | X52: 3 | Y52: 4 | Z52: 2 | AA52: 4 | AB52: 3 | AC52: 3 | AD52: 4 | AE52: 3 | AF52: 3 | AG52: 2 | AH52: 3 | AI52: 3 | AJ52: 4 | AK52: 1 | AL52: 1 | AM52: 2 | AN52: 1 | AO52: 3 | AP52: 1 | AQ52: 2 | AR52: 1 | AS52: 1 | AT52: 1 | AU52: 1 | AV52: 1 | AW52: 1 | AX52: 1 | AY52: 3 | AZ52: 2 | BA52: 1 | BB52: 3 | BC52: 3 | BD52: 4 | BE52: 1 | BF52: 4 | BG52: 4 | BH52: 4 | BI52: 3 | BJ52: 4 | BK52: 4 | BL52: 4 | BM52: 1 | BN52: 1 | BO52: 1 | BP52: 1 | BQ52: 1 | BR52: 1 | BS52: 1 | BT52: 3 | BU52: 3 | BV52: 4 | BW52: 3 | BX52: 4 | BY52: 3 | BZ52: 3 | CA52: 3 | CB52: 2 | CC52: 3 | CD52: 4 | CE52: 2 | CF52: 2 | CG52: 4 | CH52: 4 | CI52: 2 | CJ52: 3 | CK52: 2 | CL52: 4 | CM52: 2 | CN52: 3 | CO52: 3 | CP52: 2 | CQ52: 4 | CR52: 3 | CS52: 3 | CT52: 2 | CU52: 4 | CV52: 2 | CW52: 2 | CX52: 2 | CY52: 2 | CZ52: 3 | DA52: 2 | DB52: 3 | DC52: 4 | DD52: 3 | DE52: 3 | DF52: 3 | DG52: 3 | DH52: 3 | DI52: 3
A53: 7º ano B | B53: 2 | C53: 3 | D53: 4 | E53: 3 | F53: 4 | G53: 2 | H53: 4 | I53: 4 | J53: 4 | K53: 4 | L53: 4 | M53: 4 | N53: 4 | O53: 4 | P53: 1 | Q53: 3 | R53: 3 | S53: 2 | T53: 4 | U53: 2 | V53: 4 | W53: 3 | X53: 4 | Y53: 4 | Z53: 3 | AA53: 4 | AB53: 3 | AC53: 4 | AD53: 3 | AE53: 4 | AF53: 3 | AG53: 3 | AH53: 4 | AI53: 2 | AJ53: 2 | AK53: 4 | AL53: 2 | AM53: 4 | AN53: 3 | AO53: 4 | AP53: 3 | AQ53: 4 | AR53: 1 | AS53: 1 | AT53: 1 | AU53: 1 | AV53: 1 | AW53: 1 | AX53: 1 | AY53: 4 | AZ53: 2 | BA53: 4 | BB53: 4 | BC53: 4 | BD53: 4 | BE53: 4 | BF53: 4 | BG53: 4 | BH53: 4 | BI53: 4 | BJ53: 4 | BK53: 4 | BL53: 4 | BM53: 1 | BN53: 1 | BO53: 1 | BP53: 1 | BQ53: 1 | BR53: 1 | BS53: 1 | BT53: 4 | BU53: 3 | BV53: 4 | BW53: 4 | BX53: 4 | BY53: 4 | BZ53: 4 | CA53: 4 | CB53: 3 | CC53: 2 | CD53: 4 | CE53: 2 | CF53: 4 | CG53: 4 | CH53: 4 | CI53: 4 | CJ53: 4 | CK53: 4 | CL53: 4 | CM53: 3 | CN53: 4 | CO53: 3 | CP53: 3 | CQ53: 4 | CR53: 3 | CS53: 4 | CT53: 1 | CU53: 4 | CV53: 4 | CW53: 4 | CX53: 4 | CY53: 3 | CZ53: 4 | DA53: 2 | DB53: 4 | DC53: 1 | DD53: 1 | DE53: 1 | DF53: 1 | DG53: 1 | DH53: 1 | DI53: 1
A54: 7º ano B | B54: 3 | C54: 4 | D54: 4 | E54: 3 | F54: 4 | G54: 3 | H54: 4 | I54: 1 | J54: 4 | K54: 4 | L54: 3 | M54: 4 | N54: 3 | O54: 4 | P54: 1 | Q54: 4 | R54: 4 | S54: 2 | T54: 3 | U54: 3 | V54: 4 | W54: 2 | X54: 4 | Y54: 4 | Z54: 3 | AA54: 4 | AB54: 3 | AC54: 4 | AD54: 4 | AE54: 4 | AF54: 4 | AG54: 3 | AH54: 4 | AI54: 2 | AJ54: 4 | AK54: 2 | AL54: 4 | AM54: 4 | AN54: 3 | AO54: 4 | AP54: 3 | AQ54: 4 | AR54: 3 | AS54: 2 | AT54: 4 | AU54: 2 | AV54: 4 | AW54: 2 | AX54: 4 | AY54: 2 | AZ54: 4 | BA54: 2 | BB54: 3 | BC54: 4 | BD54: 3 | BE54: 2 | BF54: 4 | BG54: 4 | BH54: 4 | BI54: 4 | BJ54: 1 | BK54: 3 | BL54: 4 | BM54: 4 | BN54: 4 | BO54: 4 | BP54: 4 | BQ54: 2 | BR54: 4 | BS54: 4 | BT54: 4 | BU54: 4 | BV54: 4 | BW54: 3 | BX54: 4 | BY54: 3 | BZ54: 4 | CA54: 4 | CB54: 4 | CC54: 4 | CD54: 4 | CE54: 4 | CF54: 3 | CG54: 4 | CH54: 4 | CI54: 4 | CJ54: 4 | CK54: 4 | CL54: 4 | CM54: 3 | CN54: 4 | CO54: 4 | CP54: 4 | CQ54: 4 | CR54: 4 | CS54: 4 | CT54: 4 | CU54: 4 | CV54: 4 | CW54: 4 | CX54: 4 | CY54: 3 | CZ54: 4 | DA54: 3 | DB54: 4 | DC54: 3 | DD54: 3 | DE54: 3 | DF54: 3 | DG54: 3 | DH54: 3
A55: 7º ano B | B55: 1 | C55: 1 | D55: 1 | E55: 1 | F55: 1 | G55: 1 | H55: 1 | I55: 3 | J55: 4 | K55: 4 | L55: 4 | M55: 3 | N55: 4 | O55: 4 | P55: 1 | Q55: 1 | R55: 1 | S55: 1 | T55: 1 | U55: 1 | V55: 1 | W55: 1 | X55: 1 | Y55: 1 | Z55: 1 | AA55: 1 | AB55: 1 | AC55: 1 | AD55: 2 | AE55: 2 | AF55: 2 | AG55: 2 | AH55: 1 | AI55: 2 | AJ55: 2 | AK55: 1 | AL55: 1 | AM55: 1 | AN55: 1 | AO55: 1 | AP55: 1 | AQ55: 1 | AR55: 1 | AS55: 1 | AT55: 1 | AU55: 1 | AV55: 1 | AW55: 1 | AX55: 1 | AY55: 3 | AZ55: 1 | BA55: 3 | BB55: 4 | BC55: 3 | BD55: 4 | BE55: 1 | BF55: 4 | BG55: 4 | BH55: 4 | BI55: 4 | BJ55: 4 | BK55: 4 | BL55: 4 | BM55: 1 | BN55: 1 | BO55: 1 | BP55: 1 | BQ55: 1 | BR55: 1 | BS55: 1 | BT55: 1 | BU55: 2 | BV55: 2 | BW55: 1 | BX55: 1 | BY55: 3 | BZ55: 2 | CA55: 4 | CB55: 4 | CC55: 4 | CD55: 4 | CE55: 4 | CF55: 4 | CG55: 4 | CH55: 4 | CI55: 4 | CJ55: 4 | CK55: 4 | CL55: 4 | CM55: 4 | CN55: 4 | CO55: 3 | CP55: 3 | CQ55: 4 | CR55: 3 | CS55: 4 | CT55: 2 | CU55: 4 | CV55: 1 | CW55: 1 | CX55: 1 | CY55: 1 | CZ55: 1 | DA55: 1 | DB55: 1 | DC55: 3 | DD55: 3 | DE55: 3 | DF55: 3 | DG55: 3 | DH55: 3 | DI55: 3
A56: 7º ano B | B56: 1 | C56: 4 | D56: 4 | E56: 3 | F56: 4 | G56: 3 | H56: 4 | I56: 3 | J56: 4 | K56: 4 | L56: 3 | M56: 3 | N56: 2 | O56: 4 | P56: 2 | Q56: 3 | R56: 3 | S56: 3 | T56: 2 | U56: 3 | V56: 3 | W56: 3 | X56: 3 | Y56: 2 | Z56: 3 | AA56: 2 | AB56: 2 | AC56: 3 | AD56: 4 | AE56: 4 | AF56: 3 | AG56: 3 | AH56: 4 | AI56: 4 | AJ56: 3 | AK56: 3 | AL56: 3 | AM56: 2 | AN56: 3 | AO56: 3 | AP56: 2 | AQ56: 3 | AR56: 2 | AS56: 4 | AT56: 2 | AU56: 3 | AV56: 2 | AW56: 1 | AX56: 2 | AY56: 3 | AZ56: 3 | BA56: 3 | BB56: 4 | BC56: 3 | BD56: 4 | BE56: 3 | BF56: 4 | BG56: 4 | BH56: 4 | BI56: 4 | BJ56: 4 | BK56: 4 | BL56: 4 | BM56: 4 | BN56: 3 | BO56: 4 | BP56: 4 | BQ56: 4 | BR56: 3 | BS56: 2 | BT56: 4 | BU56: 4 | BV56: 3 | BW56: 3 | BX56: 4 | BY56: 3 | BZ56: 4 | CA56: 3 | CB56: 3 | CC56: 4 | CD56: 4 | CE56: 2 | CF56: 4 | CG56: 3 | CH56: 4 | CI56: 4 | CJ56: 4 | CK56: 2 | CL56: 3 | CM56: 2 | CN56: 3 | CO56: 3 | CP56: 2 | CQ56: 4 | CR56: 3 | CS56: 3 | CT56: 2 | CU56: 3 | CV56: 3 | CW56: 3 | CX56: 3 | CY56: 3 | CZ56: 3 | DA56: 3 | DB56: 4 | DC56: 4 | DD56: 4 | DE56: 4 | DF56: 4 | DG56: 4 | DH56: 4 | DI56: 4
A57: 7º ano B | B57: 4 | C57: 2 | D57: 4 | E57: 3 | F57: 3 | G57: 2 | H57: 3 | I57: 4 | J57: 4 | K57: 4 | L57: 4 | M57: 4 | N57: 3 | O57: 4 | P57: 2 | Q57: 3 | R57: 2 | S57: 2 | T57: 3 | U57: 3 | V57: 3 | W57: 2 | X57: 2 | Y57: 2 | Z57: 2 | AA57: 3 | AB57: 3 | AC57: 2 | AD57: 3 | AE57: 3 | AF57: 3 | AG57: 2 | AH57: 3 | AI57: 2 | AJ57: 3 | AK57: 2 | AL57: 1 | AM57: 2 | AN57: 2 | AO57: 4 | AP57: 2 | AQ57: 4 | AR57: 1 | AS57: 1 | AT57: 1 | AU57: 2 | AV57: 3 | AW57: 2 | AX57: 1 | AY57: 2 | AZ57: 1 | BA57: 2 | BB57: 3 | BC57: 3 | BD57: 3 | BE57: 2 | BF57: 4 | BG57: 4 | BH57: 4 | BI57: 3 | BJ57: 4 | BK57: 3 | BL57: 4 | BM57: 2 | BN57: 2 | BO57: 3 | BP57: 3 | BQ57: 2 | BR57: 2 | BS57: 2 | BT57: 3 | BU57: 3 | BV57: 3 | BW57: 3 | BX57: 4 | BY57: 3 | BZ57: 4 | CA57: 4 | CB57: 4 | CC57: 4 | CD57: 3 | CE57: 3 | CF57: 3 | CG57: 4 | CH57: 3 | CI57: 3 | CJ57: 4 | CK57: 3 | CL57: 3 | CM57: 3 | CN57: 4 | CO57: 3 | CP57: 2 | CQ57: 3 | CR57: 2 | CS57: 4 | CT57: 2 | CU57: 4 | CV57: 3 | CW57: 3 | CX57: 3 | CY57: 3 | CZ57: 4 | DA57: 3 | DB57: 3 | DC57: 2 | DD57: 3 | DE57: 3 | DF57: 2 | DG57: 3 | DH57: 3 | DI57: 3
A58: 7º ano B | B58: 4 | C58: 2 | D58: 3 | E58: 2 | F58: 4 | G58: 2 | H58: 4 | I58: 4 | J58: 2 | K58: 4 | L58: 2 | M58: 4 | N58: 2 | O58: 4 | P58: 3 | Q58: 3 | R58: 4 | S58: 4 | T58: 4 | U58: 2 | V58: 4 | W58: 4 | X58: 4 | Y58: 4 | Z58: 3 | AA58: 4 | AB58: 2 | AC58: 4 | AD58: 3 | AE58: 3 | AF58: 4 | AG58: 2 | AH58: 4 | AI58: 2 | AJ58: 4 | AK58: 4 | AL58: 4 | AM58: 4 | AN58: 3 | AO58: 4 | AP58: 3 | AQ58: 4 | AR58: 3 | AS58: 2 | AT58: 3 | AU58: 4 | AV58: 4 | AW58: 2 | AX58: 4 | AY58: 3 | AZ58: 2 | BA58: 3 | BB58: 4 | BC58: 4 | BD58: 3 | BE58: 4 | BF58: 4 | BG58: 4 | BH58: 4 | BI58: 4 | BJ58: 4 | BK58: 4 | BL58: 4 | BM58: 4 | BN58: 3 | BO58: 4 | BP58: 4 | BQ58: 4 | BR58: 4 | BS58: 4 | BT58: 4 | BU58: 4 | BV58: 4 | BW58: 4 | BX58: 4 | BY58: 4 | BZ58: 4 | CA58: 4 | CB58: 4 | CC58: 4 | CD58: 3 | CE58: 4 | CF58: 4 | CG58: 4 | CH58: 4 | CI58: 4 | CJ58: 4 | CK58: 4 | CL58: 4 | CM58: 4 | CN58: 4 | CO58: 4 | CP58: 4 | CQ58: 4 | CR58: 4 | CS58: 4 | CT58: 4 | CU58: 4 | CV58: 4 | CW58: 4 | CX58: 4 | CY58: 3 | CZ58: 4 | DA58: 2 | DB58: 4 | DC58: 4 | DD58: 4 | DE58: 4 | DF58: 4 | DG58: 4 | DH58: 4 | DI58: 4
A59: 7º ano B | B59: 4 | C59: 3 | D59: 4 | E59: 3 | F59: 3 | G59: 4 | H59: 4 | I59: 4 | J59: 4 | K59: 4 | L59: 3 | M59: 3 | N59: 3 | O59: 4 | P59: 4 | Q59: 4 | R59: 4 | S59: 4 | T59: 4 | U59: 4 | V59: 4 | W59: 4 | X59: 2 | Y59: 4 | Z59: 4 | AA59: 4 | AB59: 4 | AC59: 4 | AD59: 4 | AE59: 4 | AF59: 4 | AG59: 4 | AH59: 4 | AI59: 4 | AJ59: 4 | AK59: 4 | AL59: 3 | AM59: 4 | AN59: 4 | AO59: 4 | AP59: 2 | AQ59: 4 | AR59: 4 | AS59: 4 | AT59: 3 | AU59: 4 | AV59: 4 | AW59: 4 | AX59: 4 | AY59: 2 | AZ59: 2 | BA59: 2 | BB59: 4 | BC59: 3 | BD59: 4 | BE59: 2 | BF59: 4 | BG59: 4 | BH59: 4 | BI59: 4 | BJ59: 4 | BK59: 2 | BL59: 4 | BM59: 4 | BN59: 4 | BO59: 4 | BP59: 4 | BQ59: 4 | BR59: 4 | BS59: 4 | BT59: 4 | BU59: 4 | BV59: 4 | BW59: 4 | BX59: 4 | BY59: 4 | BZ59: 4 | CA59: 4 | CB59: 4 | CC59: 4 | CD59: 4 | CE59: 3 | CF59: 4 | CG59: 4 | CH59: 4 | CI59: 4 | CJ59: 4 | CK59: 3 | CL59: 4 | CM59: 2 | CN59: 4 | CO59: 4 | CP59: 4 | CQ59: 4 | CR59: 4 | CS59: 4 | CT59: 4 | CU59: 4 | CV59: 4 | CW59: 3 | CX59: 4 | CY59: 4 | CZ59: 4 | DA59: 3 | DB59: 4 | DC59: 4 | DD59: 4 | DE59: 4 | DF59: 4 | DG59: 4 | DH59: 4 | DI59: 4
A60: 7º ano B | B60: 2 | C60: 3 | D60: 3 | E60: 2 | F60: 3 | G60: 2 | H60: 4 | I60: 4 | J60: 3 | K60: 4 | L60: 3 | M60: 4 | N60: 4 | O60: 4 | P60: 2 | Q60: 3 | R60: 3 | S60: 3 | T60: 4 | U60: 3 | V60: 3 | W60: 2 | X60: 2 | Y60: 2 | Z60: 3 | AA60: 3 | AB60: 3 | AC60: 2 | AD60: 3 | AE60: 3 | AF60: 3 | AG60: 2 | AH60: 3 | AI60: 2 | AJ60: 3 | AK60: 2 | AL60: 1 | AM60: 2 | AN60: 2 | AO60: 3 | AP60: 2 | AQ60: 4 | AR60: 1 | AS60: 1 | AT60: 1 | AU60: 2 | AV60: 3 | AW60: 2 | AX60: 1 | AY60: 2 | AZ60: 1 | BA60: 2 | BB60: 3 | BC60: 2 | BD60: 3 | BE60: 2 | BF60: 4 | BG60: 4 | BH60: 4 | BI60: 3 | BJ60: 4 | BK60: 3 | BL60: 4 | BM60: 2 | BN60: 3 | BO60: 3 | BP60: 2 | BQ60: 1 | BR60: 2 | BS60: 2 | BT60: 4 | BU60: 3 | BV60: 4 | BW60: 3 | BX60: 4 | BY60: 4 | BZ60: 4 | CA60: 3 | CB60: 2 | CC60: 3 | CD60: 4 | CE60: 4 | CF60: 3 | CG60: 4 | CH60: 3 | CI60: 3 | CJ60: 4 | CK60: 3 | CL60: 4 | CM60: 3 | CN60: 4 | CO60: 3 | CP60: 2 | CQ60: 4 | CR60: 2 | CS60: 4 | CT60: 2 | CU60: 4 | CV60: 2 | CW60: 3 | CX60: 3 | CY60: 2 | CZ60: 3 | DA60: 2 | DB60: 4 | DC60: 2 | DD60: 2 | DE60: 2 | DF60: 2 | DG60: 2 | DH60: 2 | DI60: 2
