Workbook

Sheet Valores Gerais
A1: Segmento | B1: Turma | C1: Nome | D1: Disciplina | E1: Didática | F1: Apoio | G1: Tempo | H1: Avaliação | I1: Clima | J1: Respeito | K1: Domínio | L1: Média Geral por turma | M1: Média geral do ano
A2: Ensino Fundamental | B2: 6°A | C2: Alice | D2: Arte e Dança | E2: =AVERAGE('6°Ano'!B3:B27) -> 3.4166667 | F2: =AVERAGE('6°Ano'!C3:C27) -> 3.2 | G2: =AVERAGE('6°Ano'!D3:D27) -> 3.3333333 | H2: =AVERAGE('6°Ano'!E3:E27) -> 3.16 | I2: =AVERAGE('6°Ano'!F3:F27) -> 3.4 | J2: =AVERAGE('6°Ano'!G3:G27) -> 2.6521739 | K2: =AVERAGE('6°Ano'!H3:H27) -> 3.375 | L2: =AVERAGE(E2:K2) -> 3.2195963 | M2: =AVERAGE(L2:L5) -> 3.2388666
A3: Ensino Fundamental | B3: 6°B | C3: Alice | D3: Arte e Dança | E3: =AVERAGE('6°Ano'!B28:B48) -> 3.1904762 | F3: =AVERAGE('6°Ano'!C28:C48) -> 3.3 | G3: =AVERAGE('6°Ano'!D28:D48) -> 3.3333333 | H3: =AVERAGE('6°Ano'!E28:E48) -> 3.1428571 | I3: =AVERAGE('6°Ano'!F28:F48) -> 3.4761905 | J3: =AVERAGE('6°Ano'!G28:G48) -> 2.4285714 | K3: =AVERAGE('6°Ano'!H28:H48) -> 3.5238095 | L3: =AVERAGE(E3:K3) -> 3.1993197
A4: Ensino Fundamental | B4: 6°C | C4: Alice | D4: Arte e Dança | E4: =AVERAGE('6°Ano'!B49:B75) -> 3.3076923 | F4: =AVERAGE('6°Ano'!C49:C75) -> 3.4230769 | G4: =AVERAGE('6°Ano'!D49:D75) -> 3.6923077 | H4: =AVERAGE('6°Ano'!E49:E75) -> 3.2692308 | I4: =AVERAGE('6°Ano'!F49:F75) -> 3.4615385 | J4: =AVERAGE('6°Ano'!G49:G75) -> 2.5769231 | K4: =AVERAGE('6°Ano'!H49:H75) -> 3.8076923 | L4: =AVERAGE(E4:K4) -> 3.3626374
A5: Ensino Fundamental | B5: 6°D | C5: Alice | D5: Arte e Dança | E5: =AVERAGE('6°Ano'!B76:B98) -> 3.2173913 | F5: =AVERAGE('6°Ano'!C76:C98) -> 3.0869565 | G5: =AVERAGE('6°Ano'!D76:D98) -> 3.5217391 | H5: =AVERAGE('6°Ano'!E76:E98) -> 2.9565217 | I5: =AVERAGE('6°Ano'!F76:F98) -> 3.3913043 | J5: =AVERAGE('6°Ano'!G76:G98) -> 2.3913043 | K5: =AVERAGE('6°Ano'!H76:H98) -> 3.6521739 | L5: =AVERAGE(E5:K5) -> 3.173913
A6: Ensino Fundamental | B6: 6°A | C6: Daniela | D6: Ciências e Ciência Aplicada | E6: =AVERAGE('6°Ano'!I3:I27) -> 2.28 | F6: =AVERAGE('6°Ano'!J3:J27) -> 1.88 | G6: =AVERAGE('6°Ano'!K3:K27) -> 2.4 | H6: =AVERAGE('6°Ano'!L3:L27) -> 2.56 | I6: =AVERAGE('6°Ano'!M3:M27) -> 2.84 | J6: =AVERAGE('6°Ano'!N3:N27) -> 2.2 | K6: =AVERAGE('6°Ano'!O3:O27) -> 2.68 | L6: =AVERAGE(E6:K6) -> 2.4057143 | M6: =AVERAGE(L6:L9) -> 2.7098626
A7: Ensino Fundamental | B7: 6°B | C7: Daniela | D7: Ciências e Ciência Aplicada | E7: =AVERAGE('6°Ano'!I28:I48) -> 2.5238095 | F7: =AVERAGE('6°Ano'!J28:J48) -> 2.0952381 | G7: =AVERAGE('6°Ano'!K28:K48) -> 2.4285714 | H7: =AVERAGE('6°Ano'!L28:L48) -> 2.8095238 | I7: =AVERAGE('6°Ano'!M28:M48) -> 2.9047619 | J7: =AVERAGE('6°Ano'!N28:N48) -> 2.3809524 | K7: =AVERAGE('6°Ano'!O28:O48) -> 2.6190476 | L7: =AVERAGE(E7:K7) -> 2.537415
A8: Ensino Fundamental | B8: 6°C | C8: Daniela | D8: Ciências e Ciência Aplicada | E8: =AVERAGE('6°Ano'!I49:I75) -> 3.0384615 | F8: =AVERAGE('6°Ano'!J49:J75) -> 2.3461538 | G8: =AVERAGE('6°Ano'!K49:K75) -> 3.1153846 | H8: =AVERAGE('6°Ano'!L49:L75) -> 3.1923077 | I8: =AVERAGE('6°Ano'!M49:M75) -> 3.5384615 | J8: =AVERAGE('6°Ano'!N49:N75) -> 2.8076923 | K8: =AVERAGE('6°Ano'!O49:O75) -> 3.1923077 | L8: =AVERAGE(E8:K8) -> 3.032967
A9: Ensino Fundamental | B9: 6°D | C9: Daniela | D9: Ciências e Ciência Aplicada | E9: =AVERAGE('6°Ano'!I76:I98) -> 2.9130435 | F9: =AVERAGE('6°Ano'!J76:J98) -> 2.4782609 | G9: =AVERAGE('6°Ano'!K76:K98) -> 2.7826087 | H9: =AVERAGE('6°Ano'!L76:L98) -> 3.0434783 | I9: =AVERAGE('6°Ano'!M76:M98) -> 3.2608696 | J9: =AVERAGE('6°Ano'!N76:N98) -> 2.3913043 | K9: =AVERAGE('6°Ano'!O76:O98) -> 3.173913 | L9: =AVERAGE(E9:K9) -> 2.863354
A10: Ensino Fundamental | B10: 6°A | C10: Danielle | D10: Ciências e Ciência Aplicada | E10: =AVERAGE('6°Ano'!P3:P27) -> 3.12 | F10: =AVERAGE('6°Ano'!Q3:Q27) -> 3.04 | G10: =AVERAGE('6°Ano'!R3:R27) -> 3.16 | H10: =AVERAGE('6°Ano'!S3:S27) -> 3.08 | I10: =AVERAGE('6°Ano'!T3:T27) -> 2.88 | J10: =AVERAGE('6°Ano'!U3:U27) -> 2.88 | K10: =AVERAGE('6°Ano'!V3:V27) -> 3.04 | L10: =AVERAGE(E10:K10) -> 3.0285714 | M10: =AVERAGE(L10:L13) -> 3.3158056
A11: Ensino Fundamental | B11: 6°B | C11: Danielle | D11: Ciências e Ciência Aplicada | E11: =AVERAGE('6°Ano'!P28:P48) -> 3.5 | F11: =AVERAGE('6°Ano'!Q28:Q48) -> 3.3 | G11: =AVERAGE('6°Ano'!R28:R48) -> 3.55 | H11: =AVERAGE('6°Ano'!S28:S48) -> 3.5 | I11: =AVERAGE('6°Ano'!T28:T48) -> 3.2 | J11: =AVERAGE('6°Ano'!U28:U48) -> 3.35 | K11: =AVERAGE('6°Ano'!V28:V48) -> 3.55 | L11: =AVERAGE(E11:K11) -> 3.4214286
A12: Ensino Fundamental | B12: 6°C | C12: Danielle | D12: Ciências e Ciência Aplicada | E12: =AVERAGE('6°Ano'!P49:P75) -> 3.6538462 | F12: =AVERAGE('6°Ano'!Q49:Q75) -> 3.3076923 | G12: =AVERAGE('6°Ano'!R49:R75) -> 3.5 | H12: =AVERAGE('6°Ano'!S49:S75) -> 3.4615385 | I12: =AVERAGE('6°Ano'!T49:T75) -> 3.88 | J12: =AVERAGE('6°Ano'!U49:U75) -> 3.1538462 | K12: =AVERAGE('6°Ano'!V49:V75) -> 3.7692308 | L12: =AVERAGE(E12:K12) -> 3.5323077
A13: Ensino Fundamental | B13: 6°D | C13: Danielle | D13: Ciências e Ciência Aplicada | E13: =AVERAGE('6°Ano'!P76:P98) -> 3.3478261 | F13: =AVERAGE('6°Ano'!Q76:Q98) -> 2.9090909 | G13: =AVERAGE('6°Ano'!R76:R98) -> 3.3181818 | H13: =AVERAGE('6°Ano'!S76:S98) -> 3.3913043 | I13: =AVERAGE('6°Ano'!T76:T98) -> 3.4782609 | J13: =AVERAGE('6°Ano'!U76:U98) -> 3 | K13: =AVERAGE('6°Ano'!V76:V98) -> 3.5217391 | L13: =AVERAGE(E13:K13) -> 3.2809147
A14: Ensino Fundamental | B14: 6°A | C14: Diego | D14: Matemática | E14: =AVERAGE('6°Ano'!W3:W27) -> 3.64 | F14: =AVERAGE('6°Ano'!X3:X27) -> 3.6 | G14: =AVERAGE('6°Ano'!Y3:Y27) -> 3.64 | H14: =AVERAGE('6°Ano'!Z3:Z27) -> 3.48 | I14: =AVERAGE('6°Ano'!AA3:AA27) -> 3.6 | J14: =AVERAGE('6°Ano'!AB3:AB27) -> 3.44 | K14: =AVERAGE('6°Ano'!AC3:AC27) -> 3.64 | L14: =AVERAGE(E14:K14) -> 3.5771429 | M14: =AVERAGE(L14:L17) -> 3.6525755
A15: Ensino Fundamental | B15: 6°B | C15: Diego | D15: Matemática | E15: =AVERAGE('6°Ano'!W28:W48) -> 3.8095238 | F15: =AVERAGE('6°Ano'!X28:X48) -> 3.4761905 | G15: =AVERAGE('6°Ano'!Y28:Y48) -> 3.8571429 | H15: =AVERAGE('6°Ano'!Z28:Z48) -> 3.7619048 | I15: =AVERAGE('6°Ano'!AA28:AA48) -> 3.6666667 | J15: =AVERAGE('6°Ano'!AB28:AB48) -> 3.5238095 | K15: =AVERAGE('6°Ano'!AC28:AC48) -> 3.6666667 | L15: =AVERAGE(E15:K15) -> 3.6802721
A16: Ensino Fundamental | B16: 6°C | C16: Diego | D16: Matemática | E16: =AVERAGE('6°Ano'!W49:W75) -> 3.8888889 | F16: =AVERAGE('6°Ano'!X49:X75) -> 3.3703704 | G16: =AVERAGE('6°Ano'!Y49:Y75) -> 3.5925926 | H16: =AVERAGE('6°Ano'!Z49:Z75) -> 3.7037037 | I16: =AVERAGE('6°Ano'!AA49:AA75) -> 3.8518519 | J16: =AVERAGE('6°Ano'!AB49:AB75) -> 3.4814815 | K16: =AVERAGE('6°Ano'!AC49:AC75) -> 3.4074074 | L16: =AVERAGE(E16:K16) -> 3.6137566
A17: Ensino Fundamental | B17: 6°D | C17: Diego | D17: Matemática | E17: =AVERAGE('6°Ano'!W76:W98) -> 3.9130435 | F17: =AVERAGE('6°Ano'!X76:X98) -> 3.7826087 | G17: =AVERAGE('6°Ano'!Y76:Y98) -> 3.8695652 | H17: =AVERAGE('6°Ano'!Z76:Z98) -> 3.5217391 | I17: =AVERAGE('6°Ano'!AA76:AA98) -> 3.9130435 | J17: =AVERAGE('6°Ano'!AB76:AB98) -> 3.3478261 | K17: =AVERAGE('6°Ano'!AC76:AC98) -> 3.826087 | L17: =AVERAGE(E17:K17) -> 3.7391304
A18: Ensino Fundamental | B18: 6°A | C18: Karen | D18: Redação | E18: =AVERAGE('6°Ano'!AD3:AD27) -> 2.16 | F18: =AVERAGE('6°Ano'!AE3:AE27) -> 1.88 | G18: =AVERAGE('6°Ano'!AF3:AF27) -> 2.32 | H18: =AVERAGE('6°Ano'!AG3:AG27) -> 2.56 | I18: =AVERAGE('6°Ano'!AH3:AH27) -> 2.52 | J18: =AVERAGE('6°Ano'!AI3:AI27) -> 2.04 | K18: =AVERAGE('6°Ano'!AJ3:AJ27) -> 2.52 | L18: =AVERAGE(E18:K18) -> 2.2857143 | M18: =AVERAGE(L18:L21) -> 2.8255102
A19: Ensino Fundamental | B19: 6°B | C19: Karen | D19: Redação | E19: =AVERAGE('6°Ano'!AD28:AD48) -> 2.3809524 | F19: =AVERAGE('6°Ano'!AE28:AE48) -> 1.8095238 | G19: =AVERAGE('6°Ano'!AF28:AF48) -> 2.5714286 | H19: =AVERAGE('6°Ano'!AG28:AG48) -> 3 | I19: =AVERAGE('6°Ano'!AH28:AH48) -> 2.7142857 | J19: =AVERAGE('6°Ano'!AI28:AI48) -> 2.5238095 | K19: =AVERAGE('6°Ano'!AJ28:AJ48) -> 2.952381 | L19: =AVERAGE(E19:K19) -> 2.5646259
A20: Ensino Fundamental | B20: 6°C | C20: Karen | D20: Redação | E20: =AVERAGE('6°Ano'!AD49:AD75) -> 3.3461538 | F20: =AVERAGE('6°Ano'!AE49:AE75) -> 2.3461538 | G20: =AVERAGE('6°Ano'!AF49:AF75) -> 3.4230769 | H20: =AVERAGE('6°Ano'!AG49:AG75) -> 3.3461538 | I20: =AVERAGE('6°Ano'!AH49:AH75) -> 3.8076923 | J20: =AVERAGE('6°Ano'!AI49:AI75) -> 3.0384615 | K20: =AVERAGE('6°Ano'!AJ49:AJ75) -> 3.7692308 | L20: =AVERAGE(E20:K20) -> 3.2967033
A21: Ensino Fundamental | B21: 6°D | C21: Karen | D21: Redação | E21: =AVERAGE('6°Ano'!AD76:AD98) -> 3.3043478 | F21: =AVERAGE('6°Ano'!AE76:AE98) -> 2.6956522 | G21: =AVERAGE('6°Ano'!AF76:AF98) -> 3.3043478 | H21: =AVERAGE('6°Ano'!AG76:AG98) -> 2.9545455 | I21: =AVERAGE('6°Ano'!AH76:AH98) -> 3.6521739 | J21: =AVERAGE('6°Ano'!AI76:AI98) -> 2.7391304 | K21: =AVERAGE('6°Ano'!AJ76:AJ98) -> 3.4347826 | L21: =AVERAGE(E21:K21) -> 3.1549972
A22: Ensino Fundamental | B22: 6°A | C22: Luana | D22: Ciência Aplicada | E22: =AVERAGE('6°Ano'!AK3:AK27) -> 3.48 | F22: =AVERAGE('6°Ano'!AL3:AL27) -> 3.56 | G22: =AVERAGE('6°Ano'!AM3:AM27) -> 3.52 | H22: =AVERAGE('6°Ano'!AN3:AN27) -> 3.48 | I22: =AVERAGE('6°Ano'!AO3:AO27) -> 3.56 | J22: =AVERAGE('6°Ano'!AP3:AP27) -> 3.25 | K22: =AVERAGE('6°Ano'!AQ3:AQ27) -> 3.56 | L22: =AVERAGE(E22:K22) -> 3.4871429 | M22: =AVERAGE(L22:L25) -> 3.4212806
A23: Ensino Fundamental | B23: 6°B | C23: Luana | D23: Ciência Aplicada | E23: =AVERAGE('6°Ano'!AK28:AK48) -> 3.3333333 | F23: =AVERAGE('6°Ano'!AL28:AL48) -> 3.4285714 | G23: =AVERAGE('6°Ano'!AM28:AM48) -> 2.952381 | H23: =AVERAGE('6°Ano'!AN28:AN48) -> 3.3333333 | I23: =AVERAGE('6°Ano'!AO28:AO48) -> 3.2857143 | J23: =AVERAGE('6°Ano'!AP28:AP48) -> 3.2 | K23: =AVERAGE('6°Ano'!AQ28:AQ48) -> 3.55 | L23: =AVERAGE(E23:K23) -> 3.297619
A24: Ensino Fundamental | B24: 6°C | C24: Luana | D24: Ciência Aplicada | E24: =AVERAGE('6°Ano'!AK49:AK75) -> 3.3461538 | F24: =AVERAGE('6°Ano'!AL49:AL75) -> 3.2307692 | G24: =AVERAGE('6°Ano'!AM49:AM75) -> 3.2692308 | H24: =AVERAGE('6°Ano'!AN49:AN75) -> 3.3461538 | I24: =AVERAGE('6°Ano'!AO49:AO75) -> 3.5384615 | J24: =AVERAGE('6°Ano'!AP49:AP75) -> 3.1153846 | K24: =AVERAGE('6°Ano'!AQ49:AQ75) -> 3.5769231 | L24: =AVERAGE(E24:K24) -> 3.3461538
A25: Ensino Fundamental | B25: 6°D | C25: Luana | D25: Ciência Aplicada | E25: =AVERAGE('6°Ano'!AK76:AK98) -> 3.5217391 | F25: =AVERAGE('6°Ano'!AL76:AL98) -> 3.3913043 | G25: =AVERAGE('6°Ano'!AM76:AM98) -> 3.5652174 | H25: =AVERAGE('6°Ano'!AN76:AN98) -> 3.5217391 | I25: =AVERAGE('6°Ano'!AO76:AO98) -> 3.7826087 | J25: =AVERAGE('6°Ano'!AP76:AP98) -> 3.2272727 | K25: =AVERAGE('6°Ano'!AQ76:AQ98) -> 3.8695652 | L25: =AVERAGE(E25:K25) -> 3.5542067
A26: Ensino Fundamental | B26: 6°A | C26: Marcia | D26: Arte Visual | E26: =AVERAGE('6°Ano'!AR3:AR27) -> 3.12 | F26: =AVERAGE('6°Ano'!AS3:AS27) -> 3.24 | G26: =AVERAGE('6°Ano'!AT3:AT27) -> 3.36 | H26: =AVERAGE('6°Ano'!AU3:AU27) -> 2.7916667 | I26: =AVERAGE('6°Ano'!AV3:AV27) -> 3.32 | J26: =AVERAGE('6°Ano'!AW3:AW27) -> 2.96 | K26: =AVERAGE('6°Ano'!AX3:AX27) -> 3.24 | L26: =AVERAGE(E26:K26) -> 3.147381 | M26: =AVERAGE(L26:L29) -> 2.8849418
A27: Ensino Fundamental | B27: 6°B | C27: Marcia | D27: Arte Visual | E27: =AVERAGE('6°Ano'!AR28:AR48) -> 2.6666667 | F27: =AVERAGE('6°Ano'!AS28:AS48) -> 2.7142857 | G27: =AVERAGE('6°Ano'!AT28:AT48) -> 2.7619048 | H27: =AVERAGE('6°Ano'!AU28:AU48) -> 2.6190476 | I27: =AVERAGE('6°Ano'!AV28:AV48) -> 3 | J27: =AVERAGE('6°Ano'!AW28:AW48) -> 2.5714286 | K27: =AVERAGE('6°Ano'!AX28:AX48) -> 3.047619 | L27: =AVERAGE(E27:K27) -> 2.7687075
A28: Ensino Fundamental | B28: 6°C | C28: Marcia | D28: Arte Visual | E28: =AVERAGE('6°Ano'!AR49:AR75) -> 3.1153846 | F28: =AVERAGE('6°Ano'!AS49:AS75) -> 3.2307692 | G28: =AVERAGE('6°Ano'!AT49:AT75) -> 3.0769231 | H28: =AVERAGE('6°Ano'!AU49:AU75) -> 3 | I28: =AVERAGE('6°Ano'!AV49:AV75) -> 3.64 | J28: =AVERAGE('6°Ano'!AW49:AW75) -> 2.8076923 | K28: =AVERAGE('6°Ano'!AX49:AX75) -> 3.5384615 | L28: =AVERAGE(E28:K28) -> 3.2013187
A29: Ensino Fundamental | B29: 6°D | C29: Marcia | D29: Arte Visual | E29: =AVERAGE('6°Ano'!AR76:AR98) -> 2.3043478 | F29: =AVERAGE('6°Ano'!AS76:AS98) -> 2.6086957 | G29: =AVERAGE('6°Ano'!AT76:AT98) -> 2.0869565 | H29: =AVERAGE('6°Ano'!AU76:AU98) -> 2.3043478 | I29: =AVERAGE('6°Ano'!AV76:AV98) -> 3.1304348 | J29: =AVERAGE('6°Ano'!AW76:AW98) -> 2.2608696 | K29: =AVERAGE('6°Ano'!AX76:AX98) -> 2.2608696 | L29: =AVERAGE(E29:K29) -> 2.4223602
A30: Ensino Fundamental | B30: 6°A | C30: Mário | D30: Geografia | E30: =AVERAGE('6°Ano'!AY3:AY27) -> 2.88 | F30: =AVERAGE('6°Ano'!AZ3:AZ27) -> 2.72 | G30: =AVERAGE('6°Ano'!BA3:BA27) -> 3.04 | H30: =AVERAGE('6°Ano'!BB3:BB27) -> 3.52 | I30: =AVERAGE('6°Ano'!BC3:BC27) -> 3.36 | J30: =AVERAGE('6°Ano'!BD3:BD27) -> 3.64 | K30: =AVERAGE('6°Ano'!BE3:BE27) -> 3.08 | L30: =AVERAGE(E30:K30) -> 3.1771429 | M30: =AVERAGE(L30:L33) -> 3.1490252
A31: Ensino Fundamental | B31: 6°B | C31: Mário | D31: Geografia | E31: =AVERAGE('6°Ano'!AY28:AY48) -> 2.9047619 | F31: =AVERAGE('6°Ano'!AZ28:AZ48) -> 2.1904762 | G31: =AVERAGE('6°Ano'!BA28:BA48) -> 2.7619048 | H31: =AVERAGE('6°Ano'!BB28:BB48) -> 3.3809524 | I31: =AVERAGE('6°Ano'!BC28:BC48) -> 3.1904762 | J31: =AVERAGE('6°Ano'!BD28:BD48) -> 3.2380952 | K31: =AVERAGE('6°Ano'!BE28:BE48) -> 3 | L31: =AVERAGE(E31:K31) -> 2.952381
A32: Ensino Fundamental | B32: 6°C | C32: Mário | D32: Geografia | E32: =AVERAGE('6°Ano'!AY49:AY75) -> 3.4230769 | F32: =AVERAGE('6°Ano'!AZ49:AZ75) -> 2.8076923 | G32: =AVERAGE('6°Ano'!BA49:BA75) -> 3.0769231 | H32: =AVERAGE('6°Ano'!BB49:BB75) -> 3.9230769 | I32: =AVERAGE('6°Ano'!BC49:BC75) -> 3.5384615 | J32: =AVERAGE('6°Ano'!BD49:BD75) -> 4 | K32: =AVERAGE('6°Ano'!BE49:BE75) -> 3.6153846 | L32: =AVERAGE(E32:K32) -> 3.4835165
A33: Ensino Fundamental | B33: 6°D | C33: Mário | D33: Geografia | E33: =AVERAGE('6°Ano'!AY76:AY98) -> 2.7391304 | F33: =AVERAGE('6°Ano'!AZ76:AZ98) -> 2.6086957 | G33: =AVERAGE('6°Ano'!BA76:BA98) -> 2.6086957 | H33: =AVERAGE('6°Ano'!BB76:BB98) -> 3.3478261 | I33: =AVERAGE('6°Ano'!BC76:BC98) -> 3.3478261 | J33: =AVERAGE('6°Ano'!BD76:BD98) -> 3.2727273 | K33: =AVERAGE('6°Ano'!BE76:BE98) -> 2.9565217 | L33: =AVERAGE(E33:K33) -> 2.9830604
A34: Ensino Fundamental | B34: 6°A | C34: Monique | D34: LIV | E34: =AVERAGE('6°Ano'!BF3:BF27) -> 3.72 | F34: =AVERAGE('6°Ano'!BG3:BG27) -> 3.84 | G34: =AVERAGE('6°Ano'!BH3:BH27) -> 3.96 | H34: =AVERAGE('6°Ano'!BI3:BI27) -> 3.84 | I34: =AVERAGE('6°Ano'!BJ3:BJ27) -> 3.8333333 | J34: =AVERAGE('6°Ano'!BK3:BK27) -> 3.8 | K34: =AVERAGE('6°Ano'!BL3:BL27) -> 3.9166667 | L34: =AVERAGE(E34:K34) -> 3.8442857 | M34: =AVERAGE(L34:L37) -> 3.784096
A35: Ensino Fundamental | B35: 6°B | C35: Monique | D35: LIV | E35: =AVERAGE('6°Ano'!BF28:BF48) -> 3.7619048 | F35: =AVERAGE('6°Ano'!BG28:BG48) -> 3.7142857 | G35: =AVERAGE('6°Ano'!BH28:BH48) -> 3.8095238 | H35: =AVERAGE('6°Ano'!BI28:BI48) -> 3.4285714 | I35: =AVERAGE('6°Ano'!BJ28:BJ48) -> 3.4 | J35: =AVERAGE('6°Ano'!BK28:BK48) -> 3.4285714 | K35: =AVERAGE('6°Ano'!BL28:BL48) -> 3.8095238 | L35: =AVERAGE(E35:K35) -> 3.6217687
A36: Ensino Fundamental | B36: 6°C | C36: Monique | D36: LIV | E36: =AVERAGE('6°Ano'!BF49:BF75) -> 3.9230769 | F36: =AVERAGE('6°Ano'!BG49:BG75) -> 3.8461538 | G36: =AVERAGE('6°Ano'!BH49:BH75) -> 3.9230769 | H36: =AVERAGE('6°Ano'!BI49:BI75) -> 3.6923077 | I36: =AVERAGE('6°Ano'!BJ49:BJ75) -> 3.8076923 | J36: =AVERAGE('6°Ano'!BK49:BK75) -> 3.5384615 | K36: =AVERAGE('6°Ano'!BL49:BL75) -> 3.9615385 | L36: =AVERAGE(E36:K36) -> 3.8131868
A37: Ensino Fundamental | B37: 6°D | C37: Monique | D37: LIV | E37: =AVERAGE('6°Ano'!BF76:BF98) -> 3.9130435 | F37: =AVERAGE('6°Ano'!BG76:BG98) -> 3.9565217 | G37: =AVERAGE('6°Ano'!BH76:BH98) -> 3.9565217 | H37: =AVERAGE('6°Ano'!BI76:BI98) -> 3.6086957 | I37: =AVERAGE('6°Ano'!BJ76:BJ98) -> 3.9565217 | J37: =AVERAGE('6°Ano'!BK76:BK98) -> 3.6086957 | K37: =AVERAGE('6°Ano'!BL76:BL98) -> 4 | L37: =AVERAGE(E37:K37) -> 3.8571429
A38: Ensino Fundamental | B38: 6°A | C38: Pavarina | D38: Educação Física | E38: =AVERAGE('6°Ano'!BM3:BM27) -> 3.52 | F38: =AVERAGE('6°Ano'!BN3:BN27) -> 3.48 | G38: =AVERAGE('6°Ano'!BO3:BO27) -> 3.32 | H38: =AVERAGE('6°Ano'!BP3:BP27) -> 3.68 | I38: =AVERAGE('6°Ano'!BQ3:BQ27) -> 3.4 | J38: =AVERAGE('6°Ano'!BR3:BR27) -> 3.56 | K38: =AVERAGE('6°Ano'!BS3:BS27) -> 3.36 | L38: =AVERAGE(E38:K38) -> 3.4742857 | M38: =AVERAGE(L38:L41) -> 3.4671487
A39: Ensino Fundamental | B39: 6°B | C39: Pavarina | D39: Educação Física | E39: =AVERAGE('6°Ano'!BM28:BM48) -> 3.7 | F39: =AVERAGE('6°Ano'!BN28:BN48) -> 3.6190476 | G39: =AVERAGE('6°Ano'!BO28:BO48) -> 3.1904762 | H39: =AVERAGE('6°Ano'!BP28:BP48) -> 3.5238095 | I39: =AVERAGE('6°Ano'!BQ28:BQ48) -> 3.5714286 | J39: =AVERAGE('6°Ano'!BR28:BR48) -> 3.047619 | K39: =AVERAGE('6°Ano'!BS28:BS48) -> 3 | L39: =AVERAGE(E39:K39) -> 3.3789116
A40: Ensino Fundamental | B40: 6°C | C40: Pavarina | D40: Educação Física | E40: =AVERAGE('6°Ano'!BM49:BM75) -> 3.8461538 | F40: =AVERAGE('6°Ano'!BN49:BN75) -> 3.6923077 | G40: =AVERAGE('6°Ano'!BO49:BO75) -> 3.6923077 | H40: =AVERAGE('6°Ano'!BP49:BP75) -> 3.8076923 | I40: =AVERAGE('6°Ano'!BQ49:BQ75) -> 3.5 | J40: =AVERAGE('6°Ano'!BR49:BR75) -> 3.5384615 | K40: =AVERAGE('6°Ano'!BS49:BS75) -> 3.3846154 | L40: =AVERAGE(E40:K40) -> 3.6373626
A41: Ensino Fundamental | B41: 6°D | C41: Pavarina | D41: Educação Física | E41: =AVERAGE('6°Ano'!BM76:BM98) -> 3.4347826 | F41: =AVERAGE('6°Ano'!BN76:BN98) -> 3.5652174 | G41: =AVERAGE('6°Ano'!BO76:BO98) -> 3.5 | H41: =AVERAGE('6°Ano'!BP76:BP98) -> 3.3636364 | I41: =AVERAGE('6°Ano'!BQ76:BQ98) -> 3.3478261 | J41: =AVERAGE('6°Ano'!BR76:BR98) -> 3.2608696 | K41: =AVERAGE('6°Ano'!BS76:BS98) -> 3.173913 | L41: =AVERAGE(E41:K41) -> 3.378035
A42: Ensino Fundamental | B42: 6°A | C42: Ranata | D42: Inglês - CLIL | E42: =AVERAGE('6°Ano'!BT3:BT27) -> 3.8 | F42: =AVERAGE('6°Ano'!BU3:BU27) -> 3.56 | G42: =AVERAGE('6°Ano'!BV3:BV27) -> 3.92 | H42: =AVERAGE('6°Ano'!BW3:BW27) -> 3.76 | I42: =AVERAGE('6°Ano'!BX3:BX27) -> 3.72 | J42: =AVERAGE('6°Ano'!BY3:BY27) -> 3.6 | K42: =AVERAGE('6°Ano'!BZ3:BZ27) -> 3.9166667 | L42: =AVERAGE(E42:K42) -> 3.7538095 | M42: =AVERAGE(L42:L45) -> 3.7178332
A43: Ensino Fundamental | B43: 6°B | C43: Ranata | D43: Inglês - CLIL | E43: =AVERAGE('6°Ano'!BT28:BT48) -> 3.9047619 | F43: =AVERAGE('6°Ano'!BU28:BU48) -> 3.4761905 | G43: =AVERAGE('6°Ano'!BV28:BV48) -> 3.7142857 | H43: =AVERAGE('6°Ano'!BW28:BW48) -> 3.7142857 | I43: =AVERAGE('6°Ano'!BX28:BX48) -> 3.7142857 | J43: =AVERAGE('6°Ano'!BY28:BY48) -> 3.6666667 | K43: =AVERAGE('6°Ano'!BZ28:BZ48) -> 3.9047619 | L43: =AVERAGE(E43:K43) -> 3.7278912
A44: Ensino Fundamental | B44: 6°C | C44: Ranata | D44: Inglês - CLIL | E44: =AVERAGE('6°Ano'!BT49:BT75) -> 3.9230769 | F44: =AVERAGE('6°Ano'!BU49:BU75) -> 3.6153846 | G44: =AVERAGE('6°Ano'!BV49:BV75) -> 3.7307692 | H44: =AVERAGE('6°Ano'!BW49:BW75) -> 3.7307692 | I44: =AVERAGE('6°Ano'!BX49:BX75) -> 4 | J44: =AVERAGE('6°Ano'!BY49:BY75) -> 3.5384615 | K44: =AVERAGE('6°Ano'!BZ49:BZ75) -> 3.8846154 | L44: =AVERAGE(E44:K44) -> 3.7747253
A45: Ensino Fundamental | B45: 6°D | C45: Ranata | D45: Inglês - CLIL | E45: =AVERAGE('6°Ano'!BT76:BT98) -> 3.7391304 | F45: =AVERAGE('6°Ano'!BU76:BU98) -> 3.5217391 | G45: =AVERAGE('6°Ano'!BV76:BV98) -> 3.8695652 | H45: =AVERAGE('6°Ano'!BW76:BW98) -> 3.4782609 | I45: =AVERAGE('6°Ano'!BX76:BX98) -> 3.6521739 | J45: =AVERAGE('6°Ano'!BY76:BY98) -> 3.2173913 | K45: =AVERAGE('6°Ano'!BZ76:BZ98) -> 3.826087 | L45: =AVERAGE(E45:K45) -> 3.6149068
A46: Ensino Fundamental | B46: 6°A | C46: Ricardo | D46: História | E46: =AVERAGE('6°Ano'!CA3:CA27) -> 3.56 | F46: =AVERAGE('6°Ano'!CB3:CB27) -> 3.56 | G46: =AVERAGE('6°Ano'!CC3:CC27) -> 3.72 | H46: =AVERAGE('6°Ano'!CD3:CD27) -> 3.72 | I46: =AVERAGE('6°Ano'!CE3:CE27) -> 3.64 | J46: =AVERAGE('6°Ano'!CF3:CF27) -> 3.88 | K46: =AVERAGE('6°Ano'!CG3:CG27) -> 3.6 | L46: =AVERAGE(E46:K46) -> 3.6685714 | M46: =AVERAGE(L46:L49) -> 3.7012506
A47: Ensino Fundamental | B47: 6°B | C47: Ricardo | D47: História | E47: =AVERAGE('6°Ano'!CA28:CA48) -> 3.65 | F47: =AVERAGE('6°Ano'!CB28:CB48) -> 3.4285714 | G47: =AVERAGE('6°Ano'!CC28:CC48) -> 3.3333333 | H47: =AVERAGE('6°Ano'!CD28:CD48) -> 3.8 | I47: =AVERAGE('6°Ano'!CE28:CE48) -> 3.4761905 | J47: =AVERAGE('6°Ano'!CF28:CF48) -> 3.6190476 | K47: =AVERAGE('6°Ano'!CG28:CG48) -> 3.3333333 | L47: =AVERAGE(E47:K47) -> 3.520068
A48: Ensino Fundamental | B48: 6°C | C48: Ricardo | D48: História | E48: =AVERAGE('6°Ano'!CA49:CA75) -> 3.9230769 | F48: =AVERAGE('6°Ano'!CB49:CB75) -> 3.9230769 | G48: =AVERAGE('6°Ano'!CC49:CC75) -> 3.8461538 | H48: =AVERAGE('6°Ano'!CD49:CD75) -> 3.8846154 | I48: =AVERAGE('6°Ano'!CE49:CE75) -> 3.9230769 | J48: =AVERAGE('6°Ano'!CF49:CF75) -> 4 | K48: =AVERAGE('6°Ano'!CG49:CG75) -> 3.9615385 | L48: =AVERAGE(E48:K48) -> 3.9230769
A49: Ensino Fundamental | B49: 6°D | C49: Ricardo | D49: História | E49: =AVERAGE('6°Ano'!CA76:CA98) -> 3.6086957 | F49: =AVERAGE('6°Ano'!CB76:CB98) -> 3.3478261 | G49: =AVERAGE('6°Ano'!CC76:CC98) -> 3.6086957 | H49: =AVERAGE('6°Ano'!CD76:CD98) -> 3.8695652 | I49: =AVERAGE('6°Ano'!CE76:CE98) -> 3.826087 | J49: =AVERAGE('6°Ano'!CF76:CF98) -> 3.7826087 | K49: =AVERAGE('6°Ano'!CG76:CG98) -> 3.8095238 | L49: =AVERAGE(E49:K49) -> 3.693286
A50: Ensino Fundamental | B50: 6°A | C50: Rita | D50: Leitura e Gramática | E50: =AVERAGE('6°Ano'!CH3:CH27) -> 3.76 | F50: =AVERAGE('6°Ano'!CI3:CI27) -> 3.68 | G50: =AVERAGE('6°Ano'!CJ3:CJ27) -> 3.88 | H50: =AVERAGE('6°Ano'!CK3:CK27) -> 3.68 | I50: =AVERAGE('6°Ano'!CL3:CL27) -> 3.96 | J50: =AVERAGE('6°Ano'!CM3:CM27) -> 3.6 | K50: =AVERAGE('6°Ano'!CN3:CN27) -> 3.88 | L50: =AVERAGE(E50:K50) -> 3.7771429 | M50: =AVERAGE(L50:L53) -> 3.8506164
A51: Ensino Fundamental | B51: 6°B | C51: Rita | D51: Leitura e Gramática | E51: =AVERAGE('6°Ano'!CH28:CH48) -> 3.952381 | F51: =AVERAGE('6°Ano'!CI28:CI48) -> 3.5238095 | G51: =AVERAGE('6°Ano'!CJ28:CJ48) -> 3.952381 | H51: =AVERAGE('6°Ano'!CK28:CK48) -> 3.7142857 | I51: =AVERAGE('6°Ano'!CL28:CL48) -> 3.7142857 | J51: =AVERAGE('6°Ano'!CM28:CM48) -> 3.7142857 | K51: =AVERAGE('6°Ano'!CN28:CN48) -> 3.952381 | L51: =AVERAGE(E51:K51) -> 3.7891156
A52: Ensino Fundamental | B52: 6°C | C52: Rita | D52: Leitura e Gramática | E52: =AVERAGE('6°Ano'!CH49:CH75) -> 4 | F52: =AVERAGE('6°Ano'!CI49:CI75) -> 3.9230769 | G52: =AVERAGE('6°Ano'!CJ49:CJ75) -> 4 | H52: =AVERAGE('6°Ano'!CK49:CK75) -> 3.8461538 | I52: =AVERAGE('6°Ano'!CL49:CL75) -> 3.9230769 | J52: =AVERAGE('6°Ano'!CM49:CM75) -> 3.9615385 | K52: =AVERAGE('6°Ano'!CN49:CN75) -> 4 | L52: =AVERAGE(E52:K52) -> 3.9505495
A53: Ensino Fundamental | B53: 6°D | C53: Rita | D53: Leitura e Gramática | E53: =AVERAGE('6°Ano'!CH76:CH98) -> 4 | F53: =AVERAGE('6°Ano'!CI76:CI98) -> 3.9130435 | G53: =AVERAGE('6°Ano'!CJ76:CJ98) -> 4 | H53: =AVERAGE('6°Ano'!CK76:CK98) -> 3.7391304 | I53: =AVERAGE('6°Ano'!CL76:CL98) -> 4 | J53: =AVERAGE('6°Ano'!CM76:CM98) -> 3.5909091 | K53: =AVERAGE('6°Ano'!CN76:CN98) -> 3.9565217 | L53: =AVERAGE(E53:K53) -> 3.8856578
A54: Ensino Fundamental | B54: 6°A | C54: Valeska | D54: Inglês - Language | E54: =AVERAGE('6°Ano'!CO3:CO27) -> 3.04 | F54: =AVERAGE('6°Ano'!CP3:CP27) -> 2.92 | G54: =AVERAGE('6°Ano'!CQ3:CQ27) -> 3.2 | H54: =AVERAGE('6°Ano'!CR3:CR27) -> 3.5 | I54: =AVERAGE('6°Ano'!CS3:CS27) -> 3.36 | J54: =AVERAGE('6°Ano'!CT3:CT27) -> 3.28 | K54: =AVERAGE('6°Ano'!CU3:CU27) -> 3.28 | L54: =AVERAGE(E54:K54) -> 3.2257143 | M54: =AVERAGE(L54:L57) -> 3.2075088
A55: Ensino Fundamental | B55: 6°B | C55: Valeska | D55: Inglês - Language | E55: =AVERAGE('6°Ano'!CO28:CO48) -> 2.7619048 | F55: =AVERAGE('6°Ano'!CP28:CP48) -> 2.4761905 | G55: =AVERAGE('6°Ano'!CQ28:CQ48) -> 2.9047619 | H55: =AVERAGE('6°Ano'!CR28:CR48) -> 2.8095238 | I55: =AVERAGE('6°Ano'!CS28:CS48) -> 2.8095238 | J55: =AVERAGE('6°Ano'!CT28:CT48) -> 2.9047619 | K55: =AVERAGE('6°Ano'!CU28:CU48) -> 3.05 | L55: =AVERAGE(E55:K55) -> 2.8166667
A56: Ensino Fundamental | B56: 6°C | C56: Valeska | D56: Inglês - Language | E56: =AVERAGE('6°Ano'!CO49:CO75) -> 3.5384615 | F56: =AVERAGE('6°Ano'!CP49:CP75) -> 2.8461538 | G56: =AVERAGE('6°Ano'!CQ49:CQ75) -> 3.5769231 | H56: =AVERAGE('6°Ano'!CR49:CR75) -> 3.5384615 | I56: =AVERAGE('6°Ano'!CS49:CS75) -> 3.7692308 | J56: =AVERAGE('6°Ano'!CT49:CT75) -> 3.44 | K56: =AVERAGE('6°Ano'!CU49:CU75) -> 3.5 | L56: =AVERAGE(E56:K56) -> 3.4584615
A57: Ensino Fundamental | B57: 6°D | C57: Valeska | D57: Inglês - Language | E57: =AVERAGE('6°Ano'!CO76:CO98) -> 3.4347826 | F57: =AVERAGE('6°Ano'!CP76:CP98) -> 2.7391304 | G57: =AVERAGE('6°Ano'!CQ76:CQ98) -> 3.3913043 | H57: =AVERAGE('6°Ano'!CR76:CR98) -> 3.1304348 | I57: =AVERAGE('6°Ano'!CS76:CS98) -> 3.7826087 | J57: =AVERAGE('6°Ano'!CT76:CT98) -> 3.173913 | K57: =AVERAGE('6°Ano'!CU76:CU98) -> 3.6521739 | L57: =AVERAGE(E57:K57) -> 3.3291925
A58: Ensino Fundamental | B58: 7°A | C58: Alberto | D58: Matemática | E58: =AVERAGE('7° Ano'!B3:B32) -> 3.2333333 | F58: =AVERAGE('7° Ano'!C3:C32) -> 3.0689655 | G58: =AVERAGE('7° Ano'!D3:D32) -> 3.6551724 | H58: =AVERAGE('7° Ano'!E3:E32) -> 2.8928571 | I58: =AVERAGE('7° Ano'!F3:F32) -> 3.6896552 | J58: =AVERAGE('7° Ano'!G3:G32) -> 2.6666667 | K58: =AVERAGE('7° Ano'!H3:H32) -> 3.7 | L58: =AVERAGE(E58:K58) -> 3.2723786 | M58: =AVERAGE(L58:L61) -> 3.4077263
A59: Ensino Fundamental | B59: 7°B | C59: Alberto | D59: Matemática | E59: =AVERAGE('7° Ano'!B33:B64) -> 3.03125 | F59: =AVERAGE('7° Ano'!C33:C64) -> 2.90625 | G59: =AVERAGE('7° Ano'!D33:D64) -> 3.40625 | H59: =AVERAGE('7° Ano'!E33:E64) -> 2.96875 | I59: =AVERAGE('7° Ano'!F33:F64) -> 3.3125 | J59: =AVERAGE('7° Ano'!G33:G64) -> 2.46875 | K59: =AVERAGE('7° Ano'!H33:H64) -> 3.375 | L59: =AVERAGE(E59:K59) -> 3.0669643
A60: Ensino Fundamental | B60: 7°C | C60: Alberto | D60: Matemática | E60: =AVERAGE('7° Ano'!B65:B83) -> 3.7894737 | F60: =AVERAGE('7° Ano'!C65:C83) -> 3.6315789 | G60: =AVERAGE('7° Ano'!D65:D83) -> 3.8333333 | H60: =AVERAGE('7° Ano'!E65:E83) -> 3.5263158 | I60: =AVERAGE('7° Ano'!F65:F83) -> 3.8421053 | J60: =AVERAGE('7° Ano'!G65:G83) -> 3 | K60: =AVERAGE('7° Ano'!H65:H83) -> 3.5789474 | L60: =AVERAGE(E60:K60) -> 3.6002506
A61: Ensino Fundamental | B61: 7°D | C61: Alberto | D61: Matemática | E61: =AVERAGE('7° Ano'!B84:B102) -> 3.6842105 | F61: =AVERAGE('7° Ano'!C84:C102) -> 3.5263158 | G61: =AVERAGE('7° Ano'!D84:D102) -> 3.9444444 | H61: =AVERAGE('7° Ano'!E84:E102) -> 3.5789474 | I61: =AVERAGE('7° Ano'!F84:F102) -> 3.8421053 | J61: =AVERAGE('7° Ano'!G84:G102) -> 3.3157895 | K61: =AVERAGE('7° Ano'!H84:H102) -> 3.9473684 | L61: =AVERAGE(E61:K61) -> 3.6913116
A62: Ensino Fundamental | B62: 7°A | C62: Andreia | D62: Ciências Sociais | E62: =AVERAGE('7° Ano'!I3:I32) -> 3.3666667 | F62: =AVERAGE('7° Ano'!J3:J32) -> 3.1428571 | G62: =AVERAGE('7° Ano'!K3:K32) -> 3.4 | H62: =AVERAGE('7° Ano'!L3:L32) -> 3.0333333 | I62: =AVERAGE('7° Ano'!M3:M32) -> 3.3333333 | J62: =AVERAGE('7° Ano'!N3:N32) -> 3.2 | K62: =AVERAGE('7° Ano'!O3:O32) -> 3.5 | L62: =AVERAGE(E62:K62) -> 3.2823129 | M62: =AVERAGE(L62:L65) -> 3.5359539
A63: Ensino Fundamental | B63: 7°B | C63: Andreia | D63: Ciências Socias | E63: =AVERAGE('7° Ano'!I33:I64) -> 3.59375 | F63: =AVERAGE('7° Ano'!J33:J64) -> 3.53125 | G63: =AVERAGE('7° Ano'!K33:K64) -> 3.84375 | H63: =AVERAGE('7° Ano'!L33:L64) -> 3.5 | I63: =AVERAGE('7° Ano'!M33:M64) -> 3.59375 | J63: =AVERAGE('7° Ano'!N33:N64) -> 3.25 | K63: =AVERAGE('7° Ano'!O33:O64) -> 3.84375 | L63: =AVERAGE(E63:K63) -> 3.59375
A64: Ensino Fundamental | B64: 7°C | C64: Andreia | D64: Ciências Socias | E64: =AVERAGE('7° Ano'!I65:I83) -> 3.3684211 | F64: =AVERAGE('7° Ano'!J65:J83) -> 3.6111111 | G64: =AVERAGE('7° Ano'!K65:K83) -> 3.4736842 | H64: =AVERAGE('7° Ano'!L65:L83) -> 3.5263158 | I64: =AVERAGE('7° Ano'!M65:M83) -> 3.8947368 | J64: =AVERAGE('7° Ano'!N65:N83) -> 3.2105263 | K64: =AVERAGE('7° Ano'!O65:O83) -> 3.6842105 | L64: =AVERAGE(E64:K64) -> 3.5384294
A65: Ensino Fundamental | B65: 7°D | C65: Andreia | D65: Ciências Sociais | E65: =AVERAGE('7° Ano'!I84:I102) -> 3.6842105 | F65: =AVERAGE('7° Ano'!J84:J102) -> 3.5789474 | G65: =AVERAGE('7° Ano'!K84:K102) -> 3.8947368 | H65: =AVERAGE('7° Ano'!L84:L102) -> 3.6315789 | I65: =AVERAGE('7° Ano'!M84:M102) -> 3.7368421 | J65: =AVERAGE('7° Ano'!N84:N102) -> 3.7368421 | K65: =AVERAGE('7° Ano'!O84:O102) -> 3.8421053 | L65: =AVERAGE(E65:K65) -> 3.7293233
A66: Ensino Fundamental | B66: 7°A | C66: Ariany | D66: Arte música | E66: =AVERAGE('7° Ano'!P3:P32) -> 2.4 | F66: =AVERAGE('7° Ano'!Q3:Q32) -> 2.1666667 | G66: =AVERAGE('7° Ano'!R3:R32) -> 2.4 | H66: =AVERAGE('7° Ano'!S3:S32) -> 3.1333333 | I66: =AVERAGE('7° Ano'!T3:T32) -> 2.6 | J66: =AVERAGE('7° Ano'!U3:U32) -> 2.6551724 | K66: =AVERAGE('7° Ano'!V3:V32) -> 2.9655172 | L66: =AVERAGE(E66:K66) -> 2.6172414 | M66: =AVERAGE(L66:L69) -> 2.8881893
A67: Ensino Fundamental | B67: 7°B | C67: Ariany | D67: Arte música | E67: =AVERAGE('7° Ano'!P33:P64) -> 2.25 | F67: =AVERAGE('7° Ano'!Q33:Q64) -> 2.40625 | G67: =AVERAGE('7° Ano'!R33:R64) -> 2.6875 | H67: =AVERAGE('7° Ano'!S33:S64) -> 2.5625 | I67: =AVERAGE('7° Ano'!T33:T64) -> 2.8125 | J67: =AVERAGE('7° Ano'!U33:U64) -> 2.34375 | K67: =AVERAGE('7° Ano'!V33:V64) -> 2.875 | L67: =AVERAGE(E67:K67) -> 2.5625
A68: Ensino Fundamental | B68: 7°C | C68: Ariany | D68: Arte música | E68: =AVERAGE('7° Ano'!P65:P83) -> 3.7368421 | F68: =AVERAGE('7° Ano'!Q65:Q83) -> 3.9473684 | G68: =AVERAGE('7° Ano'!R65:R83) -> 3.8947368 | H68: =AVERAGE('7° Ano'!S65:S83) -> 3.8947368 | I68: =AVERAGE('7° Ano'!T65:T83) -> 3.8947368 | J68: =AVERAGE('7° Ano'!U65:U83) -> 3.8421053 | K68: =AVERAGE('7° Ano'!V65:V83) -> 3.8421053 | L68: =AVERAGE(E68:K68) -> 3.8646617
A69: Ensino Fundamental | B69: 7°D | C69: Ariany | D69: Arte música | E69: =AVERAGE('7° Ano'!P84:P102) -> 2.3333333 | F69: =AVERAGE('7° Ano'!Q84:Q102) -> 2.4210526 | G69: =AVERAGE('7° Ano'!R84:R102) -> 2.5 | H69: =AVERAGE('7° Ano'!S84:S102) -> 2.4736842 | I69: =AVERAGE('7° Ano'!T84:T102) -> 2.7777778 | J69: =AVERAGE('7° Ano'!U84:U102) -> 2.2631579 | K69: =AVERAGE('7° Ano'!V84:V102) -> 2.7894737 | L69: =AVERAGE(E69:K69) -> 2.5083542
A70: Ensino Fundamental | B70: 7°A | C70: Daniela | D70: Ciência Aplicada | E70: =AVERAGE('7° Ano'!W3:W32) -> 2.8333333 | F70: =AVERAGE('7° Ano'!X3:X32) -> 3.1666667 | G70: =AVERAGE('7° Ano'!Y3:Y32) -> 3.1333333 | H70: =AVERAGE('7° Ano'!Z3:Z32) -> 3.1333333 | I70: =AVERAGE('7° Ano'!AA3:AA32) -> 3.1 | J70: =AVERAGE('7° Ano'!AB3:AB32) -> 2.3448276 | K70: =AVERAGE('7° Ano'!AC3:AC32) -> 3.2413793 | L70: =AVERAGE(E70:K70) -> 2.9932677 | M70: =AVERAGE(L70:L73) -> 2.9377914
A71: Ensino Fundamental | B71: 7°B | C71: Daniela | D71: Ciência Aplicada | E71: =AVERAGE('7° Ano'!W33:W64) -> 2.3125 | F71: =AVERAGE('7° Ano'!X33:X64) -> 2.34375 | G71: =AVERAGE('7° Ano'!Y33:Y64) -> 2.53125 | H71: =AVERAGE('7° Ano'!Z33:Z64) -> 2.46875 | I71: =AVERAGE('7° Ano'!AA33:AA64) -> 2.6666667 | J71: =AVERAGE('7° Ano'!AB33:AB64) -> 2.46875 | K71: =AVERAGE('7° Ano'!AC33:AC64) -> 2.78125 | L71: =AVERAGE(E71:K71) -> 2.5104167
A72: Ensino Fundamental | B72: 7°C | C72: Daniela | D72: Ciência Aplicada | E72: =AVERAGE('7° Ano'!W65:W83) -> 3 | F72: =AVERAGE('7° Ano'!X65:X83) -> 3.2631579 | G72: =AVERAGE('7° Ano'!Y65:Y83) -> 3 | H72: =AVERAGE('7° Ano'!Z65:Z83) -> 3.2222222 | I72: =AVERAGE('7° Ano'!AA65:AA83) -> 3.2352941 | J72: =AVERAGE('7° Ano'!AB65:AB83) -> 3 | K72: =AVERAGE('7° Ano'!AC65:AC83) -> 3.2105263 | L72: =AVERAGE(E72:K72) -> 3.1330287
A73: Ensino Fundamental | B73: 7°D | C73: Daniela | D73: Ciência Aplicada | E73: =AVERAGE('7° Ano'!W84:W102) -> 2.9473684 | F73: =AVERAGE('7° Ano'!X84:X102) -> 3.3157895 | G73: =AVERAGE('7° Ano'!Y84:Y102) -> 2.9473684 | H73: =AVERAGE('7° Ano'!Z84:Z102) -> 3.3157895 | I73: =AVERAGE('7° Ano'!AA84:AA102) -> 3.2222222 | J73: =AVERAGE('7° Ano'!AB84:AB102) -> 2.9473684 | K73: =AVERAGE('7° Ano'!AC84:AC102) -> 3.1052632 | L73: =AVERAGE(E73:K73) -> 3.1144528
A74: Ensino Fundamental | B74: 7°A | C74: Danielle | D74: Ciência Aplicada | E74: =AVERAGE('7° Ano'!AD3:AD32) -> 2.4 | F74: =AVERAGE('7° Ano'!AE3:AE32) -> 2.5333333 | G74: =AVERAGE('7° Ano'!AF3:AF32) -> 2.4 | H74: =AVERAGE('7° Ano'!AG3:AG32) -> 2.5333333 | I74: =AVERAGE('7° Ano'!AH3:AH32) -> 2.7666667 | J74: =AVERAGE('7° Ano'!AI3:AI32) -> 2.2758621 | K74: =AVERAGE('7° Ano'!AJ3:AJ32) -> 2.5 | L74: =AVERAGE(E74:K74) -> 2.4870279 | M74: =AVERAGE(L74:L77) -> 3.0732032
A75: Ensino Fundamental | B75: 7°B | C75: Danielle | D75: Ciência Aplicada | E75: =AVERAGE('7° Ano'!AD33:AD64) -> 3.0625 | F75: =AVERAGE('7° Ano'!AE33:AE64) -> 2.875 | G75: =AVERAGE('7° Ano'!AF33:AF64) -> 2.96875 | H75: =AVERAGE('7° Ano'!AG33:AG64) -> 2.96875 | I75: =AVERAGE('7° Ano'!AH33:AH64) -> 2.9354839 | J75: =AVERAGE('7° Ano'!AI33:AI64) -> 2.53125 | K75: =AVERAGE('7° Ano'!AJ33:AJ64) -> 3.1666667 | L75: =AVERAGE(E75:K75) -> 2.9297715
A76: Ensino Fundamental | B76: 7°C | C76: Danielle | D76: Ciência Aplicada | E76: =AVERAGE('7° Ano'!AD65:AD83) -> 3.4210526 | F76: =AVERAGE('7° Ano'!AE65:AE83) -> 3.3684211 | G76: =AVERAGE('7° Ano'!AF65:AF83) -> 3.3157895 | H76: =AVERAGE('7° Ano'!AG65:AG83) -> 3.3684211 | I76: =AVERAGE('7° Ano'!AH65:AH83) -> 3.3333333 | J76: =AVERAGE('7° Ano'!AI65:AI83) -> 3.1052632 | K76: =AVERAGE('7° Ano'!AJ65:AJ83) -> 3.2105263 | L76: =AVERAGE(E76:K76) -> 3.3032581
A77: Ensino Fundamental | B77: 7°D | C77: Danielle | D77: Ciência Aplicada | E77: =AVERAGE('7° Ano'!AD84:AD102) -> 3.7368421 | F77: =AVERAGE('7° Ano'!AE84:AE102) -> 3.4210526 | G77: =AVERAGE('7° Ano'!AF84:AF102) -> 3.5789474 | H77: =AVERAGE('7° Ano'!AG84:AG102) -> 3.5789474 | I77: =AVERAGE('7° Ano'!AH84:AH102) -> 3.5882353 | J77: =AVERAGE('7° Ano'!AI84:AI102) -> 3.4736842 | K77: =AVERAGE('7° Ano'!AJ84:AJ102) -> 3.6315789 | L77: =AVERAGE(E77:K77) -> 3.5727554
A78: Ensino Fundamental | B78: 7°A | C78: Karen | D78: Redação | E78: =AVERAGE('7° Ano'!AK3:AK32) -> 2.4 | F78: =AVERAGE('7° Ano'!AL3:AL32) -> 1.9333333 | G78: =AVERAGE('7° Ano'!AM3:AM32) -> 2.3666667 | H78: =AVERAGE('7° Ano'!AN3:AN32) -> 2.3 | I78: =AVERAGE('7° Ano'!AO3:AO32) -> 2.7666667 | J78: =AVERAGE('7° Ano'!AP3:AP32) -> 2.1 | K78: =AVERAGE('7° Ano'!AQ3:AQ32) -> 2.3 | L78: =AVERAGE(E78:K78) -> 2.3095238 | M78: =AVERAGE(L78:L81) -> 2.6212943
A79: Ensino Fundamental | B79: 7°B | C79: Karen | D79: Redação | E79: =AVERAGE('7° Ano'!AK33:AK64) -> 2.65625 | F79: =AVERAGE('7° Ano'!AL33:AL64) -> 2.2903226 | G79: =AVERAGE('7° Ano'!AM33:AM64) -> 2.875 | H79: =AVERAGE('7° Ano'!AN33:AN64) -> 2.5625 | I79: =AVERAGE('7° Ano'!AO33:AO64) -> 3.03125 | J79: =AVERAGE('7° Ano'!AP33:AP64) -> 2.25 | K79: =AVERAGE('7° Ano'!AQ33:AQ64) -> 2.84375 | L79: =AVERAGE(E79:K79) -> 2.6441532
A80: Ensino Fundamental | B80: 7°C | C80: Karen | D80: Redação | E80: =AVERAGE('7° Ano'!AK65:AK83) -> 3.1052632 | F80: =AVERAGE('7° Ano'!AL65:AL83) -> 3.0526316 | G80: =AVERAGE('7° Ano'!AM65:AM83) -> 3.1666667 | H80: =AVERAGE('7° Ano'!AN65:AN83) -> 3.1111111 | I80: =AVERAGE('7° Ano'!AO65:AO83) -> 3.2105263 | J80: =AVERAGE('7° Ano'!AP65:AP83) -> 2.7368421 | K80: =AVERAGE('7° Ano'!AQ65:AQ83) -> 3.2631579 | L80: =AVERAGE(E80:K80) -> 3.0923141
A81: Ensino Fundamental | B81: 7°D | C81: Karen | D81: Redação | E81: =AVERAGE('7° Ano'!AK84:AK102) -> 2.4210526 | F81: =AVERAGE('7° Ano'!AL84:AL102) -> 2.1052632 | G81: =AVERAGE('7° Ano'!AM84:AM102) -> 2.5263158 | H81: =AVERAGE('7° Ano'!AN84:AN102) -> 2.4210526 | I81: =AVERAGE('7° Ano'!AO84:AO102) -> 2.8947368 | J81: =AVERAGE('7° Ano'!AP84:AP102) -> 2.0588235 | K81: =AVERAGE('7° Ano'!AQ84:AQ102) -> 2.6470588 | L81: =AVERAGE(E81:K81) -> 2.4391862
A82: Ensino Fundamental | B82: 7°A | C82: Marcia | D82: Arte Visual | E82: =AVERAGE('7° Ano'!AR3:AR32) -> 2.6333333 | F82: =AVERAGE('7° Ano'!AS3:AS32) -> 2.6333333 | G82: =AVERAGE('7° Ano'!AT3:AT32) -> 2.6551724 | H82: =AVERAGE('7° Ano'!AU3:AU32) -> 2.5862069 | I82: =AVERAGE('7° Ano'!AV3:AV32) -> 3.0344828 | J82: =AVERAGE('7° Ano'!AW3:AW32) -> 2.0689655 | K82: =AVERAGE('7° Ano'!AX3:AX32) -> 2.7931034 | L82: =AVERAGE(E82:K82) -> 2.6292282 | M82: =AVERAGE(L82:L85) -> 2.6080563
A83: Ensino Fundamental | B83: 7°B | C83: Marcia | D83: Arte Visual | E83: =AVERAGE('7° Ano'!AR33:AR64) -> 2.28125 | F83: =AVERAGE('7° Ano'!AS33:AS64) -> 2.40625 | G83: =AVERAGE('7° Ano'!AT33:AT64) -> 2.1875 | H83: =AVERAGE('7° Ano'!AU33:AU64) -> 2.375 | I83: =AVERAGE('7° Ano'!AV33:AV64) -> 2.75 | J83: =AVERAGE('7° Ano'!AW33:AW64) -> 2.1875 | K83: =AVERAGE('7° Ano'!AX33:AX64) -> 2.375 | L83: =AVERAGE(E83:K83) -> 2.3660714
A84: Ensino Fundamental | B84: 7°C | C84: Marcia | D84: Arte Visual | E84: =AVERAGE('7° Ano'!AR65:AR83) -> 3.1666667 | F84: =AVERAGE('7° Ano'!AS65:AS83) -> 3.1578947 | G84: =AVERAGE('7° Ano'!AT65:AT83) -> 3.1578947 | H84: =AVERAGE('7° Ano'!AU65:AU83) -> 3.2631579 | I84: =AVERAGE('7° Ano'!AV65:AV83) -> 3.3888889 | J84: =AVERAGE('7° Ano'!AW65:AW83) -> 3.1578947 | K84: =AVERAGE('7° Ano'!AX65:AX83) -> 3.3333333 | L84: =AVERAGE(E84:K84) -> 3.2322473
A85: Ensino Fundamental | B85: 7°D | C85: Marcia | D85: Arte Visual | E85: =AVERAGE('7° Ano'!AR84:AR102) -> 2.2105263 | F85: =AVERAGE('7° Ano'!AS84:AS102) -> 2.0526316 | G85: =AVERAGE('7° Ano'!AT84:AT102) -> 2.0555556 | H85: =AVERAGE('7° Ano'!AU84:AU102) -> 2.1666667 | I85: =AVERAGE('7° Ano'!AV84:AV102) -> 2.5789474 | J85: =AVERAGE('7° Ano'!AW84:AW102) -> 2.1052632 | K85: =AVERAGE('7° Ano'!AX84:AX102) -> 2.2631579 | L85: =AVERAGE(E85:K85) -> 2.2046784
A86: Ensino Fundamental | B86: 7°A | C86: Mário | D86: Geografia | E86: =AVERAGE('7° Ano'!AY3:AY32) -> 3.5517241 | F86: =AVERAGE('7° Ano'!AZ3:AZ32) -> 2.6206897 | G86: =AVERAGE('7° Ano'!BA3:BA32) -> 3.2413793 | H86: =AVERAGE('7° Ano'!BB3:BB32) -> 3.862069 | I86: =AVERAGE('7° Ano'!BC3:BC32) -> 3.6551724 | J86: =AVERAGE('7° Ano'!BD3:BD32) -> 3.9655172 | K86: =AVERAGE('7° Ano'!BE3:BE32) -> 3.7241379 | L86: =AVERAGE(E86:K86) -> 3.5172414 | M86: =AVERAGE(L86:L89) -> 3.1969077
A87: Ensino Fundamental | B87: 7°B | C87: Mário | D87: Geografia | E87: =AVERAGE('7° Ano'!AY33:AY64) -> 2.90625 | F87: =AVERAGE('7° Ano'!AZ33:AZ64) -> 2.21875 | G87: =AVERAGE('7° Ano'!BA33:BA64) -> 2.40625 | H87: =AVERAGE('7° Ano'!BB33:BB64) -> 3.5625 | I87: =AVERAGE('7° Ano'!BC33:BC64) -> 3.09375 | J87: =AVERAGE('7° Ano'!BD33:BD64) -> 3.5625 | K87: =AVERAGE('7° Ano'!BE33:BE64) -> 2.71875 | L87: =AVERAGE(E87:K87) -> 2.9241071
A88: Ensino Fundamental | B88: 7°C | C88: Mário | D88: Geografia | E88: =AVERAGE('7° Ano'!AY65:AY83) -> 2.8947368 | F88: =AVERAGE('7° Ano'!AZ65:AZ83) -> 2.8947368 | G88: =AVERAGE('7° Ano'!BA65:BA83) -> 2.7894737 | H88: =AVERAGE('7° Ano'!BB65:BB83) -> 3.4210526 | I88: =AVERAGE('7° Ano'!BC65:BC83) -> 3.3684211 | J88: =AVERAGE('7° Ano'!BD65:BD83) -> 3.3684211 | K88: =AVERAGE('7° Ano'!BE65:BE83) -> 3.0555556 | L88: =AVERAGE(E88:K88) -> 3.1131997
A89: Ensino Fundamental | B89: 7°D | C89: Mário | D89: Geografia | E89: =AVERAGE('7° Ano'!AY84:AY102) -> 3.2105263 | F89: =AVERAGE('7° Ano'!AZ84:AZ102) -> 3 | G89: =AVERAGE('7° Ano'!BA84:BA102) -> 3.1578947 | H89: =AVERAGE('7° Ano'!BB84:BB102) -> 3.3684211 | I89: =AVERAGE('7° Ano'!BC84:BC102) -> 3.3157895 | J89: =AVERAGE('7° Ano'!BD84:BD102) -> 3.4736842 | K89: =AVERAGE('7° Ano'!BE84:BE102) -> 3.1052632 | L89: =AVERAGE(E89:K89) -> 3.2330827
A90: Ensino Fundamental | B90: 7°A | C90: Monique | D90: LIV | E90: =AVERAGE('7° Ano'!BF3:BF32) -> 4 | F90: =AVERAGE('7° Ano'!BG3:BG32) -> 3.9310345 | G90: =AVERAGE('7° Ano'!BH3:BH32) -> 3.9655172 | H90: =AVERAGE('7° Ano'!BI3:BI32) -> 3.7241379 | I90: =AVERAGE('7° Ano'!BJ3:BJ32) -> 3.8965517 | J90: =AVERAGE('7° Ano'!BK3:BK32) -> 3.8275862 | K90: =AVERAGE('7° Ano'!BL3:BL32) -> 4 | L90: =AVERAGE(E90:K90) -> 3.9064039 | M90: =AVERAGE(L90:L93) -> 3.9180556
A91: Ensino Fundamental | B91: 7°B | C91: Monique | D91: LIV | E91: =AVERAGE('7° Ano'!BF33:BF64) -> 3.96875 | F91: =AVERAGE('7° Ano'!BG33:BG64) -> 3.9375 | G91: =AVERAGE('7° Ano'!BH33:BH64) -> 4 | H91: =AVERAGE('7° Ano'!BI33:BI64) -> 3.78125 | I91: =AVERAGE('7° Ano'!BJ33:BJ64) -> 3.8064516 | J91: =AVERAGE('7° Ano'!BK33:BK64) -> 3.65625 | K91: =AVERAGE('7° Ano'!BL33:BL64) -> 4 | L91: =AVERAGE(E91:K91) -> 3.8786002
A92: Ensino Fundamental | B92: 7°C | C92: Monique | D92: LIV | E92: =AVERAGE('7° Ano'!BF65:BF83) -> 4 | F92: =AVERAGE('7° Ano'!BG65:BG83) -> 4 | G92: =AVERAGE('7° Ano'!BH65:BH83) -> 4 | H92: =AVERAGE('7° Ano'!BI65:BI83) -> 3.9473684 | I92: =AVERAGE('7° Ano'!BJ65:BJ83) -> 4 | J92: =AVERAGE('7° Ano'!BK65:BK83) -> 4 | K92: =AVERAGE('7° Ano'!BL65:BL83) -> 4 | L92: =AVERAGE(E92:K92) -> 3.9924812
A93: Ensino Fundamental | B93: 7°D | C93: Monique | D93: LIV | E93: =AVERAGE('7° Ano'!BF84:BF102) -> 4 | F93: =AVERAGE('7° Ano'!BG84:BG102) -> 3.9473684 | G93: =AVERAGE('7° Ano'!BH84:BH102) -> 3.9473684 | H93: =AVERAGE('7° Ano'!BI84:BI102) -> 3.8947368 | I93: =AVERAGE('7° Ano'!BJ84:BJ102) -> 3.8947368 | J93: =AVERAGE('7° Ano'!BK84:BK102) -> 3.7368421 | K93: =AVERAGE('7° Ano'!BL84:BL102) -> 3.8421053 | L93: =AVERAGE(E93:K93) -> 3.8947368
A94: Ensino Fundamental | B94: 7°A | C94: Pavarina | D94: Educação Física | E94: =AVERAGE('7° Ano'!BM3:BM32) -> 2.5666667 | F94: =AVERAGE('7° Ano'!BN3:BN32) -> 2.7333333 | G94: =AVERAGE('7° Ano'!BO3:BO32) -> 2.1 | H94: =AVERAGE('7° Ano'!BP3:BP32) -> 2.8666667 | I94: =AVERAGE('7° Ano'!BQ3:BQ32) -> 2.1666667 | J94: =AVERAGE('7° Ano'!BR3:BR32) -> 1.9 | K94: =AVERAGE('7° Ano'!BS3:BS32) -> 1.9666667 | L94: =AVERAGE(E94:K94) -> 2.3285714 | M94: =AVERAGE(L94:L97) -> 2.7720447
A95: Ensino Fundamental | B95: 7°B | C95: Pavarina | D95: Educação Física | E95: =AVERAGE('7° Ano'!BM33:BM64) -> 3.03125 | F95: =AVERAGE('7° Ano'!BN33:BN64) -> 2.9375 | G95: =AVERAGE('7° Ano'!BO33:BO64) -> 2.84375 | H95: =AVERAGE('7° Ano'!BP33:BP64) -> 3.0625 | I95: =AVERAGE('7° Ano'!BQ33:BQ64) -> 2.59375 | J95: =AVERAGE('7° Ano'!BR33:BR64) -> 2.71875 | K95: =AVERAGE('7° Ano'!BS33:BS64) -> 2.5625 | L95: =AVERAGE(E95:K95) -> 2.8214286
A96: Ensino Fundamental | B96: 7°C | C96: Pavarina | D96: Educação Física | E96: =AVERAGE('7° Ano'!BM65:BM83) -> 2.8421053 | F96: =AVERAGE('7° Ano'!BN65:BN83) -> 2.7894737 | G96: =AVERAGE('7° Ano'!BO65:BO83) -> 2.2631579 | H96: =AVERAGE('7° Ano'!BP65:BP83) -> 2.7777778 | I96: =AVERAGE('7° Ano'!BQ65:BQ83) -> 2.6842105 | J96: =AVERAGE('7° Ano'!BR65:BR83) -> 2.3157895 | K96: =AVERAGE('7° Ano'!BS65:BS83) -> 2.2631579 | L96: =AVERAGE(E96:K96) -> 2.5622389
A97: Ensino Fundamental | B97: 7°D | C97: Pavarina | D97: Educação Física | E97: =AVERAGE('7° Ano'!BM84:BM102) -> 3.5789474 | F97: =AVERAGE('7° Ano'!BN84:BN102) -> 3.6315789 | G97: =AVERAGE('7° Ano'!BO84:BO102) -> 3.2105263 | H97: =AVERAGE('7° Ano'!BP84:BP102) -> 3.2105263 | I97: =AVERAGE('7° Ano'!BQ84:BQ102) -> 3.3684211 | J97: =AVERAGE('7° Ano'!BR84:BR102) -> 3.3157895 | K97: =AVERAGE('7° Ano'!BS84:BS102) -> 3.3157895 | L97: =AVERAGE(E97:K97) -> 3.3759398
A98: Ensino Fundamental | B98: 7°A | C98: Ranata | D98: Inglês - CLIL | E98: =AVERAGE('7° Ano'!BT3:BT32) -> 3.6206897 | F98: =AVERAGE('7° Ano'!BU3:BU32) -> 3.5172414 | G98: =AVERAGE('7° Ano'!BV3:BV32) -> 3.6896552 | H98: =AVERAGE('7° Ano'!BW3:BW32) -> 3.4137931 | I98: =AVERAGE('7° Ano'!BX3:BX32) -> 3.6896552 | J98: =AVERAGE('7° Ano'!BY3:BY32) -> 3.4137931 | K98: =AVERAGE('7° Ano'!BZ3:BZ32) -> 3.6206897 | L98: =AVERAGE(E98:K98) -> 3.5665025 | M98: =AVERAGE(L98:L101) -> 3.5610335
A99: Ensino Fundamental | B99: 7°B | C99: Ranata | D99: Inglês - CLIL | E99: =AVERAGE('7° Ano'!BT33:BT64) -> 3.78125 | F99: =AVERAGE('7° Ano'!BU33:BU64) -> 3.59375 | G99: =AVERAGE('7° Ano'!BV33:BV64) -> 3.6875 | H99: =AVERAGE('7° Ano'!BW33:BW64) -> 3.3125 | I99: =AVERAGE('7° Ano'!BX33:BX64) -> 3.71875 | J99: =AVERAGE('7° Ano'!BY33:BY64) -> 3.46875 | K99: =AVERAGE('7° Ano'!BZ33:BZ64) -> 3.8125 | L99: =AVERAGE(E99:K99) -> 3.625
A100: Ensino Fundamental | B100: 7°C | C100: Ranata | D100: Inglês - CLIL | E100: =AVERAGE('7° Ano'!BT65:BT83) -> 3.7894737 | F100: =AVERAGE('7° Ano'!BU65:BU83) -> 3.7368421 | G100: =AVERAGE('7° Ano'!BV65:BV83) -> 3.7894737 | H100: =AVERAGE('7° Ano'!BW65:BW83) -> 3.7894737 | I100: =AVERAGE('7° Ano'!BX65:BX83) -> 3.7894737 | J100: =AVERAGE('7° Ano'!BY65:BY83) -> 3.7894737 | K100: =AVERAGE('7° Ano'!BZ65:BZ83) -> 3.7894737 | L100: =AVERAGE(E100:K100) -> 3.7819549
...

Sheet 9°Ano
B1: Andreia - Ciências Sociais | I1: Carla - Matemática | P1: Carlos Dias - Matemática | W1: Ciro - Leitura e Gramática | AD1: Daniela - Inglês Language | AK1: Daniela - Ciência Aplicada | AR1: Danielle - Ciência Aplicada | AY1: Emerson - História | BF1: Jéssica - Redação | BM1: Kaique - Geografia | BT1: Luana - Ciências - Biologia e Química | CA1: Márcia - Arte Visual | CH1: Monique - LIV | CO1: Rafael Pavani - Atualidades | CV1: Pavarina - Educação Física | DC1: Valeska - Inglês CLIL | DJ1: Vitor - Ciência Aplicada | DQ1: Zé Eduardo - Física
A2: Perguntas | B2: 1 | C2: 2 | D2: 3 | E2: 4 | F2: 5 | G2: 6 | H2: 7 | I2: 1 | J2: 2 | K2: 3 | L2: 4 | M2: 5 | N2: 6 | O2: 7 | P2: 1 | Q2: 2 | R2: 3 | S2: 4 | T2: 5 | U2: 6 | V2: 7 | W2: 1 | X2: 2 | Y2: 3 | Z2: 4 | AA2: 5 | AB2: 6 | AC2: 7 | AD2: 1 | AE2: 2 | AF2: 3 | AG2: 4 | AH2: 5 | AI2: 6 | AJ2: 7 | AK2: 1 | AL2: 2 | AM2: 3 | AN2: 4 | AO2: 5 | AP2: 6 | AQ2: 7 | AR2: 1 | AS2: 2 | AT2: 3 | AU2: 4 | AV2: 5 | AW2: 6 | AX2: 7 | AY2: 1 | AZ2: 2 | BA2: 3 | BB2: 4 | BC2: 5 | BD2: 6 | BE2: 7 | BF2: 1 | BG2: 2 | BH2: 3 | BI2: 4 | BJ2: 5 | BK2: 6 | BL2: 7 | BM2: 1 | BN2: 2 | BO2: 3 | BP2: 4 | BQ2: 5 | BR2: 6 | BS2: 7 | BT2: 1 | BU2: 2 | BV2: 3 | BW2: 4 | BX2: 5 | BY2: 6 | BZ2: 7 | CA2: 1 | CB2: 2 | CC2: 3 | CD2: 4 | CE2: 5 | CF2: 6 | CG2: 7 | CH2: 1 | CI2: 2 | CJ2: 3 | CK2: 4 | CL2: 5 | CM2: 6 | CN2: 7 | CO2: 1 | CP2: 2 | CQ2: 3 | CR2: 4 | CS2: 5 | CT2: 6 | CU2: 7 | CV2: 1 | CW2: 2 | CX2: 3 | CY2: 4 | CZ2: 5 | DA2: 6 | DB2: 7 | DC2: 1 | DD2: 2 | DE2: 3 | DF2: 4 | DG2: 5 | DH2: 6 | DI2: 7 | DJ2: 1 | DK2: 2 | DL2: 3 | DM2: 4 | DN2: 5 | DO2: 6 | DP2: 7 | DQ2: 1 | DR2: 2 | DS2: 3 | DT2: 4 | DU2: 5 | DV2: 6 | DW2: 7
A3: 9º ano A | B3: 4 | C3: 4 | D3: 4 | E3: 4 | F3: 4 | G3: 4 | H3: 4 | I3: 4 | J3: 4 | K3: 4 | L3: 4 | M3: 4 | N3: 4 | O3: 4 | P3: 4 | Q3: 4 | R3: 4 | S3: 4 | T3: 4 | U3: 4 | V3: 4 | W3: 4 | X3: 4 | Y3: 4 | Z3: 4 | AA3: 4 | AB3: 4 | AC3: 4 | AD3: 4 | AE3: 4 | AF3: 4 | AG3: 4 | AH3: 4 | AI3: 4 | AJ3: 4 | AK3: 4 | AL3: 4 | AM3: 4 | AN3: 4 | AO3: 4 | AP3: 4 | AQ3: 4 | AR3: 4 | AS3: 4 | AT3: 4 | AU3: 4 | AV3: 4 | AW3: 4 | AX3: 4 | AY3: 4 | AZ3: 4 | BA3: 4 | BB3: 4 | BC3: 4 | BD3: 4 | BE3: 4 | BF3: 1 | BG3: 1 | BH3: 1 | BI3: 1 | BJ3: 1 | BK3: 1 | BL3: 1 | BM3: 4 | BN3: 4 | BO3: 4 | BP3: 4 | BQ3: 4 | BR3: 4 | BS3: 4 | BT3: 4 | BU3: 4 | BV3: 4 | BW3: 4 | BX3: 4 | BY3: 4 | BZ3: 4 | CA3: 1 | CB3: 1 | CC3: 1 | CD3: 1 | CE3: 1 | CF3: 1 | CG3: 2 | CH3: 4 | CI3: 4 | CJ3: 4 | CK3: 4 | CL3: 4 | CM3: 4 | CN3: 4 | CO3: 4 | CP3: 4 | CQ3: 4 | CR3: 4 | CS3: 4 | CT3: 4 | CU3: 4 | CV3: 1 | CW3: 1 | CX3: 1 | CY3: 1 | CZ3: 1 | DA3: 1 | DB3: 1 | DC3: 1 | DD3: 1 | DE3: 1 | DF3: 1 | DG3: 1 | DH3: 1 | DI3: 1 | DJ3: 4 | DK3: 4 | DL3: 4 | DM3: 4 | DN3: 4 | DO3: 4 | DP3: 4 | DQ3: 4 | DR3: 4 | DS3: 4 | DT3: 4 | DU3: 4 | DV3: 4 | DW3: 4
A4: 9º ano A | B4: 4 | C4: 4 | D4: 4 | E4: 4 | F4: 3 | G4: 4 | H4: 4 | I4: 4 | J4: 4 | K4: 4 | L4: 4 | M4: 3 | N4: 4 | O4: 4 | P4: 4 | Q4: 4 | R4: 4 | S4: 3 | T4: 3 | U4: 4 | V4: 4 | W4: 4 | X4: 3 | Y4: 4 | Z4: 4 | AA4: 4 | AB4: 4 | AC4: 4 | AD4: 3 | AE4: 3 | AF4: 3 | AG4: 3 | AH4: 2 | AI4: 4 | AJ4: 4 | AK4: 3 | AL4: 3 | AM4: 4 | AN4: 4 | AO4: 2 | AP4: 4 | AQ4: 3 | AR4: 4 | AS4: 3 | AT4: 4 | AU4: 4 | AV4: 3 | AW4: 4 | AX4: 4 | AY4: 4 | AZ4: 4 | BA4: 3 | BB4: 4 | BC4: 3 | BD4: 4 | BE4: 4 | BF4: 3 | BG4: 4 | BH4: 4 | BI4: 4 | BJ4: 2 | BK4: 4 | BL4: 4 | BM4: 4 | BN4: 4 | BO4: 4 | BP4: 4 | BQ4: 3 | BR4: 4 | BS4: 4 | BT4: 4 | BU4: 4 | BV4: 4 | BW4: 3 | BX4: 3 | BY4: 3 | BZ4: 4 | CA4: 3 | CB4: 4 | CC4: 4 | CD4: 4 | CE4: 3 | CF4: 4 | CG4: 3 | CH4: 4 | CI4: 4 | CJ4: 4 | CK4: 4 | CL4: 3 | CM4: 4 | CN4: 4 | CO4: 4 | CP4: 4 | CQ4: 4 | CR4: 4 | CS4: 4 | CT4: 4 | CU4: 4 | CV4: 3 | CW4: 4 | CX4: 3 | CY4: 3 | CZ4: 2 | DA4: 3 | DB4: 4 | DC4: 3 | DD4: 2 | DE4: 3 | DF4: 2 | DG4: 2 | DH4: 2 | DI4: 2 | DJ4: 3 | DK4: 4 | DL4: 2 | DM4: 3 | DN4: 3 | DO4: 3 | DP4: 4 | DQ4: 4 | DR4: 3 | DS4: 3 | DT4: 3 | DU4: 3 | DV4: 3 | DW4: 3
A5: 9º ano A | B5: 4 | C5: 4 | D5: 3 | E5: 4 | F5: 2 | G5: 4 | H5: 4 | I5: 4 | J5: 4 | K5: 4 | L5: 4 | M5: 2 | N5: 4 | O5: 4 | P5: 4 | Q5: 4 | R5: 4 | S5: 4 | T5: 4 | U5: 4 | V5: 4 | W5: 4 | X5: 4 | Y5: 4 | Z5: 4 | AA5: 4 | AB5: 4 | AC5: 4 | AD5: 3 | AE5: 4 | AF5: 3 | AG5: 3 | AH5: 2 | AI5: 4 | AJ5: 3 | AK5: 4 | AL5: 4 | AM5: 4 | AN5: 4 | AO5: 4 | AP5: 4 | AQ5: 4 | AR5: 4 | AS5: 4 | AT5: 4 | AU5: 4 | AV5: 4 | AW5: 4 | AX5: 4 | AY5: 4 | AZ5: 4 | BA5: 4 | BB5: 4 | BC5: 4 | BD5: 4 | BE5: 4 | BF5: 3 | BG5: 4 | BH5: 2 | BI5: 4 | BJ5: 1 | BK5: 4 | BL5: 4 | BM5: 3 | BN5: 3 | BO5: 3 | BP5: 3 | BQ5: 3 | BR5: 3 | BS5: 4 | BT5: 4 | BU5: 4 | BV5: 4 | BW5: 4 | BX5: 4 | BY5: 4 | BZ5: 4 | CA5: 3 | CB5: 2 | CC5: 3 | CD5: 4 | CE5: 1 | CF5: 2 | CG5: 4 | CH5: 4 | CI5: 4 | CJ5: 4 | CK5: 4 | CL5: 4 | CM5: 4 | CN5: 4 | CO5: 4 | CP5: 3 | CQ5: 3 | CR5: 4 | CS5: 4 | CT5: 4 | CU5: 4 | CV5: 4 | CW5: 4 | CX5: 2 | CY5: 4 | CZ5: 4 | DA5: 4 | DB5: 4 | DC5: 4 | DD5: 4 | DE5: 4 | DF5: 4 | DG5: 4 | DH5: 4 | DI5: 4 | DJ5: 4 | DK5: 4 | DL5: 4 | DM5: 4 | DN5: 4 | DO5: 4 | DP5: 4 | DQ5: 4 | DR5: 2 | DS5: 4 | DT5: 4 | DU5: 4 | DV5: 4 | DW5: 4
A6: 9º ano A | B6: 4 | C6: 4 | D6: 4 | E6: 4 | F6: 4 | G6: 4 | H6: 4 | I6: 4 | J6: 4 | K6: 3 | L6: 3 | M6: 3 | P6: 4 | Q6: 4 | R6: 4 | S6: 4 | T6: 4 | U6: 4 | V6: 4 | W6: 2 | X6: 3 | Y6: 3 | Z6: 2 | AA6: 3 | AB6: 3 | AC6: 2 | AD6: 3 | AE6: 2 | AF6: 2 | AG6: 2 | AH6: 2 | AI6: 3 | AJ6: 2 | AK6: 3 | AL6: 3 | AM6: 3 | AN6: 3 | AO6: 3 | AP6: 3 | AQ6: 3 | AR6: 3 | AS6: 3 | AT6: 3 | AU6: 3 | AV6: 3 | AW6: 3 | AX6: 3 | AY6: 3 | AZ6: 3 | BA6: 3 | BB6: 3 | BC6: 3 | BD6: 3 | BE6: 3 | BF6: 1 | BG6: 1 | BH6: 1 | BI6: 1 | BJ6: 1 | BK6: 1 | BL6: 1 | BM6: 3 | BN6: 3 | BO6: 3 | BP6: 3 | BQ6: 3 | BR6: 3 | BS6: 3 | BT6: 4 | BU6: 4 | BV6: 4 | BW6: 4 | BX6: 4 | BY6: 4 | BZ6: 4 | CA6: 2 | CB6: 2 | CC6: 2 | CD6: 2 | CE6: 2 | CF6: 2 | CG6: 3 | CH6: 4 | CI6: 4 | CJ6: 4 | CK6: 4 | CL6: 4 | CM6: 4 | CN6: 4 | CO6: 3 | CP6: 3 | CQ6: 4 | CR6: 3 | CS6: 4 | CT6: 4 | CU6: 3 | CV6: 4 | CW6: 4 | CX6: 4 | CY6: 4 | CZ6: 4 | DA6: 4 | DB6: 4 | DC6: 4 | DD6: 3 | DE6: 4 | DF6: 4 | DG6: 4 | DH6: 3 | DI6: 4 | DJ6: 3 | DK6: 3 | DL6: 4 | DM6: 4 | DN6: 3 | DO6: 4 | DP6: 3 | DQ6: 2 | DR6: 2 | DS6: 3 | DT6: 3 | DU6: 3 | DV6: 3 | DW6: 3
A7: 9º ano A | B7: 4 | C7: 4 | D7: 3 | E7: 4 | F7: 3 | G7: 4 | H7: 4 | I7: 4 | J7: 4 | K7: 4 | L7: 4 | M7: 3 | N7: 4 | O7: 4 | P7: 3 | Q7: 4 | R7: 4 | S7: 4 | T7: 3 | U7: 4 | V7: 3 | W7: 3 | X7: 4 | Y7: 3 | Z7: 4 | AA7: 3 | AB7: 4 | AC7: 4 | AD7: 3 | AE7: 3 | AF7: 2 | AG7: 4 | AH7: 1 | AI7: 3 | AJ7: 2 | AK7: 4 | AL7: 4 | AM7: 4 | AN7: 4 | AO7: 4 | AP7: 4 | AQ7: 4 | AR7: 4 | AS7: 4 | AT7: 4 | AU7: 4 | AV7: 4 | AW7: 4 | AX7: 4 | AY7: 4 | AZ7: 4 | BA7: 4 | BB7: 4 | BC7: 4 | BD7: 4 | BE7: 4 | BF7: 2 | BG7: 3 | BH7: 2 | BI7: 3 | BJ7: 2 | BK7: 3 | BL7: 3 | BM7: 4 | BN7: 4 | BO7: 4 | BP7: 4 | BQ7: 4 | BR7: 4 | BS7: 4 | BT7: 4 | BU7: 4 | BV7: 4 | BW7: 4 | BX7: 4 | BY7: 4 | BZ7: 4 | CA7: 4 | CB7: 4 | CC7: 4 | CD7: 4 | CE7: 4 | CF7: 4 | CG7: 4 | CH7: 4 | CI7: 4 | CJ7: 4 | CK7: 4 | CL7: 4 | CM7: 4 | CN7: 4 | CO7: 4 | CP7: 4 | CQ7: 4 | CR7: 4 | CS7: 4 | CT7: 4 | CU7: 4 | CV7: 4 | CW7: 4 | CX7: 4 | CY7: 3 | CZ7: 2 | DA7: 2 | DB7: 4 | DC7: 4 | DD7: 4 | DE7: 4 | DF7: 4 | DG7: 4 | DH7: 4 | DI7: 4 | DJ7: 4 | DK7: 4 | DL7: 4 | DM7: 4 | DN7: 4 | DO7: 4 | DP7: 4 | DQ7: 2 | DR7: 2 | DS7: 2 | DT7: 4 | DU7: 2 | DV7: 3 | DW7: 3
A8: 9º ano A | B8: 3 | C8: 4 | D8: 4 | E8: 4 | F8: 4 | G8: 4 | H8: 4 | I8: 4 | J8: 4 | K8: 3 | L8: 4 | M8: 3 | N8: 4 | O8: 4 | P8: 4 | Q8: 4 | R8: 4 | S8: 4 | T8: 4 | U8: 4 | V8: 4 | W8: 3 | X8: 4 | Y8: 3 | Z8: 3 | AA8: 3 | AB8: 4 | AC8: 4 | AD8: 2 | AE8: 3 | AF8: 2 | AG8: 4 | AH8: 1 | AI8: 2 | AJ8: 1 | AK8: 3 | AL8: 3 | AM8: 3 | AN8: 3 | AO8: 3 | AP8: 2 | AQ8: 2 | AR8: 4 | AS8: 4 | AT8: 4 | AU8: 4 | AV8: 4 | AW8: 4 | AX8: 4 | AY8: 4 | AZ8: 4 | BA8: 4 | BB8: 4 | BC8: 4 | BD8: 4 | BE8: 4 | BF8: 1 | BG8: 1 | BH8: 1 | BI8: 1 | BJ8: 1 | BK8: 1 | BL8: 1 | BM8: 4 | BN8: 4 | BO8: 4 | BP8: 4 | BQ8: 4 | BR8: 4 | BS8: 4 | BT8: 4 | BU8: 4 | BV8: 4 | BW8: 4 | BX8: 4 | BY8: 4 | BZ8: 4 | CA8: 1 | CB8: 1 | CC8: 1 | CD8: 1 | CE8: 1 | CF8: 1 | CG8: 1 | CH8: 4 | CI8: 4 | CJ8: 4 | CK8: 4 | CL8: 4 | CM8: 4 | CN8: 4 | CO8: 4 | CP8: 4 | CQ8: 4 | CR8: 4 | CS8: 4 | CT8: 4 | CU8: 4 | CV8: 4 | CW8: 4 | CX8: 4 | CY8: 4 | CZ8: 4 | DA8: 4 | DB8: 4 | DC8: 3 | DD8: 4 | DE8: 3 | DF8: 3 | DG8: 4 | DH8: 3 | DI8: 4 | DJ8: 4 | DK8: 4 | DL8: 4 | DM8: 4 | DN8: 4 | DO8: 4 | DP8: 4 | DQ8: 4 | DR8: 4 | DS8: 4 | DT8: 4 | DU8: 4 | DV8: 4 | DW8: 4
A9: 9º ano A | B9: 4 | C9: 4 | D9: 4 | E9: 4 | F9: 4 | G9: 4 | H9: 4 | I9: 4 | J9: 4 | K9: 4 | L9: 4 | M9: 4 | N9: 4 | O9: 4 | P9: 4 | Q9: 4 | R9: 4 | S9: 4 | T9: 4 | U9: 4 | V9: 4 | W9: 4 | X9: 3 | Y9: 3 | Z9: 4 | AA9: 3 | AB9: 4 | AC9: 4 | AD9: 2 | AE9: 1 | AF9: 1 | AG9: 2 | AH9: 1 | AI9: 1 | AJ9: 1 | AK9: 3 | AL9: 3 | AM9: 3 | AN9: 2 | AO9: 3 | AP9: 2 | AQ9: 2 | AR9: 4 | AS9: 4 | AT9: 3 | AU9: 4 | AV9: 2 | AW9: 4 | AX9: 3 | AY9: 4 | AZ9: 4 | BA9: 4 | BB9: 4 | BC9: 4 | BD9: 4 | BE9: 4 | BF9: 2 | BG9: 2 | BH9: 2 | BI9: 2 | BJ9: 2 | BK9: 2 | BL9: 1 | BM9: 3 | BN9: 3 | BO9: 4 | BP9: 4 | BQ9: 3 | BR9: 3 | BS9: 4 | BT9: 4 | BU9: 4 | BV9: 4 | BW9: 4 | BX9: 4 | BY9: 4 | BZ9: 4 | CA9: 2 | CB9: 2 | CC9: 2 | CD9: 3 | CE9: 2 | CF9: 2 | CG9: 2 | CH9: 4 | CI9: 4 | CJ9: 4 | CK9: 4 | CL9: 4 | CM9: 4 | CN9: 4 | CO9: 4 | CP9: 4 | CQ9: 4 | CR9: 4 | CS9: 4 | CT9: 4 | CU9: 4 | CV9: 4 | CW9: 4 | CX9: 4 | CY9: 4 | CZ9: 4 | DA9: 4 | DB9: 4 | DC9: 4 | DD9: 4 | DE9: 3 | DF9: 4 | DG9: 4 | DH9: 4 | DI9: 4 | DJ9: 4 | DK9: 4 | DL9: 4 | DM9: 4 | DN9: 4 | DO9: 4 | DP9: 4 | DQ9: 3 | DR9: 3 | DS9: 3 | DT9: 3 | DU9: 3 | DV9: 3 | DW9: 4
A10: 9º ano A
A11: 9º ano A | B11: 4 | C11: 4 | D11: 4 | E11: 4 | F11: 4 | G11: 4 | H11: 4 | I11: 4 | J11: 3 | K11: 4 | L11: 4 | M11: 4 | N11: 2 | O11: 4 | P11: 4 | Q11: 4 | R11: 4 | S11: 4 | T11: 4 | U11: 4 | V11: 4 | W11: 2 | X11: 2 | Y11: 3 | Z11: 2 | AA11: 3 | AB11: 2 | AC11: 3 | AD11: 1 | AE11: 1 | AF11: 1 | AG11: 1 | AH11: 1 | AI11: 1 | AJ11: 1 | AK11: 3 | AL11: 2 | AM11: 3 | AN11: 2 | AO11: 3 | AP11: 2 | AQ11: 3 | AR11: 4 | AS11: 4 | AT11: 4 | AU11: 4 | AV11: 4 | AW11: 4 | AX11: 4 | AY11: 3 | AZ11: 3 | BA11: 4 | BB11: 4 | BC11: 4 | BD11: 3 | BE11: 4 | BF11: 2 | BG11: 2 | BH11: 2 | BI11: 2 | BJ11: 2 | BK11: 3 | BL11: 3 | BM11: 4 | BN11: 3 | BO11: 4 | BP11: 3 | BQ11: 4 | BR11: 3 | BS11: 4 | BT11: 4 | BU11: 4 | BV11: 4 | BW11: 4 | BX11: 4 | BY11: 4 | BZ11: 4 | CA11: 1 | CB11: 1 | CC11: 1 | CD11: 3 | CE11: 1 | CF11: 1 | CG11: 2 | CH11: 4 | CI11: 4 | CJ11: 4 | CK11: 4 | CL11: 4 | CM11: 4 | CN11: 4 | CO11: 4 | CP11: 4 | CQ11: 4 | CR11: 4 | CS11: 4 | CT11: 4 | CU11: 4 | CV11: 4 | CW11: 4 | CX11: 4 | CY11: 4 | CZ11: 4 | DA11: 4 | DB11: 4 | DC11: 4 | DD11: 4 | DE11: 4 | DF11: 4 | DG11: 4 | DH11: 4 | DI11: 4 | DJ11: 4 | DK11: 3 | DL11: 4 | DM11: 3 | DN11: 4 | DO11: 3 | DP11: 4 | DQ11: 4 | DR11: 3 | DS11: 4 | DT11: 4 | DU11: 4 | DV11: 4 | DW11: 4
A12: 9º ano A | B12: 3 | C12: 4 | D12: 3 | E12: 4 | F12: 2 | G12: 4 | H12: 3 | I12: 4 | J12: 4 | K12: 3 | L12: 3 | M12: 3 | N12: 4 | O12: 4 | P12: 3 | Q12: 3 | R12: 3 | S12: 4 | T12: 3 | U12: 4 | V12: 4 | W12: 2 | X12: 3 | Y12: 4 | Z12: 2 | AA12: 2 | AB12: 3 | AC12: 4 | AD12: 1 | AE12: 2 | AF12: 1 | AG12: 3 | AH12: 1 | AI12: 1 | AJ12: 1 | AK12: 3 | AL12: 3 | AM12: 4 | AN12: 4 | AO12: 4 | AP12: 3 | AQ12: 3 | AR12: 2 | AS12: 2 | AT12: 3 | AU12: 2 | AV12: 2 | AW12: 3 | AX12: 2 | AY12: 4 | AZ12: 4 | BA12: 4 | BB12: 4 | BC12: 4 | BD12: 4 | BE12: 4 | BF12: 1 | BG12: 2 | BH12: 1 | BI12: 1 | BJ12: 1 | BK12: 3 | BL12: 2 | BM12: 3 | BN12: 4 | BO12: 3 | BP12: 4 | BQ12: 3 | BR12: 4 | BS12: 3 | BT12: 4 | BU12: 3 | BV12: 2 | BW12: 3 | BX12: 3 | BY12: 3 | BZ12: 3 | CA12: 1 | CB12: 2 | CC12: 1 | CD12: 2 | CE12: 1 | CF12: 2 | CG12: 2 | CH12: 4 | CI12: 4 | CJ12: 4 | CK12: 4 | CL12: 4 | CM12: 4 | CN12: 4 | CO12: 4 | CP12: 4 | CQ12: 4 | CR12: 4 | CS12: 4 | CT12: 4 | CU12: 4 | CV12: 4 | CW12: 4 | CX12: 4 | CY12: 4 | CZ12: 4 | DA12: 4 | DB12: 4 | DC12: 4 | DD12: 4 | DE12: 4 | DF12: 4 | DG12: 4 | DH12: 4 | DI12: 4 | DJ12: 3 | DK12: 3 | DL12: 3 | DM12: 3 | DN12: 3 | DO12: 2 | DP12: 3 | DQ12: 4 | DR12: 4 | DS12: 4 | DT12: 4 | DU12: 4 | DV12: 4 | DW12: 4
A13: 9º ano A | B13: 4 | C13: 4 | D13: 4 | E13: 4 | F13: 4 | G13: 4 | H13: 4 | I13: 3 | J13: 2 | K13: 4 | L13: 3 | M13: 2 | N13: 3 | O13: 2 | P13: 4 | Q13: 3 | R13: 3 | S13: 2 | T13: 3 | U13: 3 | V13: 3 | W13: 1 | X13: 1 | Y13: 2 | Z13: 2 | AA13: 1 | AB13: 1 | AC13: 1 | AD13: 2 | AE13: 1 | AF13: 2 | AG13: 1 | AH13: 2 | AI13: 1 | AJ13: 1 | AK13: 3 | AL13: 4 | AM13: 4 | AN13: 4 | AO13: 4 | AP13: 4 | AQ13: 4 | AR13: 3 | AS13: 2 | AT13: 3 | AU13: 2 | AV13: 2 | AW13: 3 | AX13: 3 | AY13: 4 | AZ13: 4 | BB13: 4 | BC13: 3 | BD13: 3 | BE13: 4 | BF13: 2 | BG13: 2 | BH13: 2 | BI13: 2 | BJ13: 2 | BK13: 2 | BL13: 2 | BM13: 1 | BN13: 1 | BO13: 1 | BP13: 1 | BQ13: 1 | BR13: 1 | BS13: 1 | BT13: 3 | BU13: 3 | BV13: 3 | BW13: 3 | BX13: 3 | BY13: 3 | BZ13: 3 | CA13: 1 | CB13: 1 | CC13: 1 | CD13: 1 | CE13: 1 | CF13: 1 | CG13: 1 | CH13: 4 | CI13: 4 | CJ13: 4 | CK13: 4 | CL13: 4 | CM13: 4 | CN13: 4 | CO13: 3 | CP13: 3 | CQ13: 3 | CR13: 3 | CS13: 3 | CT13: 3 | CU13: 3 | CV13: 3 | CW13: 3 | CX13: 3 | CY13: 3 | CZ13: 3 | DA13: 3 | DB13: 3 | DC13: 3 | DD13: 3 | DE13: 3 | DF13: 3 | DG13: 3 | DH13: 2 | DI13: 2 | DJ13: 2 | DK13: 2 | DL13: 2 | DM13: 2 | DN13: 2 | DO13: 2 | DP13: 2 | DQ13: 2 | DR13: 2 | DS13: 2 | DT13: 2 | DU13: 2 | DV13: 2 | DW13: 2
A14: 9º ano A | B14: 4 | C14: 3 | D14: 3 | E14: 4 | F14: 3 | G14: 4 | H14: 4 | I14: 4 | J14: 3 | K14: 3 | M14: 3 | N14: 4 | O14: 4 | P14: 3 | Q14: 4 | R14: 4 | S14: 4 | T14: 3 | U14: 3 | V14: 4 | W14: 4 | X14: 3 | Y14: 4 | Z14: 4 | AA14: 4 | AB14: 4 | AC14: 3 | AD14: 3 | AE14: 4 | AF14: 4 | AG14: 4 | AH14: 2 | AI14: 4 | AJ14: 3 | AK14: 4 | AL14: 3 | AM14: 3 | AN14: 4 | AO14: 4 | AP14: 4 | AQ14: 4 | AR14: 3 | AS14: 4 | AT14: 4 | AU14: 4 | AV14: 3 | AW14: 4 | AX14: 4 | AY14: 4 | AZ14: 4 | BA14: 4 | BB14: 4 | BC14: 4 | BD14: 4 | BE14: 4 | BF14: 3 | BG14: 3 | BH14: 4 | BI14: 3 | BJ14: 4 | BK14: 3 | BL14: 4 | BM14: 4 | BN14: 3 | BO14: 4 | BP14: 4 | BQ14: 4 | BR14: 4 | BS14: 4 | BT14: 4 | BU14: 4 | BV14: 4 | BW14: 4 | BX14: 4 | BY14: 4 | BZ14: 4 | CA14: 3 | CB14: 4 | CC14: 4 | CD14: 4 | CE14: 3 | CF14: 3 | CG14: 4 | CH14: 4 | CI14: 4 | CJ14: 4 | CK14: 4 | CL14: 3 | CM14: 4 | CN14: 3 | CO14: 3 | CP14: 3 | CQ14: 4 | CR14: 3 | CS14: 4 | CT14: 4 | CU14: 4 | CV14: 3 | CW14: 4 | CX14: 3 | CY14: 3 | CZ14: 3 | DA14: 3 | DB14: 3 | DC14: 3 | DD14: 4 | DE14: 4 | DF14: 4 | DG14: 4 | DH14: 4 | DI14: 4 | DJ14: 4 | DK14: 4 | DL14: 4 | DM14: 4 | DN14: 4 | DO14: 4 | DP14: 4 | DQ14: 3 | DR14: 2 | DS14: 3 | DT14: 4 | DU14: 2 | DV14: 3 | DW14: 3
A15: 9º ano A | B15: 4 | C15: 3 | D15: 4 | E15: 3 | F15: 3 | G15: 4 | H15: 3 | I15: 4 | J15: 4 | K15: 4 | L15: 4 | M15: 4 | N15: 4 | O15: 4 | P15: 4 | Q15: 4 | R15: 4 | S15: 4 | T15: 4 | U15: 4 | V15: 4 | W15: 3 | X15: 4 | Y15: 3 | Z15: 2 | AA15: 3 | AB15: 4 | AC15: 3 | AD15: 3 | AE15: 3 | AF15: 3 | AG15: 3 | AH15: 4 | AI15: 4 | AJ15: 3 | AK15: 3 | AL15: 3 | AM15: 4 | AN15: 3 | AO15: 3 | AP15: 4 | AQ15: 4 | AR15: 3 | AS15: 3 | AT15: 3 | AU15: 3 | AV15: 3 | AW15: 3 | AX15: 4 | AY15: 4 | AZ15: 3 | BA15: 4 | BB15: 4 | BC15: 4 | BD15: 3 | BE15: 4 | BF15: 1 | BG15: 1 | BH15: 1 | BI15: 3 | BJ15: 3 | BK15: 2 | BL15: 3 | BM15: 3 | BN15: 4 | BO15: 3 | BP15: 4 | BQ15: 3 | BR15: 4 | BS15: 3 | BT15: 3 | BU15: 4 | BV15: 3 | BW15: 4 | BX15: 3 | BY15: 4 | BZ15: 4 | CA15: 1 | CB15: 1 | CC15: 1 | CD15: 1 | CE15: 1 | CF15: 1 | CG15: 2 | CH15: 4 | CI15: 4 | CJ15: 4 | CK15: 4 | CL15: 4 | CM15: 4 | CN15: 4 | CO15: 4 | CP15: 4 | CQ15: 3 | CR15: 4 | CS15: 4 | CT15: 3 | CU15: 4 | CV15: 2 | CW15: 4 | CX15: 2 | CY15: 4 | CZ15: 4 | DA15: 3 | DB15: 2 | DC15: 4 | DD15: 4 | DE15: 4 | DF15: 4 | DG15: 4 | DH15: 4 | DI15: 4 | DJ15: 3 | DK15: 3 | DL15: 3 | DM15: 3 | DN15: 3 | DO15: 4 | DP15: 4 | DQ15: 4 | DR15: 3 | DS15: 4 | DT15: 4 | DU15: 4 | DV15: 2 | DW15: 3
A16: 9º ano A | B16: 4 | C16: 4 | D16: 3 | E16: 4 | F16: 3 | G16: 3 | H16: 3 | I16: 3 | J16: 4 | K16: 4 | L16: 4 | M16: 4 | N16: 4 | O16: 4 | P16: 2 | Q16: 2 | R16: 4 | S16: 4 | T16: 3 | U16: 3 | V16: 2 | W16: 4 | X16: 4 | Y16: 2 | Z16: 4 | AA16: 3 | AB16: 4 | AC16: 4 | AD16: 2 | AE16: 2 | AF16: 2 | AG16: 2 | AH16: 2 | AI16: 2 | AJ16: 2 | AK16: 4 | AL16: 4 | AM16: 4 | AN16: 4 | AO16: 4 | AP16: 4 | AQ16: 4 | AR16: 4 | AS16: 4 | AT16: 4 | AU16: 4 | AV16: 4 | AW16: 4 | AX16: 4 | AY16: 4 | AZ16: 4 | BA16: 4 | BB16: 4 | BC16: 4 | BD16: 4 | BE16: 4 | BF16: 3 | BG16: 4 | BH16: 3 | BI16: 4 | BJ16: 1 | BK16: 3 | BL16: 3 | BM16: 4 | BN16: 4 | BO16: 4 | BP16: 4 | BQ16: 4 | BR16: 4 | BS16: 4 | BT16: 4 | BU16: 4 | BV16: 4 | BW16: 4 | BX16: 4 | BY16: 4 | BZ16: 4 | CA16: 2 | CB16: 2 | CC16: 2 | CD16: 4 | CE16: 2 | CF16: 2 | CG16: 3 | CH16: 4 | CI16: 4 | CJ16: 4 | CK16: 4 | CL16: 4 | CM16: 4 | CN16: 4 | CO16: 4 | CP16: 4 | CQ16: 4 | CR16: 4 | CS16: 4 | CT16: 4 | CU16: 4 | CV16: 2 | CW16: 4 | CX16: 3 | CY16: 3 | CZ16: 2 | DA16: 3 | DB16: 1 | DC16: 3 | DD16: 4 | DE16: 4 | DF16: 4 | DG16: 4 | DH16: 2 | DI16: 3 | DJ16: 4 | DK16: 4 | DL16: 4 | DM16: 4 | DN16: 4 | DO16: 4 | DP16: 4 | DQ16: 2 | DR16: 2 | DS16: 2 | DT16: 3 | DU16: 2 | DV16: 3 | DW16: 2
A17: 9º ano A | B17: 4 | C17: 4 | D17: 3 | E17: 4 | F17: 3 | G17: 4 | H17: 4 | I17: 4 | J17: 4 | K17: 4 | L17: 4 | M17: 4 | N17: 4 | O17: 4 | P17: 4 | Q17: 4 | R17: 4 | S17: 4 | T17: 4 | U17: 4 | V17: 4 | W17: 4 | X17: 4 | Y17: 3 | Z17: 2 | AA17: 2 | AB17: 4 | AC17: 3 | AD17: 1 | AE17: 1 | AF17: 1 | AG17: 1 | AH17: 1 | AI17: 4 | AJ17: 1 | AK17: 4 | AL17: 4 | AM17: 4 | AN17: 4 | AO17: 4 | AP17: 4 | AQ17: 4 | AR17: 4 | AS17: 4 | AT17: 4 | AU17: 4 | AV17: 4 | AW17: 4 | AX17: 4 | AY17: 4 | AZ17: 4 | BA17: 4 | BB17: 4 | BC17: 4 | BD17: 4 | BE17: 4 | BF17: 1 | BG17: 1 | BH17: 1 | BI17: 1 | BJ17: 1 | BK17: 1 | BL17: 1 | BM17: 4 | BN17: 4 | BO17: 4 | BP17: 2 | BQ17: 2 | BR17: 4 | BS17: 4 | BT17: 4 | BU17: 3 | BV17: 4 | BW17: 2 | BX17: 3 | BY17: 3 | BZ17: 3 | CA17: 1 | CB17: 1 | CC17: 1 | CD17: 1 | CE17: 1 | CF17: 1 | CG17: 1 | CH17: 4 | CI17: 4 | CJ17: 4 | CK17: 4 | CL17: 4 | CM17: 4 | CN17: 4 | CO17: 4 | CP17: 4 | CQ17: 4 | CR17: 4 | CS17: 4 | CT17: 4 | CU17: 4 | CV17: 3 | CW17: 3 | CX17: 3 | CY17: 4 | CZ17: 3 | DA17: 4 | DB17: 2 | DC17: 2 | DD17: 2 | DE17: 2 | DF17: 4 | DG17: 3 | DH17: 4 | DI17: 3 | DJ17: 4 | DK17: 4 | DL17: 4 | DM17: 4 | DN17: 4 | DO17: 4 | DP17: 4 | DQ17: 4 | DR17: 4 | DS17: 4 | DT17: 4 | DU17: 4 | DV17: 4 | DW17: 4
A18: 9º ano A | B18: 4 | C18: 4 | D18: 3 | E18: 3 | F18: 2 | G18: 4 | H18: 4 | I18: 4 | J18: 4 | K18: 4 | L18: 4 | M18: 4 | N18: 4 | O18: 4 | P18: 4 | Q18: 4 | R18: 4 | S18: 4 | T18: 4 | U18: 4 | V18: 4 | W18: 4 | X18: 4 | Y18: 4 | Z18: 4 | AA18: 4 | AB18: 4 | AC18: 4 | AD18: 1 | AE18: 1 | AF18: 1 | AG18: 1 | AH18: 1 | AI18: 1 | AJ18: 1 | AK18: 4 | AL18: 4 | AM18: 4 | AN18: 4 | AO18: 4 | AP18: 4 | AQ18: 4 | AR18: 4 | AS18: 4 | AT18: 4 | AU18: 4 | AV18: 4 | AW18: 4 | AX18: 4 | AY18: 4 | AZ18: 4 | BA18: 4 | BB18: 4 | BC18: 4 | BD18: 4 | BE18: 4 | BF18: 2 | BG18: 2 | BH18: 2 | BI18: 2 | BJ18: 2 | BK18: 2 | BL18: 2 | BM18: 4 | BN18: 4 | BO18: 4 | BP18: 4 | BQ18: 4 | BR18: 4 | BS18: 4 | BT18: 4 | BU18: 4 | BV18: 4 | BW18: 4 | BX18: 4 | BY18: 4 | BZ18: 4 | CA18: 3 | CB18: 3 | CC18: 3 | CD18: 3 | CE18: 3 | CF18: 3 | CG18: 3 | CH18: 4 | CI18: 4 | CJ18: 4 | CK18: 4 | CL18: 4 | CM18: 4 | CN18: 4 | CO18: 4 | CP18: 4 | CQ18: 4 | CR18: 4 | CS18: 4 | CT18: 4 | CU18: 4 | CV18: 4 | CW18: 4 | CX18: 4 | CY18: 4 | CZ18: 4 | DA18: 4 | DB18: 4 | DC18: 4 | DD18: 4 | DE18: 4 | DF18: 4 | DG18: 4 | DH18: 4 | DI18: 4 | DJ18: 4 | DK18: 4 | DL18: 4 | DM18: 4 | DN18: 4 | DO18: 4 | DP18: 4 | DQ18: 2 | DR18: 2 | DS18: 2 | DT18: 2 | DU18: 2 | DV18: 2 | DW18: 2
A19: 9º ano A | B19: 4 | C19: 4 | D19: 4 | E19: 4 | F19: 4 | G19: 4 | H19: 4 | I19: 2 | J19: 2 | K19: 4 | L19: 3 | M19: 3 | N19: 3 | O19: 3 | P19: 4 | Q19: 4 | R19: 4 | S19: 4 | T19: 4 | U19: 4 | V19: 4 | W19: 2 | X19: 2 | Y19: 2 | Z19: 2 | AA19: 2 | AB19: 2 | AC19: 2 | AD19: 2 | AE19: 2 | AF19: 2 | AG19: 2 | AH19: 2 | AI19: 2 | AJ19: 2 | AK19: 2 | AL19: 2 | AM19: 2 | AN19: 2 | AO19: 2 | AP19: 2 | AQ19: 2 | AR19: 2 | AS19: 2 | AT19: 2 | AU19: 2 | AV19: 2 | AW19: 2 | AX19: 2 | AY19: 4 | AZ19: 4 | BA19: 4 | BB19: 4 | BC19: 4 | BD19: 4 | BE19: 4 | BF19: 2 | BG19: 2 | BH19: 2 | BI19: 2 | BJ19: 2 | BK19: 2 | BL19: 2 | BM19: 1 | BN19: 2 | BO19: 1 | BP19: 2 | BQ19: 1 | BR19: 2 | BS19: 1 | BT19: 4 | BU19: 4 | BV19: 4 | BW19: 4 | BX19: 4 | BY19: 4 | BZ19: 4 | CA19: 1 | CB19: 1 | CC19: 1 | CD19: 1 | CE19: 1 | CF19: 1 | CG19: 1 | CH19: 4 | CI19: 4 | CJ19: 4 | CK19: 4 | CL19: 4 | CM19: 4 | CN19: 4 | CO19: 3 | CP19: 2 | CQ19: 3 | CR19: 2 | CS19: 3 | CT19: 2 | CU19: 3 | CV19: 2 | CW19: 3 | CX19: 2 | CY19: 4 | CZ19: 2 | DA19: 2 | DB19: 2 | DC19: 4 | DD19: 4 | DE19: 4 | DF19: 4 | DG19: 4 | DH19: 4 | DI19: 4 | DJ19: 2 | DK19: 1 | DL19: 2 | DM19: 1 | DN19: 2 | DO19: 1 | DP19: 2 | DQ19: 4 | DR19: 4 | DS19: 4 | DT19: 4 | DU19: 4 | DV19: 4 | DW19: 4
A20: 9º ano A | B20: 4 | C20: 4 | D20: 3 | E20: 4 | F20: 3 | G20: 4 | H20: 4 | I20: 4 | J20: 4 | K20: 3 | L20: 4 | M20: 4 | N20: 4 | O20: 3 | P20: 4 | Q20: 4 | R20: 4 | S20: 4 | T20: 4 | U20: 4 | V20: 4 | W20: 4 | X20: 3 | Y20: 3 | Z20: 4 | AA20: 4 | AB20: 3 | AC20: 4 | AD20: 1 | AE20: 4 | AF20: 3 | AG20: 2 | AH20: 4 | AI20: 4 | AJ20: 1 | AK20: 4 | AL20: 4 | AM20: 4 | AN20: 4 | AO20: 4 | AP20: 4 | AQ20: 4 | AR20: 3 | AS20: 3 | AT20: 4 | AU20: 4 | AV20: 4 | AW20: 4 | AX20: 3 | AY20: 4 | AZ20: 3 | BA20: 2 | BB20: 4 | BC20: 2 | BD20: 4 | BE20: 4 | BF20: 4 | BG20: 4 | BH20: 2 | BI20: 4 | BJ20: 2 | BK20: 4 | BL20: 4 | BM20: 4 | BN20: 4 | BO20: 4 | BP20: 4 | BQ20: 4 | BR20: 4 | BS20: 4 | BT20: 4 | BU20: 4 | BV20: 4 | BW20: 4 | BX20: 4 | BY20: 4 | BZ20: 4 | CA20: 1 | CB20: 2 | CC20: 2 | CD20: 4 | CE20: 2 | CF20: 4 | CG20: 4 | CH20: 4 | CI20: 4 | CJ20: 4 | CK20: 4 | CL20: 4 | CM20: 4 | CN20: 4 | CO20: 4 | CP20: 4 | CQ20: 4 | CR20: 4 | CS20: 3 | CT20: 4 | CU20: 4 | CV20: 1 | CW20: 4 | CX20: 3 | CY20: 4 | CZ20: 4 | DA20: 4 | DB20: 4 | DC20: 3 | DD20: 3 | DE20: 3 | DF20: 3 | DG20: 3 | DH20: 3 | DI20: 3 | DJ20: 3 | DK20: 3 | DL20: 3 | DM20: 3 | DN20: 3 | DO20: 3 | DP20: 4 | DQ20: 4 | DR20: 2 | DS20: 4 | DT20: 3 | DU20: 4 | DV20: 4 | DW20: 4
A21: 9º ano A | B21: 4 | C21: 4 | D21: 3 | E21: 3 | F21: 2 | G21: 3 | H21: 4 | I21: 4 | J21: 4 | K21: 4 | L21: 4 | M21: 2 | N21: 4 | O21: 4 | P21: 4 | Q21: 4 | R21: 4 | S21: 4 | T21: 2 | U21: 4 | V21: 4 | W21: 1 | X21: 2 | Y21: 2 | Z21: 1 | AA21: 1 | AB21: 3 | AC21: 2 | AD21: 3 | AE21: 4 | AF21: 4 | AG21: 4 | AH21: 2 | AI21: 4 | AJ21: 4 | AK21: 1 | AL21: 1 | AM21: 1 | AN21: 1 | AO21: 1 | AP21: 1 | AQ21: 1 | AR21: 3 | AS21: 2 | AT21: 3 | AU21: 4 | AV21: 2 | AW21: 2 | AX21: 4 | AY21: 3 | AZ21: 4 | BA21: 4 | BB21: 4 | BC21: 1 | BD21: 4 | BE21: 4 | BF21: 3 | BG21: 3 | BH21: 4 | BI21: 4 | BJ21: 3 | BK21: 4 | BL21: 4 | BM21: 4 | BN21: 4 | BO21: 4 | BP21: 4 | BQ21: 3 | BR21: 4 | BS21: 4 | BT21: 4 | BU21: 4 | BV21: 4 | BW21: 4 | BX21: 3 | BY21: 4 | BZ21: 4 | CA21: 4 | CB21: 1 | CC21: 2 | CD21: 2 | CE21: 1 | CF21: 3 | CG21: 4 | CH21: 4 | CI21: 4 | CJ21: 4 | CK21: 4 | CL21: 4 | CM21: 4 | CN21: 4 | CO21: 4 | CP21: 3 | CQ21: 3 | CR21: 4 | CS21: 3 | CT21: 4 | CU21: 4 | CV21: 4 | CW21: 3 | CX21: 2 | CY21: 4 | CZ21: 2 | DA21: 4 | DB21: 4 | DC21: 2 | DD21: 1 | DE21: 2 | DF21: 1 | DG21: 3 | DH21: 1 | DI21: 1 | DJ21: 3 | DK21: 2 | DL21: 2 | DM21: 2 | DN21: 3 | DO21: 1 | DP21: 3 | DQ21: 4 | DR21: 4 | DS21: 3 | DT21: 4 | DU21: 4 | DV21: 4 | DW21: 4
A22: 9º ano A | B22: 4 | C22: 4 | D22: 3 | E22: 4 | F22: 3 | G22: 4 | H22: 4 | I22: 4 | J22: 4 | K22: 4 | L22: 4 | M22: 3 | N22: 4 | O22: 4 | P22: 4 | Q22: 4 | R22: 4 | S22: 4 | T22: 4 | U22: 4 | V22: 4 | W22: 2 | X22: 2 | Y22: 3 | Z22: 4 | AA22: 3 | AB22: 2 | AC22: 3 | AD22: 3 | AE22: 3 | AF22: 3 | AG22: 3 | AH22: 2 | AI22: 3 | AJ22: 2 | AK22: 4 | AL22: 4 | AM22: 4 | AN22: 4 | AO22: 4 | AP22: 4 | AQ22: 4 | AR22: 4 | AS22: 4 | AT22: 4 | AU22: 4 | AV22: 4 | AW22: 4 | AX22: 4 | AY22: 4 | AZ22: 4 | BA22: 4 | BB22: 4 | BC22: 4 | BD22: 4 | BE22: 4 | BF22: 2 | BG22: 3 | BH22: 2 | BI22: 4 | BJ22: 1 | BK22: 4 | BL22: 3 | BM22: 4 | BN22: 4 | BO22: 4 | BP22: 4 | BQ22: 4 | BR22: 4 | BS22: 4 | BT22: 4 | BU22: 4 | BV22: 4 | BW22: 4 | BX22: 4 | BY22: 4 | BZ22: 4 | CA22: 3 | CB22: 2 | CC22: 2 | CD22: 4 | CE22: 2 | CF22: 3 | CG22: 2 | CH22: 4 | CI22: 4 | CJ22: 4 | CK22: 4 | CL22: 4 | CM22: 4 | CN22: 4 | CO22: 4 | CP22: 4 | CQ22: 4 | CR22: 4 | CS22: 4 | CT22: 4 | CU22: 4 | CV22: 4 | CW22: 4 | CX22: 4 | CY22: 4 | CZ22: 4 | DA22: 4 | DB22: 4 | DC22: 3 | DD22: 3 | DE22: 3 | DF22: 3 | DG22: 3 | DH22: 3 | DI22: 3 | DJ22: 4 | DK22: 3 | DL22: 4 | DM22: 4 | DN22: 3 | DO22: 2 | DP22: 4 | DQ22: 4 | DR22: 2 | DS22: 4 | DT22: 4 | DU22: 3 | DV22: 3 | DW22: 4
A23: 9º ano A | B23: 4 | C23: 4 | D23: 4 | E23: 4 | F23: 4 | G23: 4 | H23: 4 | I23: 4 | J23: 4 | K23: 3 | L23: 4 | M23: 2 | N23: 4 | O23: 4 | P23: 4 | Q23: 4 | R23: 4 | S23: 4 | T23: 3 | U23: 4 | V23: 4 | W23: 3 | X23: 3 | Y23: 3 | Z23: 4 | AA23: 2 | AB23: 3 | AC23: 4 | AD23: 4 | AE23: 4 | AF23: 4 | AG23: 4 | AH23: 3 | AI23: 4 | AJ23: 4 | AK23: 4 | AL23: 4 | AM23: 4 | AN23: 4 | AO23: 4 | AP23: 4 | AQ23: 4 | AR23: 4 | AS23: 4 | AT23: 4 | AU23: 4 | AV23: 4 | AW23: 4 | AX23: 4 | AY23: 4 | AZ23: 4 | BA23: 4 | BB23: 4 | BC23: 4 | BD23: 4 | BE23: 4 | BF23: 4 | BG23: 4 | BH23: 4 | BI23: 3 | BJ23: 3 | BK23: 3 | BL23: 4 | BM23: 4 | BN23: 4 | BO23: 4 | BP23: 4 | BQ23: 4 | BR23: 4 | BS23: 4 | BT23: 4 | BU23: 4 | BV23: 4 | BW23: 4 | BX23: 4 | BY23: 4 | BZ23: 4 | CA23: 3 | CB23: 3 | CC23: 2 | CD23: 3 | CE23: 2 | CF23: 4 | CG23: 4 | CH23: 4 | CI23: 4 | CJ23: 4 | CK23: 4 | CL23: 4 | CM23: 4 | CN23: 4 | CO23: 4 | CP23: 4 | CQ23: 4 | CR23: 4 | CS23: 4 | CT23: 4 | CU23: 4 | CV23: 4 | CW23: 4 | CX23: 4 | CY23: 4 | CZ23: 4 | DA23: 4 | DB23: 4 | DC23: 4 | DD23: 4 | DE23: 4 | DF23: 4 | DG23: 4 | DH23: 4 | DI23: 4 | DJ23: 4 | DK23: 4 | DL23: 4 | DM23: 4 | DN23: 3 | DO23: 4 | DP23: 4 | DQ23: 4 | DR23: 2 | DS23: 4 | DT23: 4 | DU23: 4 | DV23: 4 | DW23: 4
A24: 9º ano A | B24: 3 | C24: 4 | D24: 4 | E24: 4 | F24: 3 | G24: 4 | H24: 3 | I24: 4 | J24: 4 | K24: 3 | L24: 4 | M24: 3 | N24: 4 | O24: 4 | P24: 4 | Q24: 4 | R24: 3 | S24: 4 | T24: 3 | U24: 4 | V24: 4 | W24: 4 | X24: 4 | Y24: 3 | Z24: 4 | AA24: 3 | AB24: 4 | AC24: 4 | AD24: 3 | AE24: 4 | AF24: 2 | AG24: 4 | AH24: 2 | AI24: 4 | AJ24: 3 | AK24: 2 | AL24: 3 | AM24: 2 | AN24: 3 | AO24: 3 | AP24: 4 | AQ24: 2 | AR24: 4 | AS24: 4 | AT24: 3 | AU24: 4 | AV24: 4 | AW24: 4 | AX24: 3 | AY24: 4 | AZ24: 4 | BA24: 4 | BB24: 4 | BC24: 4 | BD24: 4 | BE24: 4 | BF24: 3 | BG24: 4 | BH24: 2 | BI24: 3 | BJ24: 2 | BK24: 4 | BL24: 3 | BM24: 4 | BN24: 4 | BO24: 4 | BP24: 4 | BQ24: 3 | BR24: 4 | BS24: 4 | BT24: 4 | BU24: 4 | BV24: 4 | BW24: 4 | BX24: 3 | BY24: 4 | BZ24: 4 | CA24: 4 | CB24: 4 | CC24: 2 | CD24: 4 | CE24: 2 | CF24: 4 | CG24: 4 | CH24: 4 | CI24: 4 | CJ24: 4 | CK24: 4 | CL24: 4 | CM24: 4 | CN24: 4 | CO24: 4 | CP24: 4 | CQ24: 4 | CR24: 4 | CS24: 4 | CT24: 4 | CU24: 4 | CV24: 3 | CW24: 2 | CX24: 3 | CY24: 4 | CZ24: 1 | DA24: 4 | DB24: 4 | DC24: 4 | DD24: 4 | DE24: 3 | DF24: 3 | DG24: 3 | DH24: 4 | DI24: 4 | DJ24: 4 | DK24: 4 | DL24: 3 | DM24: 4 | DN24: 3 | DO24: 4 | DP24: 4 | DQ24: 2 | DR24: 2 | DS24: 4 | DT24: 4 | DU24: 4 | DV24: 4 | DW24: 4
A25: 9º ano A | B25: 4 | C25: 4 | D25: 4 | E25: 4 | F25: 3 | G25: 2 | H25: 4 | I25: 2 | J25: 4 | K25: 3 | L25: 4 | M25: 2 | N25: 4 | O25: 4 | P25: 4 | Q25: 4 | R25: 4 | S25: 3 | T25: 3 | U25: 4 | V25: 4 | W25: 4 | X25: 4 | Y25: 4 | Z25: 4 | AA25: 4 | AB25: 4 | AC25: 4 | AD25: 2 | AE25: 2 | AF25: 3 | AG25: 2 | AH25: 3 | AI25: 2 | AJ25: 4 | AK25: 2 | AL25: 2 | AM25: 2 | AN25: 2 | AO25: 2 | AP25: 2 | AQ25: 2 | AR25: 4 | AS25: 4 | AT25: 4 | AU25: 4 | AV25: 4 | AW25: 4 | AX25: 4 | AY25: 4 | AZ25: 4 | BA25: 4 | BB25: 4 | BC25: 4 | BD25: 4 | BE25: 4 | BF25: 2 | BG25: 3 | BH25: 2 | BI25: 2 | BJ25: 1 | BK25: 3 | BL25: 3 | BM25: 4 | BN25: 4 | BO25: 4 | BP25: 3 | BQ25: 4 | BR25: 4 | BS25: 4 | BT25: 4 | BU25: 4 | BV25: 4 | BW25: 3 | BX25: 4 | BY25: 4 | BZ25: 4 | CA25: 1 | CB25: 3 | CC25: 2 | CD25: 4 | CE25: 1 | CF25: 2 | CG25: 4 | CH25: 4 | CI25: 4 | CJ25: 4 | CK25: 4 | CL25: 4 | CM25: 4 | CN25: 4 | CO25: 4 | CP25: 4 | CQ25: 4 | CR25: 4 | CS25: 4 | CT25: 4 | CU25: 4 | CV25: 1 | CW25: 4 | CX25: 3 | CY25: 2 | CZ25: 2 | DA25: 4 | DB25: 4 | DC25: 3 | DD25: 3 | DE25: 4 | DF25: 3 | DG25: 4 | DH25: 4 | DI25: 4 | DJ25: 4 | DK25: 4 | DL25: 4 | DM25: 4 | DN25: 4 | DO25: 4 | DP25: 4 | DQ25: 2 | DR25: 2 | DS25: 4 | DT25: 4 | DU25: 4 | DV25: 1 | DW25: 4
A26: 9º ano A | B26: 4 | C26: 4 | D26: 3 | E26: 3 | F26: 3 | G26: 4 | H26: 4 | I26: 3 | J26: 3 | K26: 2 | L26: 4 | M26: 3 | N26: 2 | O26: 3 | P26: 2 | Q26: 3 | R26: 4 | S26: 3 | T26: 3 | U26: 2 | V26: 2 | W26: 2 | X26: 3 | Y26: 3 | Z26: 3 | AA26: 3 | AB26: 3 | AC26: 2 | AD26: 3 | AE26: 3 | AF26: 3 | AG26: 3 | AH26: 3 | AI26: 3 | AJ26: 3 | AK26: 3 | AL26: 3 | AM26: 3 | AN26: 3 | AO26: 3 | AP26: 3 | AQ26: 3 | AR26: 3 | AS26: 3 | AT26: 3 | AU26: 3 | AV26: 3 | AW26: 3 | AX26: 3 | AY26: 4 | AZ26: 3 | BA26: 2 | BB26: 4 | BC26: 3 | BD26: 3 | BE26: 3 | BF26: 3 | BG26: 3 | BH26: 3 | BI26: 3 | BJ26: 1 | BK26: 3 | BL26: 2 | BM26: 3 | BN26: 3 | BO26: 3 | BP26: 4 | BQ26: 3 | BR26: 3 | BS26: 3 | BT26: 4 | BU26: 4 | BV26: 3 | BW26: 4 | BX26: 3 | BY26: 3 | BZ26: 4 | CA26: 3 | CB26: 2 | CC26: 3 | CD26: 3 | CE26: 2 | CF26: 2 | CG26: 3 | CH26: 4 | CI26: 4 | CJ26: 3 | CK26: 3 | CL26: 4 | CM26: 4 | CN26: 4 | CO26: 4 | CP26: 3 | CQ26: 3 | CR26: 4 | CS26: 4 | CT26: 4 | CU26: 4 | CV26: 3 | CW26: 4 | CX26: 4 | CY26: 3 | CZ26: 4 | DA26: 4 | DB26: 4 | DC26: 3 | DD26: 4 | DE26: 3 | DF26: 4 | DG26: 3 | DH26: 3 | DI26: 4 | DJ26: 4 | DK26: 4 | DL26: 4 | DM26: 4 | DN26: 4 | DO26: 3 | DP26: 3 | DQ26: 2 | DR26: 3 | DS26: 3 | DT26: 4 | DU26: 3 | DV26: 3 | DW26: 3
A27: 9º ano A | B27: 4 | C27: 4 | D27: 3 | E27: 4 | F27: 3 | G27: 2 | H27: 4 | I27: 4 | J27: 4 | K27: 4 | L27: 4 | M27: 4 | N27: 4 | O27: 4 | P27: 4 | Q27: 4 | R27: 4 | S27: 4 | T27: 4 | U27: 4 | V27: 4 | W27: 3 | X27: 4 | Y27: 4 | Z27: 4 | AA27: 4 | AB27: 4 | AC27: 3 | AD27: 4 | AE27: 4 | AF27: 3 | AG27: 4 | AH27: 2 | AI27: 4 | AJ27: 2 | AK27: 4 | AL27: 4 | AM27: 4 | AN27: 4 | AO27: 4 | AP27: 4 | AQ27: 4 | AR27: 4 | AS27: 4 | AT27: 4 | AU27: 4 | AV27: 4 | AW27: 4 | AX27: 4 | AY27: 4 | AZ27: 4 | BA27: 4 | BB27: 4 | BC27: 4 | BD27: 4 | BF27: 2 | BG27: 4 | BH27: 4 | BI27: 4 | BJ27: 4 | BK27: 4 | BL27: 4 | BM27: 4 | BN27: 4 | BO27: 4 | BP27: 4 | BQ27: 4 | BR27: 4 | BS27: 4 | BT27: 4 | BU27: 4 | BV27: 4 | BW27: 4 | BX27: 4 | BY27: 4 | BZ27: 4 | CA27: 2 | CB27: 2 | CC27: 1 | CD27: 4 | CE27: 1 | CF27: 3 | CG27: 1 | CH27: 4 | CI27: 4 | CJ27: 4 | CK27: 4 | CL27: 4 | CM27: 4 | CN27: 4 | CO27: 4 | CP27: 4 | CQ27: 3 | CR27: 3 | CS27: 4 | CT27: 4 | CU27: 4 | CV27: 4 | CW27: 4 | CX27: 4 | CY27: 4 | CZ27: 3 | DA27: 4 | DB27: 4 | DC27: 3 | DD27: 4 | DE27: 4 | DF27: 4 | DG27: 4 | DH27: 3 | DI27: 3 | DJ27: 4 | DK27: 4 | DL27: 4 | DM27: 4 | DN27: 4 | DO27: 4 | DP27: 4 | DQ27: 3 | DR27: 2 | DS27: 3 | DT27: 4 | DU27: 3 | DV27: 4 | DW27: 4
A28: 9º ano A | B28: 4 | C28: 4 | D28: 3 | E28: 3 | F28: 3 | G28: 4 | H28: 3 | I28: 4 | J28: 4 | K28: 4 | L28: 4 | M28: 3 | N28: 4 | O28: 4 | P28: 4 | Q28: 4 | R28: 4 | S28: 4 | T28: 4 | U28: 4 | V28: 4 | W28: 3 | X28: 4 | Y28: 4 | Z28: 4 | AA28: 3 | AB28: 4 | AC28: 4 | AD28: 2 | AE28: 3 | AF28: 2 | AG28: 4 | AH28: 2 | AI28: 4 | AJ28: 2 | AK28: 3 | AL28: 3 | AM28: 4 | AN28: 3 | AO28: 3 | AP28: 4 | AQ28: 4 | AR28: 4 | AS28: 4 | AT28: 4 | AU28: 3 | AV28: 3 | AW28: 4 | AX28: 3 | AY28: 4 | AZ28: 3 | BA28: 3 | BB28: 4 | BC28: 3 | BD28: 4 | BE28: 3 | BF28: 2 | BG28: 3 | BH28: 2 | BI28: 3 | BJ28: 2 | BK28: 4 | BL28: 2 | BM28: 4 | BN28: 4 | BO28: 3 | BP28: 3 | BQ28: 3 | BR28: 4 | BS28: 3 | BT28: 4 | BU28: 4 | BV28: 4 | BW28: 4 | BX28: 4 | BY28: 4 | BZ28: 4 | CA28: 2 | CB28: 1 | CC28: 2 | CD28: 3 | CE28: 2 | CF28: 2 | CG28: 2 | CH28: 4 | CI28: 4 | CJ28: 4 | CK28: 4 | CL28: 4 | CM28: 4 | CN28: 4 | CO28: 4 | CP28: 4 | CQ28: 4 | CR28: 3 | CS28: 3 | CT28: 4 | CU28: 4 | CV28: 3 | CW28: 3 | CX28: 2 | CY28: 3 | CZ28: 4 | DA28: 3 | DB28: 3 | DC28: 4 | DD28: 4 | DE28: 4 | DF28: 4 | DG28: 4 | DH28: 4 | DI28: 4 | DJ28: 4 | DK28: 4 | DL28: 4 | DM28: 4 | DN28: 4 | DO28: 4 | DP28: 4 | DQ28: 2 | DR28: 2 | DS28: 2 | DT28: 3 | DU28: 2 | DV28: 4 | DW28: 2
A29: 9º ano A | B29: 4 | C29: 4 | D29: 4 | E29: 4 | F29: 3 | G29: 4 | H29: 4 | I29: 4 | J29: 4 | K29: 4 | L29: 3 | M29: 3 | N29: 4 | O29: 4 | P29: 4 | Q29: 4 | R29: 3 | S29: 4 | T29: 3 | U29: 4 | V29: 4 | W29: 3 | X29: 3 | Y29: 3 | Z29: 4 | AA29: 3 | AB29: 3 | AC29: 2 | AD29: 3 | AE29: 3 | AF29: 3 | AG29: 4 | AH29: 1 | AI29: 4 | AJ29: 3 | AK29: 4 | AL29: 4 | AM29: 4 | AN29: 4 | AO29: 4 | AP29: 4 | AQ29: 4 | AR29: 4 | AS29: 4 | AT29: 4 | AU29: 4 | AV29: 4 | AW29: 4 | AX29: 4 | AY29: 4 | AZ29: 4 | BA29: 4 | BB29: 4 | BC29: 4 | BD29: 4 | BE29: 3 | BF29: 3 | BG29: 4 | BH29: 3 | BI29: 2 | BJ29: 2 | BK29: 4 | BL29: 3 | BM29: 4 | BN29: 4 | BO29: 3 | BP29: 3 | BQ29: 3 | BR29: 4 | BS29: 3 | BT29: 4 | BU29: 4 | BV29: 4 | BW29: 4 | BX29: 4 | BY29: 4 | BZ29: 4 | CA29: 3 | CB29: 4 | CC29: 2 | CD29: 3 | CE29: 1 | CF29: 3 | CG29: 2 | CH29: 4 | CI29: 4 | CJ29: 4 | CK29: 4 | CL29: 4 | CM29: 4 | CN29: 4 | CO29: 4 | CP29: 4 | CQ29: 4 | CR29: 4 | CS29: 4 | CT29: 4 | CU29: 4 | CV29: 3 | CW29: 3 | CX29: 2 | CY29: 3 | CZ29: 3 | DA29: 3 | DB29: 3 | DC29: 4 | DD29: 4 | DE29: 4 | DF29: 4 | DG29: 4 | DH29: 4 | DI29: 4 | DJ29: 4 | DK29: 3 | DL29: 4 | DM29: 3 | DN29: 4 | DO29: 3 | DP29: 3 | DQ29: 3 | DR29: 2 | DS29: 3 | DT29: 4 | DU29: 4 | DV29: 3 | DW29: 3
A30: 9º ano A | B30: 4 | C30: 4 | D30: 3 | E30: 3 | F30: 3 | G30: 2 | H30: 3 | I30: 4 | J30: 4 | K30: 4 | L30: 4 | M30: 3 | N30: 4 | O30: 4 | P30: 4 | Q30: 4 | R30: 4 | S30: 4 | T30: 3 | U30: 4 | V30: 4 | W30: 4 | X30: 4 | Y30: 4 | Z30: 3 | AA30: 3 | AB30: 4 | AC30: 4 | AD30: 4 | AE30: 4 | AF30: 1 | AG30: 4 | AH30: 2 | AI30: 4 | AJ30: 3 | AK30: 4 | AL30: 3 | AM30: 4 | AN30: 4 | AO30: 3 | AP30: 3 | AQ30: 3 | AR30: 3 | AS30: 4 | AT30: 4 | AU30: 4 | AV30: 4 | AW30: 4 | AX30: 4 | AY30: 4 | AZ30: 3 | BA30: 4 | BB30: 4 | BC30: 3 | BD30: 4 | BE30: 4 | BF30: 2 | BG30: 2 | BH30: 1 | BI30: 2 | BJ30: 1 | BK30: 3 | BL30: 2 | BM30: 4 | BN30: 4 | BO30: 4 | BP30: 2 | BQ30: 3 | BR30: 4 | BS30: 4 | BT30: 4 | BU30: 4 | BV30: 4 | BW30: 4 | BX30: 4 | BY30: 4 | BZ30: 4 | CA30: 3 | CB30: 2 | CC30: 2 | CD30: 3 | CE30: 1 | CF30: 3 | CG30: 3 | CH30: 4 | CI30: 4 | CJ30: 4 | CK30: 4 | CL30: 4 | CM30: 4 | CN30: 4 | CO30: 3 | CP30: 4 | CQ30: 4 | CR30: 3 | CS30: 4 | CT30: 3 | CU30: 4 | CV30: 4 | CW30: 4 | CX30: 4 | CY30: 4 | CZ30: 4 | DA30: 4 | DB30: 4 | DC30: 3 | DD30: 3 | DE30: 4 | DF30: 4 | DG30: 4 | DH30: 2 | DI30: 4 | DJ30: 4 | DK30: 4 | DL30: 4 | DM30: 4 | DN30: 4 | DO30: 4 | DP30: 4 | DQ30: 2 | DR30: 2 | DS30: 2 | DT30: 2 | DU30: 2 | DV30: 3 | DW30: 2
A31: 9º ano A | B31: 4 | C31: 4 | D31: 3 | E31: 4 | F31: 2 | G31: 4 | H31: 4 | I31: 4 | J31: 3 | K31: 4 | L31: 4 | M31: 3 | N31: 4 | O31: 4 | P31: 4 | Q31: 4 | R31: 4 | S31: 4 | T31: 4 | U31: 4 | V31: 4 | W31: 4 | X31: 4 | Y31: 3 | Z31: 3 | AA31: 3 | AB31: 4 | AC31: 4 | AD31: 3 | AE31: 4 | AF31: 4 | AG31: 4 | AH31: 2 | AI31: 4 | AJ31: 4 | AK31: 3 | AL31: 4 | AM31: 2 | AN31: 4 | AO31: 2 | AP31: 4 | AQ31: 3 | AR31: 3 | AS31: 3 | AT31: 3 | AU31: 3 | AV31: 2 | AW31: 4 | AX31: 3 | AY31: 4 | AZ31: 4 | BA31: 4 | BB31: 4 | BC31: 4 | BD31: 4 | BE31: 4 | BF31: 3 | BG31: 4 | BH31: 4 | BI31: 4 | BJ31: 2 | BK31: 4 | BL31: 4 | BM31: 4 | BN31: 3 | BO31: 3 | BP31: 2 | BQ31: 2 | BR31: 3 | BS31: 4 | BT31: 4 | BU31: 3 | BV31: 4 | BW31: 4 | BX31: 4 | BY31: 3 | BZ31: 4 | CA31: 3 | CB31: 3 | CC31: 2 | CD31: 4 | CE31: 1 | CF31: 4 | CG31: 4 | CH31: 4 | CI31: 4 | CJ31: 4 | CK31: 4 | CL31: 4 | CM31: 4 | CN31: 4 | CO31: 3 | CP31: 3 | CQ31: 4 | CR31: 3 | CS31: 3 | CT31: 4 | CU31: 3 | CV31: 2 | CW31: 3 | CX31: 1 | CY31: 4 | CZ31: 4 | DA31: 3 | DB31: 4 | DC31: 2 | DD31: 4 | DE31: 4 | DF31: 3 | DG31: 4 | DH31: 4 | DI31: 3 | DJ31: 4 | DK31: 4 | DL31: 4 | DM31: 4 | DN31: 4 | DO31: 4 | DP31: 4 | DQ31: 4 | DR31: 4 | DS31: 2 | DT31: 4 | DU31: 3 | DV31: 4 | DW31: 4
A32: 9º ano A | B32: 4 | C32: 4 | D32: 4 | E32: 3 | F32: 4 | G32: 4 | H32: 4 | I32: 4 | J32: 4 | K32: 4 | L32: 4 | M32: 4 | N32: 4 | O32: 4 | P32: 4 | Q32: 4 | R32: 4 | S32: 4 | T32: 4 | U32: 4 | V32: 4 | W32: 3 | X32: 4 | Y32: 3 | Z32: 4 | AA32: 2 | AB32: 4 | AC32: 4 | AD32: 4 | AE32: 4 | AF32: 3 | AG32: 4 | AH32: 3 | AI32: 4 | AJ32: 4 | AK32: 4 | AL32: 4 | AM32: 4 | AN32: 4 | AO32: 3 | AP32: 4 | AQ32: 4 | AR32: 4 | AS32: 4 | AT32: 4 | AU32: 4 | AV32: 4 | AW32: 4 | AX32: 4 | AY32: 3 | AZ32: 2 | BA32: 3 | BB32: 2 | BC32: 3 | BD32: 3 | BE32: 4 | BF32: 4 | BG32: 4 | BH32: 4 | BI32: 3 | BJ32: 4 | BK32: 4 | BL32: 4 | BM32: 2 | BN32: 2 | BO32: 2 | BP32: 2 | BQ32: 3 | BR32: 2 | BS32: 3 | BT32: 3 | BU32: 4 | BV32: 4 | BW32: 4 | BX32: 4 | BY32: 4 | BZ32: 4 | CA32: 1 | CB32: 1 | CC32: 1 | CD32: 1 | CE32: 1 | CF32: 2 | CG32: 1 | CH32: 4 | CI32: 4 | CJ32: 4 | CK32: 4 | CL32: 4 | CM32: 4 | CN32: 4 | CO32: 4 | CP32: 4 | CQ32: 4 | CR32: 2 | CS32: 4 | CT32: 4 | CU32: 4 | CV32: 4 | CW32: 4 | CX32: 4 | CY32: 4 | CZ32: 4 | DA32: 3 | DB32: 4 | DC32: 4 | DD32: 4 | DE32: 4 | DF32: 4 | DG32: 4 | DH32: 4 | DI32: 4 | DJ32: 4 | DK32: 4 | DL32: 4 | DM32: 4 | DN32: 4 | DO32: 3 | DP32: 4 | DQ32: 4 | DR32: 4 | DS32: 4 | DT32: 4 | DU32: 4 | DV32: 4 | DW32: 4
A33: 9º ano A | B33: 4 | C33: 3 | D33: 3 | E33: 3 | F33: 2 | G33: 4 | H33: 3 | I33: 4 | J33: 4 | K33: 3 | L33: 3 | M33: 2 | N33: 3 | O33: 4 | P33: 2 | Q33: 3 | R33: 2 | S33: 2 | T33: 2 | U33: 2 | V33: 3 | W33: 2 | X33: 2 | Y33: 2 | Z33: 2 | AA33: 2 | AB33: 2 | AC33: 2 | AD33: 1 | AE33: 2 | AF33: 2 | AG33: 2 | AH33: 2 | AI33: 2 | AJ33: 2 | AK33: 3 | AM33: 3 | AN33: 3 | AO33: 3 | AP33: 3 | AQ33: 3 | AR33: 3 | AS33: 3 | AT33: 3 | AU33: 3 | AV33: 2 | AW33: 3 | AX33: 3 | AY33: 4 | AZ33: 4 | BA33: 4 | BB33: 4 | BC33: 4 | BD33: 4 | BE33: 4 | BF33: 1 | BG33: 1 | BH33: 2 | BI33: 2 | BJ33: 1 | BK33: 2 | BL33: 2 | BM33: 2 | BN33: 2 | BO33: 2 | BP33: 2 | BQ33: 2 | BR33: 2 | BS33: 2 | BT33: 3 | BU33: 3 | BV33: 3 | BW33: 3 | BX33: 3 | BY33: 3 | BZ33: 3 | CA33: 1 | CB33: 1 | CD33: 1 | CE33: 1 | CF33: 1 | CG33: 1 | CH33: 4 | CI33: 4 | CJ33: 4 | CK33: 4 | CL33: 4 | CM33: 4 | CN33: 4 | CO33: 3 | CP33: 3 | CQ33: 3 | CR33: 3 | CS33: 3 | CT33: 3 | CU33: 3 | CV33: 4 | CW33: 4 | CX33: 4 | CY33: 4 | CZ33: 4 | DA33: 4 | DB33: 4 | DC33: 3 | DD33: 3 | DE33: 3 | DF33: 3 | DG33: 2 | DH33: 3 | DI33: 3 | DJ33: 2 | DK33: 2 | DL33: 2 | DM33: 2 | DN33: 2 | DO33: 2 | DP33: 2 | DQ33: 3 | DR33: 3 | DS33: 3 | DT33: 3 | DU33: 3 | DV33: 3 | DW33: 3
A34: 9º ano A | B34: 4 | C34: 4 | D34: 3 | E34: 4 | F34: 2 | G34: 4 | H34: 4 | I34: 4 | J34: 4 | K34: 4 | L34: 4 | M34: 3 | N34: 4 | O34: 4 | P34: 4 | Q34: 4 | R34: 4 | S34: 4 | T34: 3 | U34: 4 | V34: 4 | W34: 2 | X34: 2 | Y34: 3 | Z34: 3 | AA34: 3 | AB34: 2 | AC34: 1 | AD34: 4 | AE34: 4 | AF34: 3 | AG34: 4 | AH34: 1 | AI34: 4 | AJ34: 2 | AK34: 3 | AL34: 4 | AM34: 2 | AN34: 3 | AO34: 1 | AP34: 4 | AQ34: 3 | AR34: 1 | AS34: 3 | AT34: 2 | AU34: 3 | AV34: 1 | AW34: 2 | AX34: 3 | AY34: 4 | AZ34: 4 | BA34: 3 | BB34: 3 | BC34: 3 | BD34: 4 | BE34: 4 | BF34: 2 | BG34: 3 | BH34: 1 | BI34: 4 | BJ34: 1 | BK34: 3 | BL34: 2 | BM34: 1 | BN34: 2 | BO34: 1 | BP34: 1 | BQ34: 1 | BR34: 2 | BS34: 1 | BT34: 3 | BU34: 3 | BV34: 4 | BW34: 4 | BX34: 3 | BY34: 3 | BZ34: 3 | CA34: 2 | CB34: 2 | CC34: 1 | CD34: 1 | CE34: 1 | CF34: 3 | CG34: 1 | CH34: 4 | CI34: 4 | CJ34: 3 | CK34: 3 | CL34: 2 | CM34: 4 | CN34: 4 | CO34: 3 | CP34: 2 | CQ34: 3 | CR34: 2 | CS34: 3 | CT34: 3 | CU34: 2 | CV34: 2 | CW34: 3 | CX34: 1 | CY34: 4 | CZ34: 2 | DA34: 1 | DB34: 1 | DC34: 2 | DD34: 3 | DE34: 4 | DF34: 4 | DG34: 2 | DH34: 1 | DI34: 4 | DJ34: 1 | DK34: 1 | DL34: 1 | DM34: 2 | DN34: 2 | DO34: 1 | DP34: 1 | DQ34: 1 | DR34: 1 | DS34: 3 | DT34: 3 | DU34: 2 | DV34: 3 | DW34: 1
A35: 9º ano B | B35: 3 | C35: 3 | D35: 3 | E35: 4 | F35: 3 | G35: 4 | H35: 4 | I35: 3 | J35: 3 | K35: 3 | L35: 3 | M35: 3 | N35: 3 | O35: 3 | P35: 4 | Q35: 4 | R35: 4 | S35: 4 | T35: 4 | U35: 4 | V35: 4 | W35: 3 | X35: 4 | Y35: 3 | Z35: 4 | AA35: 2 | AB35: 4 | AC35: 2 | AD35: 2 | AE35: 2 | AF35: 2 | AG35: 2 | AH35: 2 | AI35: 2 | AJ35: 2 | AK35: 4 | AL35: 4 | AM35: 4 | AN35: 4 | AO35: 4 | AP35: 4 | AQ35: 4 | AR35: 4 | AS35: 4 | AT35: 4 | AU35: 4 | AV35: 4 | AW35: 4 | AX35: 4 | AY35: 3 | AZ35: 3 | BA35: 4 | BB35: 3 | BC35: 2 | BD35: 4 | BE35: 2 | BF35: 2 | BH35: 2 | BI35: 2 | BJ35: 2 | BK35: 2 | BL35: 2 | BM35: 4 | BN35: 3 | BO35: 3 | BP35: 1 | BQ35: 3 | BR35: 3 | BS35: 2 | BT35: 4 | BU35: 4 | BV35: 4 | BW35: 4 | BX35: 4 | BY35: 4 | BZ35: 4 | CA35: 1 | CB35: 1 | CC35: 1 | CD35: 1 | CE35: 1 | CF35: 1 | CG35: 1 | CH35: 4 | CI35: 4 | CJ35: 4 | CK35: 4 | CL35: 4 | CM35: 4 | CN35: 4 | CO35: 4 | CP35: 4 | CQ35: 4 | CR35: 4 | CS35: 4 | CT35: 4 | CU35: 4 | CV35: 2 | CW35: 2 | CX35: 2 | CY35: 4 | CZ35: 2 | DA35: 3 | DB35: 3 | DC35: 1 | DD35: 1 | DE35: 1 | DF35: 1 | DG35: 1 | DH35: 1 | DI35: 1 | DJ35: 4 | DK35: 4 | DL35: 4 | DM35: 4 | DN35: 4 | DO35: 4 | DP35: 4 | DQ35: 4 | DR35: 4 | DS35: 4 | DT35: 4 | DU35: 3 | DV35: 4 | DW35: 4
A36: 9º ano B | B36: 3 | C36: 4 | D36: 3 | E36: 3 | F36: 3 | G36: 4 | H36: 4 | I36: 4 | J36: 4 | K36: 4 | L36: 4 | M36: 3 | N36: 4 | O36: 4 | P36: 4 | Q36: 4 | R36: 4 | S36: 4 | T36: 3 | U36: 4 | V36: 4 | W36: 4 | X36: 3 | Y36: 4 | Z36: 3 | AA36: 3 | AB36: 4 | AC36: 3 | AD36: 3 | AE36: 2 | AF36: 3 | AG36: 2 | AH36: 3 | AI36: 2 | AJ36: 3 | AK36: 4 | AL36: 4 | AM36: 4 | AN36: 4 | AO36: 4 | AP36: 4 | AQ36: 4 | AR36: 4 | AS36: 4 | AT36: 3 | AU36: 4 | AV36: 4 | AW36: 4 | AX36: 3 | AY36: 3 | AZ36: 4 | BA36: 4 | BB36: 4 | BC36: 3 | BD36: 4 | BE36: 4 | BF36: 2 | BG36: 2 | BH36: 2 | BI36: 2 | BJ36: 2 | BK36: 2 | BL36: 2 | BM36: 4 | BN36: 4 | BO36: 2 | BP36: 4 | BQ36: 4 | BR36: 4 | BS36: 4 | BT36: 4 | BU36: 4 | BV36: 4 | BW36: 4 | BX36: 4 | BY36: 4 | BZ36: 4 | CA36: 4 | CB36: 3 | CC36: 4 | CD36: 3 | CE36: 4 | CF36: 3 | CG36: 4 | CH36: 4 | CI36: 4 | CJ36: 4 | CK36: 4 | CL36: 4 | CM36: 4 | CN36: 4 | CO36: 4 | CP36: 4 | CQ36: 4 | CR36: 4 | CS36: 4 | CT36: 4 | CU36: 4 | CV36: 4 | CW36: 4 | CX36: 3 | CY36: 4 | CZ36: 4 | DA36: 4 | DB36: 4 | DC36: 1 | DD36: 1 | DE36: 1 | DF36: 1 | DG36: 1 | DH36: 1 | DI36: 1 | DJ36: 4 | DK36: 4 | DL36: 4 | DM36: 4 | DN36: 4 | DO36: 4 | DP36: 4 | DQ36: 3 | DR36: 4 | DS36: 3 | DT36: 3 | DU36: 3 | DV36: 2 | DW36: 4
A37: 9º ano B | B37: 4 | C37: 4 | D37: 4 | E37: 4 | F37: 3 | G37: 4 | H37: 4 | I37: 4 | J37: 4 | K37: 3 | L37: 4 | M37: 3 | N37: 4 | O37: 4 | P37: 4 | Q37: 4 | R37: 4 | S37: 4 | T37: 4 | U37: 4 | V37: 4 | W37: 3 | X37: 3 | Y37: 4 | Z37: 3 | AA37: 2 | AB37: 4 | AC37: 3 | AD37: 3 | AE37: 4 | AF37: 4 | AG37: 4 | AH37: 2 | AI37: 4 | AJ37: 2 | AK37: 3 | AL37: 4 | AM37: 4 | AN37: 2 | AO37: 4 | AP37: 4 | AQ37: 4 | AR37: 4 | AS37: 4 | AT37: 4 | AU37: 2 | AV37: 4 | AW37: 4 | AX37: 4 | AY37: 4 | AZ37: 4 | BA37: 4 | BB37: 3 | BC37: 4 | BD37: 4 | BE37: 4 | BF37: 3 | BG37: 3 | BH37: 4 | BI37: 4 | BJ37: 2 | BK37: 4 | BL37: 4 | BM37: 3 | BN37: 4 | BO37: 4 | BP37: 1 | BQ37: 2 | BR37: 3 | BS37: 4 | BT37: 4 | BU37: 4 | BV37: 4 | BW37: 4 | BX37: 4 | BY37: 4 | BZ37: 4 | CA37: 2 | CB37: 4 | CC37: 3 | CD37: 4 | CE37: 1 | CF37: 3 | CG37: 3 | CH37: 4 | CI37: 4 | CJ37: 4 | CK37: 4 | CL37: 4 | CM37: 4 | CN37: 4 | CO37: 4 | CP37: 4 | CQ37: 4 | CR37: 4 | CS37: 4 | CT37: 4 | CU37: 4 | CV37: 3 | CW37: 4 | CX37: 3 | CY37: 3 | CZ37: 4 | DA37: 4 | DB37: 2 | DC37: 4 | DD37: 2 | DE37: 4 | DF37: 4 | DG37: 4 | DH37: 4 | DI37: 4 | DJ37: 4 | DK37: 4 | DL37: 4 | DM37: 4 | DN37: 4 | DO37: 2 | DP37: 4 | DQ37: 3 | DR37: 4 | DS37: 4 | DT37: 4 | DU37: 2 | DV37: 3 | DW37: 3
A38: 9º ano B | B38: 4 | C38: 4 | D38: 3 | E38: 4 | F38: 4 | G38: 4 | H38: 4 | I38: 4 | J38: 3 | K38: 4 | L38: 4 | M38: 4 | N38: 4 | O38: 4 | P38: 3 | Q38: 4 | R38: 4 | S38: 4 | T38: 3 | U38: 4 | V38: 4 | W38: 3 | X38: 3 | Y38: 2 | Z38: 2 | AA38: 4 | AB38: 3 | AC38: 4 | AD38: 1 | AE38: 1 | AF38: 1 | AG38: 1 | AH38: 1 | AI38: 1 | AJ38: 1 | AK38: 4 | AL38: 4 | AM38: 4 | AN38: 4 | AO38: 4 | AP38: 4 | AQ38: 4 | AY38: 4 | AZ38: 4 | BA38: 2 | BB38: 2 | BC38: 1 | BD38: 3 | BE38: 4 | BF38: 1 | BG38: 1 | BH38: 1 | BI38: 1 | BJ38: 1 | BK38: 1 | BL38: 1 | BM38: 2 | BN38: 3 | BO38: 3 | BP38: 2 | BQ38: 3 | BR38: 2 | BS38: 3 | BT38: 4 | BU38: 4 | BV38: 4 | BW38: 4 | BX38: 4 | BY38: 4 | BZ38: 4 | CA38: 4 | CB38: 4 | CC38: 4 | CD38: 4 | CE38: 4 | CF38: 4 | CG38: 4 | CH38: 4 | CI38: 4 | CJ38: 4 | CK38: 4 | CL38: 4 | CM38: 4 | CN38: 4 | CO38: 4 | CP38: 4 | CQ38: 4 | CR38: 4 | CS38: 4 | CT38: 4 | CU38: 4 | CV38: 2 | CW38: 3 | CX38: 2 | CY38: 3 | CZ38: 2 | DA38: 2 | DB38: 3 | DC38: 4 | DD38: 3 | DE38: 3 | DF38: 3 | DG38: 3 | DH38: 3 | DI38: 3 | DJ38: 4 | DK38: 4 | DL38: 4 | DM38: 4 | DN38: 4 | DO38: 4 | DP38: 4 | DQ38: 4 | DR38: 4 | DS38: 4 | DT38: 4 | DU38: 4 | DV38: 4 | DW38: 4
A39: 9º ano B | B39: 3 | C39: 3 | D39: 3 | E39: 3 | F39: 2 | G39: 4 | H39: 3 | I39: 4 | J39: 4 | K39: 4 | L39: 4 | M39: 4 | N39: 4 | O39: 4 | P39: 4 | Q39: 4 | R39: 4 | S39: 4 | T39: 4 | U39: 4 | V39: 4 | W39: 2 | X39: 3 | Y39: 2 | Z39: 3 | AA39: 1 | AB39: 4 | AC39: 3 | AD39: 3 | AE39: 4 | AF39: 2 | AG39: 3 | AH39: 3 | AI39: 4 | AJ39: 3 | AK39: 2 | AL39: 2 | AM39: 3 | AN39: 3 | AO39: 2 | AP39: 3 | AQ39: 3 | AR39: 4 | AS39: 4 | AT39: 4 | AU39: 4 | AV39: 3 | AW39: 3 | AX39: 4 | AY39: 4 | AZ39: 4 | BA39: 4 | BB39: 4 | BC39: 4 | BD39: 4 | BE39: 4 | BF39: 3 | BG39: 3 | BH39: 2 | BI39: 3 | BJ39: 1 | BK39: 4 | BL39: 1 | BM39: 4 | BN39: 4 | BO39: 4 | BP39: 3 | BQ39: 2 | BR39: 4 | BS39: 3 | BT39: 4 | BU39: 4 | BV39: 4 | BW39: 4 | BX39: 4 | BY39: 4 | BZ39: 4 | CA39: 1 | CB39: 3 | CC39: 1 | CD39: 4 | CE39: 2 | CF39: 4 | CG39: 1 | CH39: 4 | CI39: 4 | CJ39: 4 | CK39: 4 | CL39: 4 | CM39: 4 | CN39: 4 | CO39: 4 | CP39: 4 | CQ39: 4 | CR39: 4 | CS39: 4 | CT39: 4 | CU39: 4 | CV39: 1 | CW39: 2 | CX39: 4 | CY39: 1 | CZ39: 3 | DA39: 3 | DB39: 1 | DC39: 2 | DD39: 2 | DE39: 1 | DF39: 4 | DG39: 2 | DH39: 2 | DI39: 1 | DJ39: 4 | DK39: 4 | DL39: 4 | DM39: 4 | DN39: 4 | DO39: 4 | DP39: 4 | DQ39: 4 | DR39: 3 | DS39: 4 | DT39: 4 | DU39: 4 | DV39: 4 | DW39: 4
A40: 9º ano B | B40: 3 | C40: 4 | D40: 4 | E40: 3 | F40: 3 | G40: 4 | H40: 4 | I40: 4 | J40: 4 | K40: 3 | L40: 4 | M40: 4 | N40: 4 | O40: 4 | P40: 4 | Q40: 4 | R40: 4 | S40: 4 | T40: 4 | U40: 4 | V40: 4 | W40: 2 | X40: 3 | Y40: 4 | Z40: 3 | AA40: 2 | AB40: 4 | AC40: 3 | AD40: 3 | AE40: 4 | AF40: 4 | AG40: 4 | AH40: 4 | AI40: 4 | AJ40: 2 | AK40: 2 | AL40: 4 | AM40: 3 | AN40: 1 | AO40: 4 | AP40: 4 | AQ40: 4 | AR40: 2 | AS40: 3 | AT40: 4 | AU40: 2 | AV40: 4 | AW40: 4 | AX40: 3 | AY40: 4 | AZ40: 4 | BA40: 4 | BB40: 2 | BC40: 4 | BD40: 3 | BE40: 4 | BF40: 2 | BG40: 3 | BH40: 4 | BI40: 4 | BJ40: 2 | BK40: 4 | BL40: 3 | BM40: 1 | BN40: 3 | BO40: 4 | BP40: 1 | BQ40: 3 | BR40: 3 | BS40: 4 | BT40: 4 | BU40: 4 | BV40: 4 | BW40: 3 | BX40: 4 | BY40: 4 | BZ40: 4 | CA40: 4 | CB40: 4 | CC40: 4 | CD40: 4 | CE40: 4 | CF40: 4 | CG40: 4 | CH40: 4 | CI40: 4 | CJ40: 4 | CK40: 4 | CL40: 3 | CM40: 4 | CN40: 4 | CO40: 4 | CP40: 4 | CQ40: 4 | CR40: 4 | CS40: 3 | CT40: 4 | CU40: 3 | CV40: 4 | CW40: 4 | CX40: 4 | CY40: 4 | CZ40: 4 | DA40: 4 | DB40: 4 | DC40: 4 | DD40: 3 | DE40: 4 | DF40: 4 | DG40: 4 | DH40: 3 | DI40: 4 | DJ40: 4 | DK40: 4 | DL40: 4 | DM40: 4 | DN40: 4 | DO40: 4 | DP40: 4 | DQ40: 2 | DR40: 4 | DS40: 4 | DT40: 4 | DU40: 3 | DV40: 4 | DW40: 2
A41: 9º ano B | B41: 4 | C41: 4 | D41: 3 | E41: 4 | F41: 2 | G41: 4 | H41: 4 | I41: 4 | J41: 4 | K41: 4 | L41: 4 | M41: 2 | N41: 4 | O41: 4 | P41: 4 | Q41: 4 | R41: 3 | S41: 4 | T41: 3 | U41: 3 | V41: 4 | W41: 3 | X41: 4 | Y41: 2 | Z41: 3 | AA41: 2 | AB41: 4 | AC41: 4 | AD41: 3 | AE41: 3 | AF41: 2 | AG41: 3 | AH41: 3 | AI41: 2 | AJ41: 3 | AK41: 4 | AL41: 4 | AM41: 4 | AN41: 4 | AO41: 4 | AP41: 4 | AQ41: 4 | AR41: 3 | AS41: 2 | AT41: 2 | AU41: 4 | AV41: 2 | AW41: 4 | AX41: 4 | AY41: 4 | AZ41: 4 | BA41: 4 | BB41: 4 | BC41: 4 | BD41: 4 | BE41: 4 | BF41: 2 | BG41: 3 | BH41: 2 | BI41: 3 | BJ41: 3 | BK41: 4 | BL41: 3 | BM41: 4 | BN41: 4 | BO41: 4 | BP41: 4 | BQ41: 4 | BR41: 4 | BS41: 4 | BT41: 3 | BU41: 2 | BV41: 3 | BW41: 4 | BX41: 3 | BY41: 3 | BZ41: 4 | CA41: 4 | CB41: 4 | CC41: 4 | CD41: 4 | CE41: 2 | CF41: 4 | CG41: 4 | CH41: 4 | CI41: 4 | CJ41: 4 | CK41: 4 | CL41: 2 | CM41: 4 | CN41: 4 | CO41: 4 | CP41: 4 | CQ41: 4 | CR41: 4 | CS41: 4 | CT41: 4 | CU41: 4 | CV41: 3 | CW41: 4 | CX41: 2 | CY41: 4 | CZ41: 4 | DA41: 4 | DB41: 4 | DC41: 2 | DD41: 3 | DE41: 2 | DF41: 3 | DG41: 3 | DH41: 2 | DI41: 2 | DJ41: 4 | DK41: 4 | DL41: 4 | DM41: 4 | DN41: 4 | DO41: 4 | DP41: 4 | DQ41: 2 | DR41: 3 | DS41: 3 | DT41: 4 | DU41: 2 | DV41: 3 | DW41: 2
A42: 9º ano B | B42: 4 | C42: 4 | D42: 4 | E42: 4 | F42: 3 | G42: 4 | H42: 4 | I42: 4 | J42: 4 | K42: 4 | L42: 4 | M42: 3 | N42: 4 | O42: 4 | P42: 4 | Q42: 4 | R42: 4 | S42: 4 | T42: 4 | U42: 4 | V42: 4 | W42: 4 | X42: 4 | Y42: 4 | Z42: 4 | AA42: 2 | AB42: 4 | AC42: 4 | AD42: 4 | AE42: 4 | AF42: 4 | AG42: 4 | AH42: 2 | AI42: 4 | AJ42: 4 | AK42: 3 | AL42: 2 | AM42: 4 | AN42: 4 | AO42: 2 | AP42: 4 | AQ42: 4 | AR42: 3 | AS42: 2 | AT42: 4 | AU42: 4 | AV42: 2 | AW42: 4 | AX42: 4 | AY42: 4 | AZ42: 4 | BA42: 4 | BB42: 4 | BC42: 2 | BD42: 4 | BE42: 4 | BF42: 2 | BG42: 3 | BH42: 3 | BI42: 4 | BJ42: 2 | BK42: 4 | BL42: 4 | BM42: 4 | BN42: 4 | BO42: 4 | BP42: 4 | BQ42: 3 | BR42: 4 | BS42: 4 | BT42: 4 | BU42: 4 | BV42: 4 | BW42: 4 | BX42: 3 | BY42: 4 | BZ42: 4 | CA42: 2 | CB42: 4 | CC42: 4 | CD42: 4 | CE42: 2 | CF42: 4 | CG42: 4 | CH42: 4 | CI42: 4 | CJ42: 4 | CK42: 4 | CL42: 2 | CM42: 4 | CN42: 4 | CO42: 4 | CP42: 4 | CQ42: 4 | CR42: 4 | CS42: 4 | CT42: 4 | CU42: 4 | CV42: 1 | CW42: 4 | CX42: 4 | CY42: 4 | CZ42: 3 | DA42: 4 | DB42: 4 | DC42: 4 | DD42: 4 | DE42: 4 | DF42: 4 | DG42: 4 | DH42: 4 | DI42: 4 | DJ42: 4 | DK42: 4 | DL42: 3 | DM42: 3 | DN42: 4 | DO42: 3 | DP42: 4 | DQ42: 4 | DR42: 4 | DS42: 4 | DT42: 4 | DU42: 4 | DV42: 4 | DW42: 4
A43: 9º ano B | B43: 4 | C43: 4 | D43: 4 | E43: 4 | F43: 3 | G43: 4 | H43: 4 | I43: 4 | J43: 4 | K43: 3 | L43: 4 | M43: 4 | N43: 4 | O43: 4 | P43: 3 | Q43: 3 | R43: 3 | S43: 3 | T43: 3 | U43: 3 | V43: 3 | W43: 4 | X43: 4 | Y43: 4 | Z43: 4 | AA43: 4 | AB43: 4 | AC43: 4 | AD43: 3 | AE43: 4 | AF43: 3 | AG43: 4 | AH43: 3 | AI43: 4 | AJ43: 3 | AK43: 2 | AL43: 1 | AM43: 1 | AN43: 1 | AO43: 1 | AP43: 1 | AQ43: 1 | AR43: 4 | AS43: 3 | AT43: 3 | AU43: 3 | AV43: 4 | AW43: 3 | AX43: 4 | AY43: 4 | AZ43: 4 | BA43: 4 | BB43: 4 | BC43: 4 | BD43: 4 | BE43: 4 | BF43: 4 | BH43: 4 | BI43: 4 | BJ43: 4 | BK43: 4 | BL43: 4 | BM43: 3 | BN43: 4 | BO43: 4 | BP43: 4 | BQ43: 4 | BR43: 3 | BS43: 3 | BT43: 4 | BU43: 3 | BV43: 4 | BW43: 3 | BX43: 3 | BY43: 3 | BZ43: 3 | CA43: 4 | CB43: 4 | CC43: 4 | CD43: 4 | CE43: 4 | CF43: 4 | CG43: 4 | CH43: 4 | CI43: 4 | CJ43: 4 | CK43: 4 | CL43: 4 | CM43: 4 | CN43: 4 | CO43: 3 | CP43: 3 | CQ43: 4 | CR43: 4 | CS43: 4 | CT43: 4 | CU43: 4 | CV43: 2 | CW43: 4 | CX43: 4 | CY43: 3 | CZ43: 3 | DA43: 3 | DB43: 2 | DC43: 1 | DD43: 1 | DE43: 1 | DF43: 1 | DG43: 1 | DH43: 1 | DI43: 1 | DJ43: 3 | DK43: 3 | DL43: 3 | DM43: 3 | DN43: 3 | DO43: 3 | DP43: 3 | DQ43: 2 | DR43: 2 | DS43: 2 | DT43: 2 | DU43: 2 | DV43: 2 | DW43: 2
A44: 9º ano B | B44: 4 | C44: 4 | D44: 4 | E44: 4 | F44: 4 | G44: 4 | H44: 4 | I44: 4 | J44: 4 | K44: 4 | L44: 4 | M44: 3 | N44: 4 | O44: 4 | P44: 4 | Q44: 4 | R44: 4 | S44: 4 | T44: 4 | U44: 4 | V44: 4 | W44: 4 | X44: 4 | Y44: 4 | Z44: 4 | AA44: 4 | AB44: 4 | AC44: 4 | AD44: 4 | AE44: 4 | AF44: 4 | AG44: 4 | AH44: 3 | AI44: 4 | AJ44: 3 | AK44: 4 | AL44: 4 | AM44: 4 | AN44: 4 | AO44: 4 | AP44: 4 | AQ44: 2 | AR44: 4 | AS44: 4 | AT44: 4 | AU44: 4 | AV44: 4 | AW44: 4 | AX44: 4 | AY44: 3 | AZ44: 3 | BA44: 4 | BB44: 3 | BC44: 4 | BD44: 4 | BE44: 2 | BF44: 4 | BG44: 4 | BH44: 3 | BI44: 4 | BJ44: 2 | BK44: 4 | BL44: 2 | BM44: 2 | BN44: 3 | BO44: 1 | BP44: 2 | BQ44: 2 | BR44: 3 | BS44: 3 | BT44: 4 | BU44: 3 | BV44: 4 | BW44: 4 | BX44: 4 | BY44: 4 | BZ44: 3 | CA44: 2 | CB44: 2 | CC44: 3 | CD44: 3 | CE44: 1 | CF44: 2 | CG44: 1 | CH44: 4 | CI44: 4 | CJ44: 4 | CK44: 4 | CL44: 4 | CM44: 4 | CN44: 4 | CO44: 4 | CP44: 4 | CQ44: 4 | CR44: 4 | CS44: 4 | CT44: 4 | CU44: 4 | CV44: 2 | CW44: 4 | CX44: 4 | CY44: 3 | CZ44: 4 | DA44: 3 | DB44: 3 | DC44: 4 | DD44: 4 | DE44: 4 | DF44: 4 | DG44: 4 | DH44: 3 | DI44: 4 | DJ44: 4 | DK44: 4 | DL44: 4 | DM44: 4 | DN44: 4 | DO44: 4 | DP44: 4 | DQ44: 4 | DR44: 4 | DS44: 4 | DT44: 4 | DU44: 4 | DV44: 4 | DW44: 4
A45: 9º ano B | B45: 4 | C45: 4 | D45: 4 | E45: 4 | F45: 4 | G45: 4 | H45: 4 | I45: 4 | J45: 4 | K45: 4 | L45: 3 | M45: 3 | N45: 3 | O45: 2 | P45: 4 | Q45: 4 | R45: 4 | S45: 2 | T45: 3 | U45: 4 | V45: 3 | W45: 4 | X45: 4 | Y45: 4 | Z45: 4 | AA45: 4 | AB45: 4 | AC45: 4 | AD45: 2 | AE45: 1 | AF45: 2 | AG45: 2 | AH45: 1 | AI45: 1 | AJ45: 2 | AK45: 2 | AL45: 2 | AM45: 2 | AN45: 2 | AO45: 2 | AP45: 2 | AQ45: 2 | AR45: 3 | AS45: 2 | AT45: 4 | AU45: 3 | AV45: 3 | AW45: 3 | AX45: 3 | AY45: 4 | AZ45: 4 | BA45: 4 | BB45: 2 | BC45: 4 | BD45: 4 | BE45: 4 | BF45: 2 | BG45: 2 | BH45: 2 | BI45: 2 | BJ45: 2 | BK45: 4 | BL45: 3 | BM45: 4 | BN45: 4 | BO45: 4 | BP45: 2 | BQ45: 4 | BR45: 4 | BS45: 2 | BT45: 4 | BU45: 4 | BV45: 4 | BW45: 4 | BX45: 4 | BY45: 4 | BZ45: 4 | CA45: 2 | CB45: 2 | CC45: 2 | CD45: 2 | CE45: 2 | CF45: 2 | CG45: 2 | CH45: 4 | CI45: 4 | CJ45: 4 | CK45: 4 | CL45: 4 | CM45: 4 | CN45: 4 | CO45: 4 | CP45: 4 | CQ45: 4 | CR45: 4 | CS45: 4 | CT45: 4 | CU45: 4 | CV45: 4 | CW45: 4 | CX45: 4 | CY45: 4 | CZ45: 4 | DA45: 4 | DB45: 4 | DC45: 3 | DD45: 4 | DE45: 3 | DF45: 2 | DG45: 2 | DH45: 1 | DI45: 3 | DJ45: 2 | DK45: 2 | DL45: 3 | DM45: 2 | DN45: 3 | DO45: 1 | DP45: 4 | DQ45: 1 | DR45: 2 | DS45: 2 | DT45: 3 | DU45: 2 | DV45: 2 | DW45: 2
A46: 9º ano B | B46: 4 | C46: 4 | D46: 4 | E46: 4 | F46: 4 | G46: 4 | H46: 4 | I46: 4 | J46: 4 | K46: 4 | L46: 4 | M46: 4 | N46: 4 | O46: 4 | P46: 4 | Q46: 4 | R46: 4 | S46: 4 | T46: 4 | U46: 4 | V46: 4 | W46: 1 | X46: 1 | Y46: 1 | Z46: 1 | AA46: 1 | AB46: 1 | AC46: 1 | AD46: 1 | AE46: 1 | AF46: 1 | AG46: 1 | AH46: 1 | AI46: 1 | AJ46: 1 | AK46: 2 | AL46: 2 | AM46: 2 | AN46: 2 | AO46: 2 | AP46: 2 | AQ46: 2 | AR46: 2 | AS46: 2 | AT46: 2 | AU46: 2 | AV46: 2 | AW46: 2 | AX46: 2 | AY46: 4 | AZ46: 4 | BA46: 4 | BB46: 4 | BC46: 4 | BD46: 4 | BE46: 4 | BF46: 2 | BG46: 2 | BH46: 2 | BI46: 2 | BJ46: 2 | BK46: 2 | BL46: 2 | BM46: 3 | BN46: 3 | BO46: 3 | BP46: 3 | BQ46: 3 | BR46: 3 | BS46: 3 | BT46: 2 | BU46: 2 | BV46: 2 | BW46: 2 | BX46: 2 | BY46: 2 | BZ46: 2 | CA46: 1 | CB46: 1 | CC46: 1 | CD46: 1 | CE46: 1 | CF46: 1 | CG46: 1 | CH46: 4 | CI46: 4 | CJ46: 4 | CK46: 4 | CL46: 4 | CM46: 4 | CN46: 4 | CO46: 4 | CP46: 4 | CQ46: 4 | CR46: 4 | CS46: 4 | CT46: 4 | CU46: 4 | CV46: 1 | CW46: 2 | CX46: 1 | CY46: 2 | CZ46: 1 | DA46: 1 | DB46: 2 | DC46: 1 | DD46: 1 | DE46: 1 | DF46: 1 | DG46: 1 | DH46: 1 | DI46: 1 | DJ46: 4 | DK46: 4 | DL46: 4 | DM46: 4 | DN46: 4 | DO46: 4 | DP46: 4 | DQ46: 1 | DR46: 1 | DS46: 1 | DT46: 1 | DU46: 1 | DV46: 1 | DW46: 1
A47: 9º ano B | B47: 3 | C47: 1 | D47: 4 | E47: 4 | F47: 4 | G47: 2 | H47: 3 | I47: 2 | J47: 3 | K47: 2 | L47: 4 | M47: 3 | N47: 4 | O47: 3 | P47: 4 | Q47: 4 | R47: 4 | S47: 4 | T47: 4 | U47: 4 | V47: 4 | W47: 1 | X47: 1 | Y47: 1 | Z47: 1 | AA47: 1 | AB47: 1 | AC47: 1 | AD47: 1 | AE47: 1 | AF47: 1 | AG47: 1 | AH47: 1 | AI47: 1 | AJ47: 1 | AK47: 3 | AL47: 3 | AM47: 3 | AN47: 3 | AO47: 3 | AP47: 3 | AQ47: 3 | AR47: 1 | AS47: 1 | AT47: 1 | AU47: 1 | AV47: 1 | AW47: 1 | AX47: 1 | AY47: 3 | AZ47: 4 | BA47: 3 | BB47: 4 | BC47: 4 | BD47: 4 | BE47: 4 | BF47: 1 | BG47: 1 | BH47: 1 | BI47: 1 | BJ47: 1 | BK47: 1 | BL47: 1 | BM47: 2 | BN47: 3 | BO47: 2 | BP47: 4 | BQ47: 3 | BR47: 4 | BS47: 2 | BT47: 3 | BU47: 2 | BV47: 1 | BW47: 3 | BX47: 3 | BY47: 2 | BZ47: 1 | CA47: 4 | CB47: 1 | CC47: 2 | CD47: 4 | CE47: 4 | CF47: 4 | CG47: 3 | CH47: 4 | CI47: 4 | CJ47: 4 | CK47: 4 | CL47: 4 | CM47: 4 | CN47: 4 | CO47: 3 | CP47: 4 | CQ47: 2 | CR47: 1 | CS47: 3 | CT47: 3 | CU47: 2 | CV47: 3 | CW47: 2 | CX47: 1 | CY47: 4 | CZ47: 2 | DA47: 1 | DB47: 1 | DC47: 1 | DD47: 1 | DE47: 1 | DF47: 1 | DG47: 1 | DH47: 1 | DI47: 1 | DJ47: 4 | DK47: 4 | DL47: 4 | DM47: 4 | DN47: 4 | DO47: 4 | DP47: 4 | DQ47: 3 | DR47: 2 | DS47: 3 | DT47: 3 | DU47: 3 | DV47: 3 | DW47: 3
A48: 9º ano B | B48: 4 | C48: 4 | D48: 3 | E48: 4 | F48: 3 | G48: 2 | H48: 4 | I48: 4 | J48: 4 | K48: 4 | L48: 4 | M48: 4 | N48: 2 | O48: 4 | P48: 4 | Q48: 4 | R48: 4 | S48: 4 | T48: 4 | U48: 4 | V48: 4 | W48: 4 | X48: 3 | Y48: 4 | Z48: 4 | AA48: 4 | AB48: 4 | AC48: 4 | AD48: 1 | AE48: 2 | AF48: 2 | AG48: 2 | AH48: 2 | AI48: 4 | AJ48: 2 | AK48: 4 | AL48: 4 | AM48: 4 | AN48: 4 | AO48: 4 | AP48: 4 | AQ48: 4 | AR48: 4 | AS48: 4 | AT48: 4 | AU48: 4 | AV48: 4 | AW48: 3 | AX48: 4 | AY48: 4 | AZ48: 3 | BA48: 4 | BB48: 3 | BC48: 2 | BD48: 2 | BE48: 3 | BF48: 2 | BG48: 2 | BH48: 3 | BI48: 2 | BJ48: 3 | BK48: 4 | BL48: 2 | BM48: 4 | BN48: 4 | BO48: 4 | BP48: 4 | BQ48: 4 | BR48: 4 | BS48: 4 | BT48: 4 | BU48: 4 | BV48: 4 | BW48: 4 | BX48: 4 | BY48: 4 | BZ48: 4 | CA48: 4 | CB48: 4 | CC48: 4 | CD48: 4 | CE48: 4 | CF48: 4 | CG48: 4 | CH48: 4 | CI48: 4 | CJ48: 4 | CK48: 4 | CL48: 4 | CM48: 4 | CN48: 4 | CO48: 4 | CP48: 4 | CQ48: 4 | CR48: 4 | CS48: 4 | CT48: 4 | CU48: 4 | CV48: 1 | CW48: 1 | CX48: 1 | CY48: 1 | CZ48: 1 | DA48: 1 | DB48: 1 | DC48: 4 | DD48: 4 | DE48: 4 | DF48: 3 | DG48: 4 | DH48: 3 | DI48: 4 | DJ48: 3 | DK48: 3 | DL48: 3 | DM48: 4 | DN48: 3 | DO48: 4 | DP48: 4 | DQ48: 2 | DR48: 2 | DS48: 3 | DT48: 4 | DU48: 2 | DV48: 2 | DW48: 3
A49: 9º ano B | B49: 4 | C49: 4 | D49: 4 | E49: 4 | F49: 4 | G49: 4 | H49: 4 | I49: 3 | J49: 3 | K49: 3 | L49: 3 | M49: 3 | N49: 3 | O49: 3 | P49: 3 | Q49: 3 | R49: 3 | S49: 3 | T49: 3 | U49: 3 | V49: 3 | W49: 2 | X49: 2 | Y49: 3 | Z49: 2 | AA49: 2 | AB49: 4 | AC49: 2 | AD49: 4 | AE49: 3 | AF49: 3 | AG49: 4 | AH49: 3 | AI49: 4 | AJ49: 4 | AK49: 4 | AL49: 4 | AM49: 4 | AN49: 4 | AO49: 3 | AP49: 4 | AQ49: 4 | AR49: 3 | AS49: 4 | AT49: 4 | AU49: 4 | AV49: 3 | AW49: 3 | AX49: 4 | AY49: 2 | AZ49: 1 | BA49: 2 | BB49: 2 | BC49: 3 | BD49: 2 | BE49: 2 | BF49: 2 | BG49: 3 | BH49: 3 | BI49: 4 | BJ49: 3 | BK49: 4 | BL49: 2 | BM49: 3 | BN49: 4 | BO49: 3 | BP49: 3 | BQ49: 3 | BR49: 4 | BS49: 3 | BT49: 4 | BU49: 4 | BV49: 4 | BW49: 4 | BX49: 4 | BY49: 4 | BZ49: 4 | CA49: 4 | CB49: 4 | CC49: 4 | CD49: 4 | CE49: 4 | CF49: 4 | CG49: 4 | CH49: 4 | CI49: 4 | CJ49: 4 | CK49: 4 | CL49: 4 | CM49: 4 | CN49: 4 | CO49: 4 | CP49: 4 | CQ49: 4 | CR49: 4 | CS49: 4 | CT49: 4 | CU49: 4 | CV49: 3 | CW49: 2 | CX49: 3 | CY49: 3 | CZ49: 3 | DA49: 1 | DB49: 1 | DC49: 1 | DD49: 1 | DE49: 1 | DF49: 1 | DG49: 1 | DH49: 1 | DI49: 1 | DJ49: 4 | DK49: 4 | DL49: 4 | DM49: 4 | DN49: 4 | DO49: 4 | DP49: 4 | DQ49: 1 | DR49: 3 | DS49: 2 | DT49: 4 | DU49: 1 | DV49: 2 | DW49: 4
A50: 9º ano B | B50: 4 | C50: 4 | D50: 4 | E50: 4 | F50: 4 | G50: 4 | H50: 4 | I50: 4 | J50: 4 | K50: 3 | L50: 3 | M50: 3 | N50: 3 | O50: 2 | P50: 4 | Q50: 4 | R50: 4 | S50: 4 | T50: 4 | U50: 4 | V50: 4 | W50: 3 | X50: 4 | Y50: 3 | Z50: 2 | AA50: 3 | AB50: 4 | AC50: 3 | AD50: 2 | AE50: 2 | AF50: 2 | AG50: 2 | AH50: 2 | AI50: 2 | AJ50: 2 | AK50: 2 | AL50: 3 | AM50: 2 | AN50: 2 | AO50: 2 | AP50: 4 | AQ50: 2 | AR50: 4 | AS50: 4 | AT50: 4 | AU50: 4 | AV50: 4 | AW50: 4 | AX50: 4 | AY50: 4 | AZ50: 4 | BA50: 4 | BB50: 4 | BC50: 4 | BD50: 4 | BE50: 4 | BF50: 2 | BG50: 3 | BH50: 2 | BI50: 1 | BJ50: 2 | BK50: 3 | BL50: 1 | BM50: 2 | BN50: 3 | BO50: 2 | BP50: 1 | BQ50: 2 | BR50: 3 | BS50: 2 | BT50: 2 | BU50: 2 | BV50: 1 | BW50: 3 | BX50: 2 | BY50: 1 | BZ50: 1 | CA50: 3 | CB50: 2 | CC50: 3 | CD50: 3 | CE50: 2 | CF50: 3 | CH50: 4 | CI50: 4 | CJ50: 4 | CK50: 4 | CL50: 4 | CM50: 4 | CN50: 4 | CO50: 4 | CP50: 4 | CQ50: 4 | CR50: 4 | CS50: 4 | CT50: 4 | CU50: 4 | CV50: 2 | CW50: 2 | CX50: 1 | CY50: 2 | CZ50: 1 | DA50: 1 | DB50: 4 | DC50: 1 | DD50: 1 | DE50: 1 | DF50: 1 | DG50: 1 | DH50: 1 | DI50: 1 | DJ50: 4 | DK50: 4 | DL50: 4 | DM50: 4 | DN50: 4 | DO50: 4 | DP50: 4 | DQ50: 1 | DR50: 1 | DS50: 1 | DT50: 1 | DU50: 1 | DV50: 1 | DW50: 1
A51: 9º ano B | B51: 4 | C51: 4 | D51: 4 | E51: 4 | F51: 3 | G51: 4 | H51: 4 | I51: 4 | J51: 3 | K51: 4 | L51: 4 | M51: 3 | N51: 3 | O51: 4 | P51: 4 | Q51: 4 | R51: 4 | S51: 4 | T51: 4 | U51: 4 | V51: 4 | W51: 1 | X51: 1 | Y51: 1 | Z51: 1 | AA51: 1 | AB51: 1 | AC51: 1 | AD51: 3 | AE51: 3 | AF51: 4 | AG51: 4 | AH51: 2 | AI51: 4 | AJ51: 3 | AK51: 3 | AL51: 3 | AM51: 3 | AN51: 3 | AO51: 3 | AP51: 3 | AQ51: 3 | AR51: 4 | AS51: 4 | AT51: 4 | AU51: 4 | AV51: 4 | AW51: 4 | AX51: 4 | AY51: 4 | AZ51: 4 | BA51: 4 | BB51: 4 | BC51: 3 | BD51: 4 | BE51: 4 | BF51: 1 | BG51: 1 | BH51: 1 | BI51: 1 | BJ51: 1 | BK51: 1 | BL51: 1 | BM51: 4 | BN51: 4 | BO51: 4 | BP51: 4 | BQ51: 4 | BR51: 4 | BS51: 4 | BT51: 4 | BU51: 4 | BV51: 4 | BW51: 4 | BX51: 4 | BY51: 4 | BZ51: 4 | CA51: 4 | CB51: 4 | CC51: 4 | CD51: 4 | CE51: 4 | CF51: 4 | CG51: 4 | CH51: 4 | CI51: 4 | CJ51: 4 | CK51: 4 | CL51: 4 | CM51: 4 | CN51: 4 | CO51: 4 | CP51: 4 | CQ51: 4 | CR51: 4 | CS51: 4 | CT51: 4 | CU51: 4 | CV51: 1 | CW51: 1 | CX51: 1 | CY51: 1 | CZ51: 1 | DA51: 1 | DB51: 1 | DC51: 4 | DD51: 4 | DE51: 4 | DF51: 2 | DG51: 4 | DH51: 2 | DI51: 3 | DJ51: 3 | DK51: 3 | DL51: 4 | DM51: 4 | DN51: 3 | DO51: 2 | DP51: 4 | DQ51: 4 | DR51: 4 | DS51: 3 | DT51: 4 | DU51: 2 | DV51: 4 | DW51: 4
A52: 9º ano B | B52: 4 | C52: 4 | D52: 4 | E52: 4 | F52: 4 | G52: 4 | H52: 4 | I52: 4 | J52: 4 | K52: 4 | L52: 4 | M52: 4 | N52: 4 | O52: 4 | P52: 4 | Q52: 4 | R52: 4 | S52: 4 | T52: 4 | U52: 4 | V52: 4 | W52: 4 | X52: 4 | Y52: 4 | Z52: 3 | AA52: 4 | AB52: 4 | AC52: 3 | AD52: 2 | AE52: 2 | AF52: 3 | AG52: 4 | AH52: 2 | AI52: 4 | AJ52: 3 | AK52: 4 | AL52: 4 | AM52: 4 | AN52: 4 | AO52: 4 | AP52: 4 | AQ52: 4 | AR52: 3 | AS52: 4 | AT52: 3 | AU52: 4 | AV52: 3 | AW52: 4 | AX52: 4 | AY52: 3 | AZ52: 4 | BA52: 4 | BB52: 4 | BC52: 3 | BD52: 4 | BE52: 4 | BF52: 3 | BG52: 3 | BH52: 3 | BI52: 4 | BJ52: 2 | BK52: 4 | BL52: 3 | BM52: 4 | BN52: 4 | BO52: 4 | BP52: 4 | BQ52: 3 | BR52: 4 | BS52: 4 | BT52: 4 | BU52: 4 | BV52: 3 | BW52: 4 | BX52: 3 | BY52: 4 | BZ52: 4 | CA52: 4 | CB52: 4 | CC52: 3 | CD52: 4 | CE52: 3 | CF52: 3 | CG52: 4 | CH52: 4 | CI52: 4 | CJ52: 4 | CK52: 4 | CL52: 4 | CM52: 4 | CN52: 4 | CO52: 4 | CP52: 4 | CQ52: 4 | CR52: 4 | CS52: 4 | CT52: 4 | CU52: 4 | CV52: 1 | CW52: 3 | CX52: 4 | CY52: 4 | CZ52: 2 | DA52: 3 | DB52: 2 | DC52: 3 | DD52: 3 | DE52: 3 | DF52: 2 | DG52: 3 | DH52: 2 | DI52: 3 | DJ52: 4 | DK52: 3 | DL52: 4 | DM52: 4 | DN52: 4 | DO52: 4 | DP52: 4 | DQ52: 1 | DR52: 2 | DS52: 2 | DT52: 3 | DU52: 1 | DV52: 2 | DW52: 3
A53: 9º ano B | B53: 4 | C53: 4 | D53: 4 | E53: 4 | F53: 4 | G53: 4 | H53: 4 | I53: 4 | J53: 4 | K53: 4 | L53: 4 | M53: 4 | N53: 4 | O53: 4 | P53: 4 | Q53: 4 | R53: 4 | S53: 4 | T53: 4 | U53: 4 | V53: 4 | W53: 4 | X53: 4 | Y53: 4 | Z53: 4 | AA53: 4 | AB53: 4 | AC53: 4 | AD53: 4 | AE53: 4 | AF53: 4 | AG53: 4 | AH53: 2 | AI53: 3 | AJ53: 4 | AK53: 4 | AL53: 4 | AM53: 4 | AN53: 4 | AO53: 4 | AP53: 4 | AQ53: 4 | AR53: 4 | AS53: 4 | AT53: 4 | AU53: 4 | AV53: 4 | AW53: 4 | AX53: 4 | AY53: 4 | AZ53: 4 | BA53: 4 | BB53: 4 | BC53: 3 | BD53: 4 | BE53: 4 | BF53: 3 | BG53: 3 | BH53: 3 | BI53: 3 | BJ53: 3 | BK53: 3 | BL53: 3 | BM53: 4 | BN53: 4 | BO53: 4 | BP53: 4 | BQ53: 2 | BR53: 4 | BS53: 4 | BT53: 4 | BU53: 4 | BV53: 4 | BW53: 4 | BX53: 4 | BY53: 4 | BZ53: 4 | CA53: 4 | CB53: 4 | CC53: 4 | CD53: 4 | CE53: 3 | CF53: 4 | CG53: 4 | CH53: 4 | CI53: 4 | CJ53: 4 | CK53: 4 | CL53: 4 | CM53: 4 | CN53: 4 | CO53: 4 | CP53: 4 | CQ53: 4 | CR53: 4 | CS53: 4 | CT53: 4 | CU53: 4 | CV53: 4 | CW53: 4 | CX53: 4 | CY53: 4 | CZ53: 4 | DA53: 4 | DB53: 4 | DC53: 1 | DD53: 1 | DE53: 1 | DF53: 1 | DG53: 1 | DH53: 1 | DI53: 1 | DJ53: 4 | DK53: 4 | DL53: 4 | DM53: 4 | DN53: 4 | DO53: 4 | DP53: 4 | DQ53: 4 | DR53: 4 | DS53: 4 | DT53: 4 | DU53: 4 | DV53: 4 | DW53: 4
A54: 9º ano B | B54: 4 | C54: 4 | D54: 4 | E54: 4 | F54: 4 | G54: 4 | H54: 4 | I54: 4 | J54: 4 | K54: 4 | L54: 4 | M54: 4 | N54: 4 | O54: 4 | P54: 4 | Q54: 4 | R54: 4 | S54: 4 | T54: 4 | U54: 4 | V54: 4 | W54: 4 | X54: 4 | Y54: 3 | Z54: 3 | AA54: 2 | AB54: 4 | AC54: 2 | AD54: 3 | AE54: 2 | AF54: 2 | AG54: 3 | AH54: 2 | AI54: 4 | AJ54: 2 | AK54: 4 | AL54: 3 | AM54: 4 | AN54: 4 | AO54: 3 | AP54: 4 | AQ54: 4 | AR54: 4 | AS54: 4 | AT54: 4 | AU54: 4 | AV54: 4 | AW54: 4 | AX54: 4 | AY54: 4 | AZ54: 4 | BA54: 4 | BB54: 4 | BC54: 2 | BD54: 4 | BE54: 4 | BF54: 4 | BG54: 4 | BH54: 3 | BI54: 4 | BJ54: 1 | BK54: 4 | BL54: 2 | BM54: 3 | BN54: 2 | BO54: 1 | BP54: 3 | BQ54: 1 | BR54: 4 | BS54: 2 | BT54: 4 | BU54: 4 | BV54: 4 | BW54: 4 | BX54: 4 | BY54: 4 | BZ54: 4 | CA54: 4 | CB54: 4 | CC54: 3 | CD54: 4 | CE54: 3 | CF54: 4 | CG54: 4 | CH54: 4 | CI54: 4 | CJ54: 4 | CK54: 4 | CL54: 4 | CM54: 4 | CN54: 4 | CO54: 4 | CP54: 4 | CQ54: 4 | CR54: 4 | CS54: 4 | CT54: 4 | CU54: 4 | CV54: 1 | CW54: 4 | CX54: 3 | CY54: 2 | CZ54: 1 | DA54: 2 | DB54: 1 | DC54: 4 | DD54: 4 | DE54: 3 | DF54: 4 | DG54: 2 | DH54: 4 | DI54: 2 | DJ54: 4 | DK54: 4 | DL54: 4 | DM54: 4 | DN54: 4 | DO54: 4 | DP54: 4 | DQ54: 4 | DR54: 4 | DS54: 4 | DT54: 4 | DU54: 4 | DV54: 4 | DW54: 4
A55: 9º ano B | B55: 4 | C55: 4 | D55: 4 | E55: 4 | F55: 4 | G55: 4 | H55: 4 | I55: 4 | J55: 4 | K55: 4 | L55: 4 | M55: 4 | N55: 4 | O55: 3 | P55: 4 | Q55: 4 | R55: 4 | S55: 4 | T55: 4 | U55: 4 | V55: 4 | W55: 4 | X55: 4 | Y55: 4 | Z55: 4 | AA55: 4 | AB55: 4 | AC55: 3 | AD55: 4 | AE55: 4 | AF55: 3 | AG55: 4 | AH55: 3 | AI55: 4 | AJ55: 3 | AK55: 4 | AL55: 4 | AM55: 3 | AN55: 4 | AO55: 4 | AP55: 4 | AQ55: 4 | AR55: 4 | AS55: 4 | AT55: 4 | AU55: 4 | AV55: 4 | AW55: 4 | AX55: 4 | AY55: 4 | AZ55: 4 | BA55: 4 | BB55: 4 | BC55: 4 | BD55: 4 | BE55: 4 | BF55: 4 | BG55: 4 | BH55: 4 | BI55: 4 | BJ55: 4 | BK55: 4 | BL55: 4 | BM55: 3 | BN55: 4 | BO55: 4 | BP55: 3 | BQ55: 4 | BR55: 4 | BS55: 4 | BT55: 4 | BU55: 4 | BV55: 4 | BW55: 4 | BX55: 4 | BY55: 4 | BZ55: 4 | CA55: 3 | CB55: 4 | CC55: 4 | CD55: 4 | CE55: 3 | CF55: 4 | CG55: 4 | CH55: 4 | CI55: 4 | CJ55: 4 | CK55: 4 | CL55: 4 | CM55: 4 | CN55: 4 | CO55: 4 | CP55: 4 | CQ55: 4 | CR55: 4 | CS55: 4 | CT55: 4 | CU55: 4 | CV55: 4 | CW55: 4 | CX55: 3 | CY55: 4 | CZ55: 4 | DA55: 4 | DB55: 4 | DC55: 4 | DD55: 4 | DE55: 4 | DF55: 4 | DG55: 3 | DH55: 4 | DI55: 4 | DJ55: 4 | DK55: 4 | DL55: 4 | DM55: 4 | DN55: 4 | DO55: 4 | DP55: 4 | DQ55: 4 | DR55: 4 | DS55: 4 | DT55: 4 | DU55: 4 | DV55: 4 | DW55: 4
A56: 9º ano B | B56: 3 | C56: 4 | D56: 4 | E56: 4 | F56: 3 | G56: 2 | H56: 4 | I56: 4 | J56: 4 | K56: 4 | L56: 4 | M56: 4 | N56: 4 | O56: 4 | P56: 4 | Q56: 4 | R56: 4 | S56: 4 | T56: 4 | U56: 4 | V56: 4 | W56: 3 | X56: 4 | Y56: 3 | Z56: 4 | AA56: 3 | AB56: 4 | AC56: 4 | AD56: 2 | AE56: 2 | AF56: 2 | AG56: 1 | AH56: 2 | AI56: 4 | AJ56: 1 | AK56: 3 | AL56: 2 | AM56: 3 | AN56: 4 | AO56: 4 | AP56: 4 | AQ56: 3 | AR56: 4 | AS56: 4 | AT56: 4 | AU56: 4 | AV56: 3 | AW56: 3 | AX56: 4 | AY56: 4 | AZ56: 4 | BA56: 3 | BB56: 3 | BC56: 4 | BD56: 4 | BE56: 4 | BF56: 4 | BG56: 4 | BH56: 4 | BI56: 4 | BJ56: 3 | BK56: 4 | BL56: 4 | BM56: 2 | BN56: 2 | BO56: 2 | BP56: 3 | BQ56: 2 | BR56: 3 | BS56: 1 | BT56: 4 | BU56: 4 | BV56: 3 | BW56: 4 | BX56: 3 | BY56: 4 | BZ56: 4 | CA56: 3 | CB56: 4 | CC56: 4 | CD56: 4 | CE56: 3 | CF56: 4 | CG56: 3 | CH56: 4 | CI56: 4 | CJ56: 4 | CK56: 4 | CL56: 3 | CM56: 4 | CN56: 4 | CO56: 4 | CP56: 4 | CQ56: 4 | CR56: 4 | CS56: 4 | CT56: 4 | CU56: 4 | CV56: 2 | CW56: 3 | CX56: 4 | CY56: 3 | CZ56: 4 | DA56: 4 | DB56: 4 | DC56: 4 | DD56: 4 | DE56: 3 | DF56: 4 | DG56: 3 | DH56: 3 | DI56: 3 | DJ56: 4 | DK56: 4 | DL56: 4 | DM56: 4 | DN56: 3 | DO56: 3 | DP56: 4 | DQ56: 4 | DR56: 4 | DS56: 4 | DT56: 4 | DU56: 3 | DV56: 4 | DW56: 4
A57: 9º ano B | B57: 3 | C57: 2 | D57: 3 | E57: 2 | F57: 2 | G57: 3 | H57: 2 | I57: 4 | J57: 4 | K57: 4 | L57: 4 | M57: 4 | N57: 4 | O57: 4 | P57: 4 | Q57: 4 | R57: 4 | S57: 4 | T57: 4 | U57: 4 | V57: 4 | W57: 4 | X57: 4 | Y57: 4 | Z57: 4 | AA57: 4 | AB57: 4 | AC57: 4 | AD57: 4 | AE57: 4 | AF57: 4 | AG57: 4 | AH57: 4 | AI57: 4 | AJ57: 4 | AK57: 3 | AL57: 2 | AM57: 3 | AN57: 2 | AO57: 2 | AP57: 3 | AQ57: 2 | AR57: 3 | AS57: 2 | AT57: 2 | AU57: 3 | AV57: 2 | AW57: 3 | AX57: 2 | AY57: 3 | AZ57: 2 | BA57: 4 | BB57: 3 | BC57: 2 | BD57: 3 | BE57: 3 | BF57: 4 | BG57: 3 | BH57: 3 | BI57: 3 | BJ57: 3 | BK57: 4 | BL57: 4 | BM57: 4 | BN57: 4 | BO57: 4 | BP57: 4 | BQ57: 4 | BR57: 4 | BS57: 4 | BT57: 3 | BU57: 2 | BV57: 3 | BW57: 2 | BX57: 3 | BY57: 2 | BZ57: 2 | CA57: 4 | CB57: 4 | CC57: 4 | CD57: 4 | CE57: 4 | CF57: 4 | CG57: 4 | CH57: 4 | CI57: 4 | CJ57: 4 | CK57: 4 | CL57: 4 | CM57: 4 | CN57: 4 | CO57: 4 | CP57: 4 | CQ57: 4 | CR57: 4 | CS57: 4 | CT57: 4 | CU57: 4 | CV57: 4 | CW57: 3 | CX57: 2 | CY57: 3 | CZ57: 2 | DA57: 1 | DB57: 1 | DC57: 1 | DD57: 1 | DE57: 1 | DF57: 1 | DG57: 1 | DH57: 1 | DI57: 1 | DJ57: 4 | DK57: 3 | DL57: 2 | DM57: 4 | DN57: 2 | DO57: 4 | DP57: 2 | DQ57: 3 | DR57: 4 | DS57: 4 | DT57: 4 | DU57: 4 | DV57: 2 | DW57: 4
A58: 9º ano B | B58: 4 | C58: 4 | D58: 4 | E58: 4 | F58: 4 | G58: 4 | H58: 4 | I58: 3 | J58: 4 | K58: 3 | L58: 3 | M58: 2 | N58: 4 | O58: 2 | P58: 4 | Q58: 4 | R58: 4 | S58: 4 | T58: 4 | U58: 4 | V58: 4 | W58: 3 | X58: 4 | Y58: 3 | Z58: 2 | AA58: 3 | AB58: 3 | AC58: 3 | AD58: 2 | AE58: 3 | AF58: 2 | AG58: 1 | AH58: 3 | AI58: 4 | AJ58: 2 | AK58: 3 | AL58: 2 | AM58: 2 | AN58: 2 | AO58: 2 | AP58: 2 | AQ58: 2 | AR58: 4 | AS58: 4 | AT58: 4 | AU58: 4 | AV58: 4 | AW58: 4 | AX58: 4 | AY58: 4 | AZ58: 4 | BA58: 4 | BB58: 4 | BC58: 4 | BD58: 4 | BE58: 4 | BF58: 2 | BG58: 1 | BH58: 1 | BI58: 3 | BJ58: 2 | BK58: 3 | BL58: 2 | BM58: 2 | BN58: 2 | BO58: 2 | BP58: 2 | BQ58: 2 | BR58: 2 | BS58: 2 | BT58: 3 | BU58: 2 | BV58: 2 | BW58: 2 | BX58: 3 | BY58: 2 | BZ58: 1 | CA58: 4 | CB58: 4 | CC58: 4 | CD58: 4 | CE58: 4 | CF58: 4 | CG58: 4 | CH58: 4 | CI58: 4 | CJ58: 4 | CK58: 4 | CL58: 4 | CM58: 4 | CN58: 4 | CO58: 4 | CP58: 4 | CQ58: 4 | CR58: 4 | CS58: 4 | CT58: 4 | CU58: 4 | CV58: 2 | CW58: 3 | CX58: 1 | CY58: 4 | CZ58: 2 | DA58: 2 | DB58: 4 | DC58: 1 | DD58: 1 | DE58: 1 | DF58: 1 | DG58: 1 | DH58: 1 | DI58: 1 | DJ58: 4 | DK58: 4 | DL58: 4 | DM58: 4 | DN58: 4 | DO58: 4 | DP58: 4 | DQ58: 1 | DR58: 1 | DS58: 1 | DT58: 1 | DU58: 1 | DV58: 1 | DW58: 1
A59: 9º ano C | B59: 4 | C59: 4 | D59: 4 | E59: 4 | F59: 4 | G59: 4 | H59: 4 | I59: 4 | J59: 4 | K59: 4 | L59: 4 | M59: 4 | N59: 4 | O59: 4 | P59: 2 | Q59: 2 | R59: 2 | S59: 2 | T59: 2 | U59: 2 | V59: 2 | W59: 4 | X59: 4 | Y59: 4 | Z59: 4 | AA59: 2 | AB59: 4 | AC59: 3 | AD59: 1 | AE59: 1 | AF59: 1 | AG59: 1 | AH59: 1 | AI59: 1 | AJ59: 1 | AK59: 1 | AL59: 1 | AM59: 1 | AN59: 1 | AO59: 1 | AP59: 1 | AQ59: 1 | AR59: 4 | AS59: 4 | AT59: 4 | AU59: 4 | AV59: 4 | AW59: 4 | AX59: 4 | AY59: 4 | AZ59: 4 | BA59: 4 | BB59: 1 | BC59: 4 | BD59: 4 | BE59: 4 | BF59: 1 | BG59: 1 | BH59: 1 | BI59: 1 | BJ59: 1 | BK59: 1 | BL59: 1 | BM59: 4 | BN59: 4 | BO59: 4 | BP59: 4 | BQ59: 4 | BR59: 4 | BS59: 4 | BT59: 4 | BU59: 4 | BV59: 4 | BW59: 4 | BX59: 4 | BY59: 4 | BZ59: 4 | CA59: 1 | CB59: 1 | CC59: 1 | CD59: 1 | CE59: 1 | CF59: 1 | CG59: 1 | CH59: 4 | CI59: 4 | CJ59: 4 | CK59: 4 | CL59: 4 | CM59: 4 | CN59: 4 | CO59: 2 | CP59: 2 | CQ59: 2 | CR59: 2 | CS59: 2 | CT59: 2 | CU59: 2 | CV59: 4 | CW59: 4 | CX59: 4 | CY59: 4 | CZ59: 4 | DA59: 4 | DB59: 4 | DC59: 1 | DD59: 1 | DE59: 1 | DF59: 1 | DG59: 1 | DH59: 1 | DI59: 1 | DJ59: 4 | DK59: 4 | DL59: 4 | DM59: 4 | DN59: 4 | DO59: 4 | DP59: 4 | DQ59: 4 | DR59: 4 | DS59: 4 | DT59: 4 | DU59: 4 | DV59: 4 | DW59: 4
A60: 9º ano C | B60: 4 | C60: 4 | D60: 4 | E60: 4 | F60: 4 | G60: 4 | H60: 4 | I60: 4 | J60: 4 | K60: 4 | L60: 4 | M60: 4 | N60: 4 | O60: 4 | P60: 4 | Q60: 4 | R60: 4 | S60: 4 | T60: 4 | U60: 4 | V60: 4 | W60: 1 | X60: 1 | Y60: 1 | Z60: 1 | AA60: 1 | AB60: 1 | AC60: 1 | AD60: 2 | AE60: 3 | AF60: 3 | AG60: 3 | AH60: 2 | AI60: 3 | AJ60: 4 | AK60: 2 | AL60: 1 | AM60: 1 | AN60: 1 | AO60: 1 | AP60: 1 | AQ60: 1 | AR60: 1 | AS60: 1 | AT60: 1 | AU60: 1 | AV60: 1 | AW60: 1 | AX60: 1 | AY60: 4 | AZ60: 4 | BA60: 4 | BB60: 4 | BC60: 4 | BD60: 4 | BE60: 4 | BF60: 3 | BG60: 2 | BH60: 3 | BI60: 3 | BJ60: 3 | BK60: 4 | BL60: 3 | BM60: 2 | BN60: 3 | BO60: 2 | BP60: 2 | BQ60: 2 | BR60: 2 | BS60: 4 | BT60: 3 | BU60: 2 | BV60: 4 | BW60: 4 | BX60: 4 | BY60: 4 | BZ60: 4 | CA60: 1 | CB60: 1 | CC60: 1 | CD60: 2 | CE60: 1 | CF60: 1 | CG60: 1 | CH60: 4 | CI60: 4 | CJ60: 4 | CK60: 4 | CL60: 4 | CM60: 4 | CN60: 4 | CO60: 1 | CP60: 1 | CQ60: 1 | CR60: 1 | CS60: 1 | CT60: 1 | CU60: 1 | CV60: 3 | CW60: 3 | CX60: 3 | CY60: 3 | CZ60: 4 | DA60: 4 | DB60: 4 | DC60: 2 | DD60: 2 | DE60: 2 | DF60: 2 | DG60: 2 | DH60: 2 | DI60: 2 | DJ60: 2 | DK60: 4 | DL60: 4 | DM60: 4 | DN60: 4 | DO60: 4 | DP60: 4 | DQ60: 3 | DR60: 4 | DS60: 4 | DT60: 4 | DU60: 4 | DV60: 4 | DW60: 4
A61: 9º ano C | C61: 1 | D61: 1 | E61: 1 | F61: 1 | G61: 1 | H61: 1 | I61: 1 | J61: 1 | K61: 1 | L61: 1 | M61: 1 | N61: 1 | O61: 1 | P61: 1 | Q61: 1 | R61: 1 | S61: 1 | T61: 1 | U61: 1 | V61: 1 | W61: 1 | X61: 1 | Y61: 1 | Z61: 1 | AA61: 1 | AB61: 1 | AC61: 1 | AD61: 1 | AE61: 1 | AF61: 1 | AG61: 1 | AH61: 1 | AI61: 1 | AK61: 1 | AL61: 1 | AM61: 1 | AN61: 1 | AO61: 1 | AP61: 1 | AQ61: 1 | AR61: 1 | AS61: 1 | AT61: 1 | AU61: 1 | AV61: 1 | AW61: 1 | AX61: 1 | AY61: 1 | AZ61: 1 | BA61: 1 | BB61: 1 | BC61: 1 | BD61: 1 | BE61: 1 | BF61: 1 | BG61: 1 | BH61: 1 | BI61: 1 | BJ61: 1 | BK61: 1 | BL61: 1 | BM61: 1 | BN61: 1 | BO61: 1 | BP61: 1 | BQ61: 1 | BR61: 1 | BS61: 1 | BT61: 1 | BU61: 1 | BV61: 1 | BW61: 1 | BX61: 1 | BY61: 1
A62: 9º ano C | B62: 4 | C62: 4 | D62: 4 | E62: 4 | F62: 4 | G62: 4 | H62: 4 | I62: 4 | J62: 4 | K62: 4 | L62: 4 | M62: 4 | N62: 4 | O62: 4 | P62: 4 | Q62: 4 | R62: 4 | S62: 4 | T62: 4 | U62: 4 | V62: 4 | W62: 4 | X62: 4 | Y62: 4 | Z62: 4 | AA62: 4 | AB62: 4 | AC62: 4 | AD62: 4 | AE62: 4 | AF62: 4 | AG62: 4 | AH62: 4 | AI62: 4 | AJ62: 4 | AK62: 4 | AL62: 4 | AM62: 4 | AN62: 4 | AO62: 4 | AP62: 4 | AQ62: 4 | AR62: 4 | AS62: 4 | AU62: 4 | AV62: 4 | AW62: 4 | AX62: 4 | AY62: 4 | AZ62: 4 | BA62: 4 | BB62: 4 | BC62: 4 | BD62: 4 | BE62: 4 | BF62: 4 | BG62: 4 | BH62: 4 | BI62: 4 | BJ62: 4 | BK62: 4 | BL62: 4 | BM62: 4 | BN62: 4 | BO62: 4 | BP62: 4 | BQ62: 4 | BR62: 4 | BS62: 4 | BT62: 4 | BU62: 4 | BV62: 4 | BW62: 4 | BX62: 4 | BY62: 4 | BZ62: 4 | CA62: 4 | CB62: 4 | CC62: 4 | CD62: 4 | CE62: 4 | CF62: 4 | CG62: 4 | CH62: 4 | CI62: 4 | CJ62: 4 | CK62: 4 | CL62: 4 | CM62: 4 | CN62: 4 | CO62: 4 | CP62: 4 | CQ62: 4 | CR62: 4 | CS62: 4 | CT62: 4 | CU62: 4 | CV62: 4 | CW62: 4 | CX62: 4 | CY62: 4 | CZ62: 4 | DA62: 4 | DB62: 4 | DC62: 4 | DD62: 4 | DE62: 4 | DF62: 4 | DG62: 4 | DH62: 4 | DI62: 4 | DJ62: 4 | DK62: 4 | DL62: 4 | DM62: 4 | DN62: 4 | DO62: 4 | DP62: 4 | DQ62: 4 | DR62: 4 | DS62: 4 | DT62: 4 | DU62: 4 | DV62: 4 | DW62: 4
A63: 9º ano C | B63: 4 | C63: 4 | D63: 4 | E63: 4 | F63: 4 | G63: 4 | H63: 4 | I63: 4 | J63: 4 | K63: 4 | L63: 4 | M63: 4 | N63: 4 | O63: 4 | P63: 4 | Q63: 4 | R63: 4 | S63: 4 | T63: 4 | U63: 4 | V63: 4 | W63: 3 | X63: 3 | Y63: 3 | Z63: 3 | AA63: 3 | AB63: 2 | AC63: 2 | AD63: 4 | AE63: 4 | AF63: 4 | AG63: 4 | AH63: 3 | AI63: 2 | AJ63: 2 | AK63: 3 | AL63: 3 | AM63: 3 | AN63: 3 | AO63: 4 | AP63: 4 | AQ63: 4 | AR63: 4 | AS63: 4 | AT63: 3 | AU63: 3 | AV63: 3 | AW63: 4 | AX63: 4 | AY63: 3 | AZ63: 3 | BA63: 4 | BB63: 4 | BC63: 4 | BD63: 4 | BE63: 4 | BF63: 4 | BG63: 4 | BH63: 4 | BI63: 4 | BJ63: 4 | BK63: 4 | BL63: 4 | BM63: 4 | BN63: 3 | BO63: 3 | BP63: 3 | BQ63: 3 | BR63: 1 | BS63: 3 | BT63: 4 | BU63: 4 | BV63: 4 | BW63: 4 | BX63: 4 | BY63: 4 | BZ63: 4 | CA63: 2 | CB63: 4 | CC63: 4 | CD63: 4 | CE63: 4 | CF63: 4 | CG63: 4 | CH63: 4 | CI63: 4 | CJ63: 4 | CK63: 4 | CL63: 4 | CM63: 4 | CN63: 4 | CO63: 4 | CP63: 4 | CQ63: 4 | CR63: 4 | CS63: 4 | CT63: 4 | CU63: 4 | CV63: 3 | CW63: 2 | CX63: 1 | CY63: 2 | CZ63: 2 | DA63: 2 | DB63: 2 | DC63: 2 | DD63: 4 | DE63: 4 | DF63: 4 | DG63: 4 | DH63: 4 | DI63: 4 | DJ63: 3 | DK63: 3 | DL63: 3 | DM63: 3 | DN63: 3 | DO63: 3 | DP63: 3 | DQ63: 4 | DR63: 4 | DS63: 4 | DT63: 4 | DU63: 4 | DV63: 4 | DW63: 4
A64: 9º ano C | B64: 4 | C64: 4 | D64: 4 | E64: 4 | F64: 4 | G64: 4 | H64: 4 | I64: 3 | J64: 3 | K64: 3 | L64: 3 | M64: 3 | N64: 3 | O64: 3 | P64: 2 | Q64: 2 | R64: 2 | S64: 2 | T64: 2 | U64: 2 | V64: 2 | W64: 1 | X64: 1 | Y64: 1 | Z64: 1 | AA64: 1 | AB64: 1 | AC64: 1 | AD64: 2 | AE64: 2 | AF64: 2 | AG64: 2 | AH64: 2 | AI64: 2 | AJ64: 2 | AK64: 3 | AL64: 3 | AM64: 3 | AN64: 3 | AO64: 3 | AP64: 4 | AQ64: 3 | AR64: 3 | AS64: 3 | AT64: 3 | AU64: 3 | AV64: 4 | AW64: 4 | AX64: 3 | AY64: 4 | AZ64: 4 | BA64: 4 | BB64: 4 | BC64: 4 | BD64: 4 | BE64: 4 | BF64: 2 | BG64: 2 | BH64: 2 | BI64: 2 | BJ64: 2 | BK64: 2 | BL64: 2 | BM64: 1 | BN64: 1 | BO64: 1 | BP64: 1 | BQ64: 1 | BR64: 1 | BS64: 1 | BT64: 3 | BU64: 3 | BV64: 3 | BW64: 2 | BX64: 3 | BY64: 4 | BZ64: 3 | CA64: 1 | CB64: 1 | CC64: 1 | CD64: 1 | CE64: 1 | CF64: 1 | CG64: 1 | CH64: 4 | CI64: 4 | CJ64: 4 | CK64: 4 | CL64: 4 | CM64: 4 | CN64: 4 | CO64: 1 | CP64: 1 | CQ64: 1 | CR64: 1 | CS64: 1 | CT64: 1 | CU64: 1 | CV64: 4 | CW64: 4 | CX64: 4 | CY64: 4 | CZ64: 4 | DA64: 4 | DB64: 4 | DC64: 2 | DD64: 2 | DE64: 2 | DF64: 2 | DG64: 2 | DH64: 2 | DI64: 2 | DJ64: 1 | DK64: 1 | DL64: 1 | DM64: 1 | DN64: 1 | DO64: 1 | DP64: 1 | DQ64: 4 | DR64: 4 | DS64: 4 | DT64: 4 | DU64: 4 | DV64: 4 | DW64: 4
A65: 9º ano C | B65: 4 | C65: 4 | D65: 4 | E65: 4 | F65: 4 | G65: 4 | H65: 4 | I65: 4 | J65: 4 | K65: 4 | L65: 4 | M65: 4 | N65: 4 | O65: 4 | P65: 1 | Q65: 1 | R65: 1 | S65: 1 | T65: 1 | U65: 1 | V65: 1 | W65: 1 | X65: 1 | Y65: 1 | Z65: 1 | AA65: 1 | AB65: 1 | AC65: 1 | AD65: 4 | AE65: 4 | AF65: 4 | AG65: 4 | AH65: 4 | AI65: 4 | AJ65: 4 | AK65: 4 | AL65: 4 | AM65: 4 | AN65: 4 | AO65: 4 | AP65: 4 | AQ65: 4 | AR65: 4 | AS65: 4 | AT65: 4 | AU65: 4 | AV65: 4 | AW65: 4 | AX65: 4 | AY65: 3 | AZ65: 3 | BA65: 3 | BB65: 3 | BC65: 3 | BD65: 3 | BE65: 3 | BF65: 2 | BG65: 2 | BH65: 2 | BI65: 2 | BJ65: 2 | BK65: 2 | BL65: 2 | BM65: 4 | BN65: 4 | BO65: 4 | BP65: 4 | BQ65: 4 | BR65: 4 | BS65: 4 | BT65: 1 | BU65: 1 | BV65: 1 | BW65: 1 | BX65: 1 | BY65: 1 | BZ65: 1 | CA65: 1 | CB65: 1 | CC65: 1 | CD65: 1 | CE65: 1 | CF65: 1 | CG65: 1 | CH65: 4 | CI65: 4 | CJ65: 4 | CK65: 4 | CL65: 4 | CM65: 4 | CN65: 4 | CO65: 4 | CP65: 4 | CQ65: 4 | CR65: 4 | CS65: 4 | CT65: 4 | CU65: 4 | CV65: 1 | CW65: 1 | CX65: 1 | CY65: 1 | CZ65: 1 | DA65: 1 | DB65: 1 | DC65: 1 | DD65: 1 | DE65: 1 | DF65: 1 | DG65: 1 | DH65: 1 | DI65: 1 | DJ65: 4 | DK65: 4 | DL65: 4 | DM65: 4 | DN65: 4 | DO65: 4 | DP65: 4 | DQ65: 4 | DR65: 4 | DS65: 4 | DT65: 4 | DU65: 4 | DV65: 4 | DW65: 4
A66: 9º ano C | B66: 3 | C66: 4 | D66: 2 | E66: 4 | F66: 3 | G66: 4 | H66: 4 | I66: 4 | J66: 4 | K66: 3 | L66: 4 | M66: 3 | N66: 4 | O66: 4 | P66: 4 | Q66: 4 | R66: 3 | S66: 4 | T66: 3 | U66: 4 | V66: 4 | W66: 3 | X66: 3 | Y66: 3 | Z66: 4 | AA66: 3 | AB66: 3 | AC66: 4 | AD66: 4 | AE66: 4 | AF66: 3 | AG66: 4 | AH66: 3 | AI66: 4 | AJ66: 4 | AK66: 3 | AL66: 3 | AM66: 3 | AN66: 4 | AO66: 3 | AP66: 3 | AQ66: 4 | AR66: 3 | AS66: 3 | AT66: 3 | AU66: 3 | AV66: 3 | AW66: 3 | AX66: 3 | AY66: 4 | AZ66: 4 | BA66: 4 | BB66: 4 | BC66: 4 | BD66: 4 | BE66: 4 | BF66: 3 | BG66: 3 | BH66: 3 | BI66: 4 | BJ66: 3 | BK66: 4 | BL66: 3 | BM66: 4 | BN66: 4 | BO66: 3 | BP66: 4 | BQ66: 3 | BR66: 4 | BS66: 4 | BT66: 3 | BU66: 2 | BV66: 3 | BW66: 4 | BX66: 4 | BY66: 3 | BZ66: 4 | CA66: 3 | CB66: 2 | CC66: 3 | CD66: 2 | CE66: 3 | CF66: 3 | CG66: 3 | CH66: 4 | CI66: 4 | CJ66: 4 | CK66: 4 | CL66: 4 | CM66: 4 | CN66: 4 | CO66: 4 | CP66: 4 | CQ66: 3 | CR66: 3 | CS66: 4 | CT66: 4 | CU66: 4 | CV66: 3 | CW66: 3 | CX66: 3 | CY66: 3 | CZ66: 2 | DA66: 2 | DB66: 2 | DC66: 4 | DD66: 4 | DE66: 4 | DF66: 4 | DG66: 4 | DH66: 4 | DI66: 4 | DJ66: 3 | DK66: 3 | DL66: 3 | DM66: 4 | DN66: 3 | DO66: 3 | DP66: 4 | DQ66: 4 | DR66: 4 | DS66: 4 | DT66: 4 | DU66: 4 | DV66: 4 | DW66: 4
A67: 9º ano C | B67: 4 | C67: 4 | D67: 3 | E67: 3 | F67: 2 | G67: 3 | H67: 3 | I67: 4 | J67: 4 | K67: 4 | L67: 4 | M67: 4 | N67: 4 | O67: 4 | P67: 4 | Q67: 4 | R67: 4 | S67: 4 | T67: 4 | U67: 4 | V67: 4 | W67: 4 | X67: 4 | Y67: 4 | Z67: 4 | AA67: 4 | AB67: 4 | AC67: 4 | AD67: 4 | AE67: 4 | AF67: 4 | AG67: 4 | AH67: 4 | AI67: 4 | AJ67: 4 | AK67: 4 | AL67: 4 | AM67: 4 | AN67: 4 | AO67: 4 | AP67: 4 | AQ67: 4 | AR67: 4 | AS67: 4 | AT67: 4 | AU67: 4 | AV67: 4 | AW67: 4 | AX67: 4 | AY67: 4 | AZ67: 3 | BA67: 4 | BB67: 4 | BC67: 4 | BD67: 4 | BE67: 4 | BF67: 4 | BG67: 4 | BH67: 4 | BI67: 4 | BJ67: 4 | BK67: 4 | BL67: 4 | BM67: 4 | BN67: 4 | BO67: 4 | BP67: 4 | BQ67: 4 | BR67: 4 | BS67: 4 | BT67: 4 | BU67: 4 | BV67: 4 | BW67: 4 | BX67: 4 | BY67: 4 | BZ67: 4 | CA67: 3 | CB67: 3 | CC67: 3 | CD67: 3 | CE67: 3 | CF67: 3 | CG67: 3 | CH67: 4 | CI67: 4 | CJ67: 4 | CK67: 4 | CL67: 4 | CM67: 4 | CN67: 4 | CO67: 1 | CP67: 1 | CQ67: 1 | CR67: 1 | CS67: 1 | CT67: 1 | CU67: 1 | CV67: 4 | CW67: 4 | CX67: 4 | CY67: 4 | CZ67: 4 | DA67: 4 | DB67: 4 | DC67: 4 | DD67: 4 | DE67: 4 | DF67: 4 | DG67: 4 | DH67: 4 | DI67: 4 | DJ67: 4 | DK67: 4 | DL67: 4 | DM67: 4 | DN67: 4 | DO67: 4 | DP67: 4 | DQ67: 4 | DR67: 4 | DS67: 4 | DT67: 4 | DU67: 4 | DV67: 4 | DW67: 4
A68: 9º ano C | B68: 4 | C68: 4 | D68: 4 | E68: 4 | F68: 4 | G68: 4 | H68: 4 | I68: 3 | J68: 4 | K68: 3 | L68: 4 | M68: 2 | N68: 4 | O68: 4 | P68: 4 | Q68: 4 | R68: 4 | S68: 4 | T68: 4 | U68: 4 | V68: 4 | W68: 4 | X68: 4 | Y68: 4 | Z68: 4 | AA68: 4 | AB68: 4 | AC68: 4 | AD68: 3 | AE68: 4 | AF68: 3 | AG68: 3 | AH68: 4 | AI68: 4 | AJ68: 3 | AK68: 2 | AL68: 3 | AM68: 2 | AN68: 4 | AO68: 2 | AP68: 3 | AQ68: 3 | AR68: 4 | AS68: 4 | AT68: 4 | AU68: 4 | AV68: 4 | AW68: 4 | AX68: 4 | AY68: 4 | AZ68: 4 | BA68: 4 | BB68: 4 | BC68: 4 | BD68: 4 | BE68: 4 | BF68: 4 | BG68: 4 | BH68: 2 | BI68: 4 | BJ68: 4 | BK68: 4 | BL68: 3 | BM68: 4 | BN68: 4 | BO68: 4 | BP68: 4 | BQ68: 4 | BR68: 4 | BS68: 4 | BT68: 4 | BU68: 4 | BV68: 2 | BW68: 2 | BX68: 3 | BY68: 4 | BZ68: 4 | CA68: 3 | CB68: 3 | CC68: 3 | CD68: 3 | CE68: 1 | CF68: 3 | CG68: 3 | CH68: 4 | CI68: 4 | CJ68: 4 | CK68: 4 | CL68: 4 | CM68: 4 | CN68: 4 | CO68: 1 | CP68: 2 | CQ68: 1 | CR68: 1 | CS68: 2 | CT68: 4 | CU68: 2 | CV68: 4 | CW68: 4 | CX68: 4 | CY68: 4 | CZ68: 4 | DA68: 4 | DB68: 4 | DC68: 4 | DD68: 4 | DE68: 4 | DF68: 4 | DG68: 4 | DH68: 4 | DI68: 4 | DJ68: 4 | DK68: 4 | DL68: 4 | DM68: 4 | DN68: 4 | DO68: 4 | DP68: 4 | DQ68: 4 | DR68: 4 | DS68: 4 | DT68: 4 | DU68: 4 | DV68: 4 | DW68: 4
A69: 9º ano C | B69: 4 | C69: 4 | D69: 4 | E69: 4 | F69: 4 | G69: 4 | H69: 4 | I69: 3 | J69: 3 | K69: 3 | L69: 3 | M69: 3 | N69: 3 | O69: 3 | P69: 3 | Q69: 3 | R69: 3 | S69: 3 | T69: 3 | U69: 3 | V69: 3 | W69: 1 | X69: 1 | Y69: 1 | Z69: 1 | AA69: 1 | AB69: 1 | AC69: 1 | AD69: 1 | AE69: 1 | AF69: 1 | AG69: 1 | AH69: 1 | AI69: 1 | AJ69: 1 | AK69: 1 | AL69: 1 | AM69: 1 | AN69: 1 | AO69: 1 | AP69: 1 | AQ69: 1 | AR69: 1 | AS69: 1 | AT69: 1 | AU69: 1 | AV69: 1 | AW69: 1 | AX69: 1 | AY69: 3 | AZ69: 3 | BA69: 3 | BB69: 3 | BC69: 3 | BD69: 3 | BE69: 3 | BF69: 1 | BG69: 1 | BH69: 1 | BI69: 1 | BJ69: 1 | BK69: 1 | BL69: 1 | BM69: 1 | BN69: 1 | BO69: 1 | BP69: 1 | BQ69: 1 | BR69: 1 | BS69: 1 | BT69: 3 | BU69: 3 | BV69: 3 | BW69: 3 | BX69: 3 | BY69: 3 | BZ69: 3 | CA69: 2 | CB69: 2 | CC69: 2 | CD69: 2 | CE69: 2 | CF69: 2 | CG69: 2 | CH69: 4 | CI69: 4 | CJ69: 4 | CK69: 4 | CL69: 4 | CM69: 4 | CN69: 4 | CO69: 1 | CP69: 1 | CQ69: 1 | CR69: 1 | CS69: 1 | CT69: 1 | CU69: 1 | CV69: 3 | CW69: 3 | CX69: 3 | CY69: 3 | CZ69: 3 | DA69: 3 | DB69: 3 | DC69: 2 | DD69: 2 | DE69: 2 | DF69: 2 | DG69: 2 | DH69: 2 | DI69: 2 | DJ69: 1 | DK69: 1 | DL69: 1 | DM69: 1 | DN69: 1 | DO69: 1 | DP69: 1 | DQ69: 4 | DR69: 4 | DS69: 4 | DT69: 4 | DU69: 4 | DV69: 4 | DW69: 4
A70: 9º ano C | B70: 3 | C70: 4 | D70: 3 | E70: 4 | F70: 2 | G70: 4 | H70: 4 | I70: 4 | J70: 4 | K70: 3 | L70: 4 | M70: 2 | N70: 4 | O70: 4 | P70: 4 | Q70: 4 | R70: 4 | S70: 4 | T70: 3 | U70: 4 | V70: 4 | W70: 3 | X70: 4 | Y70: 4 | Z70: 3 | AA70: 3 | AB70: 4 | AC70: 4 | AD70: 4 | AE70: 4 | AF70: 3 | AG70: 3 | AH70: 2 | AI70: 4 | AJ70: 4 | AK70: 4 | AL70: 4 | AM70: 3 | AN70: 4 | AO70: 2 | AP70: 4 | AQ70: 4 | AR70: 4 | AS70: 4 | AT70: 3 | AU70: 3 | AV70: 2 | AW70: 4 | AX70: 4 | AY70: 4 | AZ70: 4 | BA70: 4 | BB70: 4 | BC70: 2 | BD70: 4 | BE70: 3 | BF70: 4 | BG70: 4 | BH70: 4 | BI70: 3 | BJ70: 1 | BK70: 4 | BL70: 4 | BM70: 4 | BN70: 4 | BO70: 4 | BP70: 4 | BQ70: 3 | BR70: 4 | BS70: 4 | BT70: 4 | BU70: 4 | BV70: 4 | BW70: 4 | BX70: 3 | BY70: 4 | BZ70: 4 | CA70: 3 | CB70: 4 | CC70: 3 | CD70: 3 | CE70: 1 | CF70: 4 | CG70: 3 | CH70: 4 | CI70: 4 | CJ70: 4 | CK70: 4 | CL70: 3 | CM70: 4 | CN70: 4 | CO70: 3 | CP70: 3 | CQ70: 4 | CR70: 3 | CS70: 3 | CT70: 4 | CU70: 3 | CV70: 3 | CW70: 4 | CX70: 4 | CY70: 3 | CZ70: 4 | DA70: 3 | DB70: 3 | DC70: 4 | DD70: 4 | DE70: 4 | DF70: 4 | DG70: 3 | DH70: 4 | DI70: 4 | DJ70: 4 | DK70: 4 | DL70: 4 | DM70: 4 | DN70: 2 | DO70: 4 | DP70: 4 | DQ70: 3 | DR70: 4 | DS70: 3 | DT70: 3 | DU70: 1 | DV70: 4 | DW70: 4
A71: 9º ano C | B71: 4 | C71: 4 | D71: 3 | E71: 4 | F71: 2 | G71: 4 | H71: 3 | I71: 4 | J71: 4 | K71: 3 | L71: 4 | M71: 3 | N71: 4 | O71: 4 | P71: 3 | Q71: 3 | R71: 4 | S71: 4 | T71: 3 | U71: 4 | V71: 4 | W71: 4 | X71: 3 | Y71: 4 | Z71: 4 | AA71: 3 | AB71: 4 | AC71: 4 | AD71: 3 | AE71: 4 | AF71: 3 | AG71: 4 | AH71: 3 | AI71: 4 | AJ71: 3 | AK71: 3 | AL71: 4 | AM71: 3 | AN71: 4 | AO71: 4 | AP71: 3 | AQ71: 4 | AR71: 3 | AS71: 4 | AT71: 3 | AU71: 3 | AV71: 4 | AW71: 4 | AX71: 3 | AY71: 3 | AZ71: 3 | BA71: 3 | BB71: 2 | BC71: 2 | BD71: 4 | BE71: 4 | BF71: 2 | BG71: 4 | BH71: 2 | BI71: 3 | BJ71: 2 | BK71: 4 | BL71: 3 | BM71: 4 | BN71: 4 | BO71: 3 | BP71: 4 | BQ71: 3 | BR71: 4 | BS71: 4 | BT71: 4 | BU71: 4 | BV71: 3 | BW71: 4 | BX71: 3 | BY71: 4 | BZ71: 3 | CA71: 1 | CB71: 3 | CC71: 2 | CD71: 3 | CE71: 2 | CF71: 4 | CG71: 2 | CH71: 3 | CI71: 4 | CJ71: 4 | CK71: 3 | CL71: 3 | CM71: 4 | CN71: 4 | CO71: 4 | CP71: 3 | CQ71: 3 | CR71: 2 | CS71: 3 | CT71: 4 | CU71: 4 | CV71: 4 | CW71: 4 | CX71: 3 | CY71: 3 | CZ71: 4 | DA71: 4 | DB71: 4 | DC71: 4 | DD71: 4 | DE71: 3 | DF71: 4 | DG71: 3 | DH71: 4 | DI71: 4 | DJ71: 3 | DK71: 4 | DL71: 3 | DM71: 3 | DN71: 4 | DO71: 3 | DP71: 4 | DQ71: 2 | DR71: 2 | DS71: 2 | DT71: 4 | DU71: 3 | DV71: 3 | DW71: 4
A72: 9º ano C | B72: 4 | C72: 4 | D72: 4 | E72: 4 | F72: 4 | G72: 4 | H72: 4 | I72: 4 | J72: 4 | K72: 3 | L72: 4 | M72: 4 | N72: 4 | O72: 3 | P72: 4 | Q72: 3 | R72: 4 | S72: 3 | T72: 3 | U72: 4 | V72: 3 | W72: 3 | X72: 4 | Y72: 4 | Z72: 3 | AA72: 4 | AB72: 3 | AC72: 2 | AD72: 2 | AE72: 4 | AF72: 3 | AG72: 2 | AH72: 3 | AI72: 3 | AJ72: 2 | AK72: 4 | AL72: 4 | AM72: 4 | AN72: 4 | AO72: 4 | AP72: 4 | AQ72: 4 | AR72: 3 | AS72: 2 | AT72: 3 | AU72: 2 | AV72: 3 | AW72: 3 | AX72: 4 | AY72: 4 | AZ72: 4 | BA72: 4 | BB72: 4 | BC72: 4 | BD72: 4 | BE72: 4 | BF72: 2 | BG72: 2 | BH72: 2 | BI72: 2 | BJ72: 2 | BK72: 2 | BL72: 2 | BM72: 3 | BN72: 3 | BO72: 3 | BP72: 3 | BQ72: 3 | BR72: 3 | BS72: 3 | BT72: 4 | BU72: 4 | BV72: 4 | BW72: 4 | BX72: 4 | BY72: 4 | BZ72: 4 | CA72: 3 | CB72: 2 | CC72: 3 | CD72: 2 | CE72: 3 | CF72: 2 | CG72: 2 | CH72: 4 | CI72: 4 | CJ72: 4 | CK72: 4 | CL72: 4 | CM72: 4 | CN72: 4 | CO72: 3 | CP72: 4 | CQ72: 4 | CR72: 4 | CS72: 4 | CT72: 4 | CU72: 3 | CV72: 1 | CW72: 4 | CX72: 4 | CY72: 3 | CZ72: 2 | DA72: 3 | DC72: 2 | DD72: 2 | DE72: 2 | DF72: 2 | DG72: 2 | DH72: 2 | DI72: 2 | DJ72: 4 | DK72: 4 | DL72: 4 | DM72: 4 | DN72: 4 | DO72: 4 | DP72: 4 | DQ72: 4 | DR72: 4 | DS72: 4 | DT72: 4 | DU72: 4 | DV72: 4 | DW72: 4
A73: 9º ano C | B73: 4 | C73: 4 | D73: 4 | E73: 4 | F73: 4 | G73: 4 | H73: 4 | I73: 4 | J73: 4 | K73: 4 | L73: 3 | M73: 3 | N73: 4 | O73: 4 | P73: 3 | Q73: 3 | R73: 2 | S73: 2 | T73: 3 | U73: 4 | V73: 4 | W73: 4 | X73: 4 | Y73: 4 | Z73: 2 | AA73: 2 | AB73: 4 | AC73: 4 | AD73: 3 | AE73: 3 | AF73: 4 | AG73: 4 | AH73: 4 | AI73: 4 | AJ73: 4 | AK73: 3 | AL73: 3 | AM73: 3 | AO73: 3 | AP73: 3 | AQ73: 3 | AR73: 1 | AS73: 1 | AT73: 1 | AU73: 1 | AV73: 1 | AW73: 1 | AY73: 4 | AZ73: 4 | BA73: 3 | BB73: 4 | BC73: 2 | BD73: 4 | BE73: 4 | BF73: 4 | BG73: 4 | BH73: 4 | BI73: 4 | BJ73: 4 | BK73: 4 | BM73: 4 | BN73: 4 | BO73: 4 | BP73: 4 | BQ73: 4 | BR73: 4 | BS73: 4 | BT73: 2 | BU73: 3 | BV73: 4 | BW73: 4 | BX73: 4 | BY73: 3 | BZ73: 4 | CA73: 4 | CB73: 4 | CC73: 3 | CD73: 4 | CE73: 3 | CF73: 4 | CG73: 4 | CH73: 4 | CI73: 4 | CJ73: 4 | CK73: 4 | CL73: 4 | CM73: 4 | CN73: 4 | CO73: 4 | CP73: 4 | CQ73: 4 | CR73: 4 | CS73: 4 | CT73: 4 | CU73: 4 | CV73: 4 | CW73: 4 | CX73: 3 | CY73: 4 | CZ73: 3 | DA73: 4 | DB73: 4 | DC73: 4 | DD73: 4 | DE73: 3 | DF73: 1 | DG73: 3 | DH73: 4 | DI73: 3 | DJ73: 1 | DK73: 1 | DL73: 1 | DM73: 1 | DN73: 1 | DO73: 1 | DP73: 1 | DQ73: 4 | DR73: 4 | DS73: 4 | DT73: 4 | DU73: 4 | DV73: 4 | DW73: 4
A74: 9º ano C | B74: 4 | C74: 4 | D74: 4 | E74: 4 | F74: 4 | G74: 4 | H74: 4 | I74: 4 | J74: 4 | K74: 4 | L74: 3 | M74: 3 | N74: 4 | O74: 3 | P74: 4 | Q74: 4 | R74: 3 | S74: 4 | T74: 3 | U74: 4 | V74: 1 | W74: 2 | X74: 3 | Y74: 1 | Z74: 3 | AA74: 3 | AB74: 2 | AC74: 1 | AD74: 2 | AE74: 2 | AF74: 1 | AG74: 3 | AH74: 1 | AI74: 3 | AJ74: 1 | AK74: 4 | AL74: 4 | AM74: 4 | AN74: 4 | AO74: 4 | AP74: 4 | AQ74: 4 | AR74: 4 | AS74: 4 | AT74: 4 | AU74: 4 | AV74: 4 | AW74: 4 | AX74: 4 | AY74: 4 | AZ74: 4 | BA74: 4 | BB74: 3 | BC74: 3 | BD74: 4 | BE74: 4 | BF74: 2 | BG74: 3 | BH74: 2 | BI74: 3 | BJ74: 1 | BK74: 4 | BL74: 3 | BM74: 1 | BN74: 1 | BO74: 1 | BP74: 1 | BQ74: 1 | BR74: 1 | BS74: 1 | BT74: 4 | BU74: 4 | BV74: 4 | BW74: 4 | BX74: 4 | BY74: 4 | BZ74: 4 | CA74: 1 | CB74: 1 | CC74: 1 | CD74: 1 | CE74: 1 | CF74: 1 | CG74: 1 | CH74: 4 | CI74: 4 | CJ74: 4 | CK74: 4 | CL74: 4 | CM74: 4 | CN74: 4 | CO74: 4 | CP74: 2 | CQ74: 4 | CR74: 2 | CS74: 4 | CT74: 1 | CU74: 4 | CV74: 1 | CW74: 3 | CX74: 1 | CY74: 1 | CZ74: 2 | DA74: 4 | DB74: 1 | DC74: 2 | DD74: 3 | DE74: 3 | DF74: 1 | DG74: 3 | DH74: 2 | DI74: 2 | DJ74: 3 | DK74: 3 | DL74: 3 | DM74: 3 | DN74: 3 | DO74: 3 | DP74: 3 | DQ74: 4 | DR74: 2 | DS74: 4 | DT74: 4 | DU74: 4 | DV74: 4 | DW74: 4
A75: 9º ano C | B75: 3 | C75: 2 | D75: 3 | E75: 4 | F75: 3 | G75: 3 | H75: 4 | I75: 4 | J75: 4 | K75: 3 | L75: 3 | M75: 3 | N75: 4 | O75: 4 | P75: 3 | Q75: 3 | R75: 2 | S75: 4 | T75: 2 | U75: 3 | V75: 4 | W75: 3 | X75: 3 | Y75: 3 | Z75: 3 | AA75: 3 | AB75: 3 | AC75: 2 | AD75: 2 | AE75: 3 | AF75: 2 | AG75: 3 | AH75: 3 | AI75: 3 | AJ75: 3 | AK75: 3 | AL75: 3 | AM75: 3 | AN75: 3 | AO75: 3 | AP75: 3 | AQ75: 3 | AR75: 3 | AS75: 3 | AT75: 3 | AU75: 3 | AV75: 3 | AW75: 3 | AX75: 3 | AY75: 3 | AZ75: 3 | BA75: 3 | BB75: 3 | BC75: 3 | BD75: 3 | BE75: 3 | BF75: 3 | BG75: 3 | BH75: 3 | BI75: 3 | BJ75: 3 | BK75: 3 | BL75: 3 | BM75: 3 | BN75: 3 | BO75: 3 | BP75: 3 | BQ75: 3 | BR75: 3 | BS75: 3 | BT75: 3 | BU75: 3 | BV75: 3 | BW75: 3 | BX75: 3 | BY75: 3 | CA75: 2 | CB75: 2 | CC75: 2 | CD75: 2 | CE75: 2 | CF75: 2 | CG75: 2 | CH75: 3 | CI75: 3 | CJ75: 3 | CK75: 3 | CL75: 3 | CM75: 3 | CN75: 3 | CO75: 3 | CP75: 3 | CQ75: 3 | CR75: 3 | CS75: 3 | CT75: 3 | CU75: 3 | CV75: 3 | CW75: 3 | CX75: 3 | CY75: 3 | CZ75: 3 | DA75: 3 | DB75: 3 | DC75: 3 | DD75: 3 | DE75: 3 | DF75: 3 | DG75: 3 | DH75: 3 | DI75: 3 | DJ75: 3 | DK75: 3 | DL75: 3 | DM75: 3 | DN75: 3 | DO75: 3 | DP75: 3 | DQ75: 3 | DR75: 3 | DS75: 3 | DT75: 3 | DU75: 3 | DV75: 3 | DW75: 3
A76: 9º ano C | B76: 4 | C76: 4 | D76: 3 | E76: 3 | F76: 4 | G76: 4 | H76: 3 | I76: 4 | J76: 4 | K76: 3 | L76: 4 | M76: 3 | N76: 4 | O76: 3 | P76: 3 | Q76: 4 | R76: 3 | S76: 4 | T76: 3 | U76: 3 | V76: 3 | W76: 4 | X76: 3 | Y76: 4 | Z76: 3 | AA76: 4 | AB76: 3 | AC76: 4 | AD76: 3 | AE76: 3 | AF76: 3 | AG76: 3 | AH76: 3 | AI76: 3 | AJ76: 3 | AK76: 3 | AL76: 3 | AM76: 3 | AN76: 3 | AO76: 3 | AP76: 3 | AQ76: 3 | AR76: 3 | AS76: 3 | AT76: 3 | AU76: 3 | AV76: 3 | AW76: 3 | AX76: 3 | AY76: 4 | AZ76: 4 | BA76: 3 | BB76: 4 | BC76: 3 | BD76: 4 | BE76: 3 | BF76: 3 | BG76: 2 | BH76: 3 | BI76: 3 | BJ76: 2 | BK76: 2 | BL76: 3 | BM76: 4 | BN76: 4 | BO76: 3 | BP76: 3 | BQ76: 3 | BR76: 2 | BS76: 4 | BT76: 3 | BU76: 4 | BV76: 3 | BW76: 4 | BX76: 3 | BY76: 4 | BZ76: 4 | CA76: 3 | CB76: 4 | CC76: 3 | CD76: 3 | CE76: 2 | CF76: 4 | CG76: 3 | CH76: 4 | CI76: 4 | CJ76: 4 | CK76: 3 | CL76: 4 | CM76: 3 | CN76: 3 | CO76: 3 | CP76: 2 | CQ76: 4 | CR76: 3 | CS76: 4 | CT76: 3 | CU76: 3 | CV76: 3 | CW76: 4 | CX76: 3 | CY76: 3 | CZ76: 4 | DA76: 3 | DB76: 4 | DC76: 3 | DD76: 4 | DE76: 3 | DF76: 4 | DG76: 3 | DH76: 3 | DI76: 4 | DJ76: 3 | DK76: 3 | DL76: 2 | DM76: 4 | DN76: 3 | DO76: 4 | DP76: 3 | DQ76: 4 | DR76: 4 | DS76: 3 | DT76: 4 | DU76: 3 | DV76: 4 | DW76: 3
A77: 9º ano C | B77: 4 | C77: 4 | D77: 4 | E77: 4 | F77: 4 | G77: 4 | H77: 4 | I77: 3 | J77: 3 | K77: 2 | L77: 4 | M77: 4 | N77: 4 | O77: 2 | P77: 4 | Q77: 3 | R77: 3 | S77: 4 | T77: 3 | U77: 4 | V77: 4 | W77: 3 | X77: 3 | Y77: 3 | Z77: 3 | AA77: 3 | AB77: 3 | AC77: 3 | AD77: 3 | AE77: 2 | AF77: 2 | AG77: 3 | AH77: 2 | AI77: 3 | AJ77: 2 | AK77: 4 | AL77: 4 | AM77: 4 | AN77: 4 | AO77: 4 | AP77: 4 | AQ77: 4 | AR77: 1 | AS77: 1 | AT77: 1 | AU77: 1 | AV77: 1 | AW77: 1 | AX77: 1 | AY77: 4 | AZ77: 4 | BA77: 4 | BB77: 4 | BC77: 4 | BD77: 4 | BE77: 4 | BF77: 3 | BG77: 3 | BH77: 3 | BI77: 3 | BJ77: 3 | BK77: 3 | BL77: 3 | BM77: 2 | BN77: 2 | BO77: 2 | BP77: 2 | BQ77: 2 | BR77: 2 | BS77: 2 | BT77: 2 | BU77: 2 | BV77: 2 | BW77: 2 | BX77: 2 | BY77: 2 | BZ77: 2 | CA77: 4 | CB77: 4 | CC77: 4 | CD77: 4 | CE77: 4 | CF77: 4 | CG77: 4 | CH77: 4 | CI77: 4 | CJ77: 4 | CK77: 4 | CL77: 4 | CM77: 4 | CN77: 4 | CO77: 3 | CP77: 2 | CQ77: 2 | CR77: 3 | CS77: 3 | CT77: 4 | CU77: 3 | CV77: 1 | CW77: 1 | CX77: 1 | CY77: 1 | CZ77: 1 | DA77: 1 | DB77: 1 | DC77: 1 | DD77: 1 | DE77: 1 | DF77: 1 | DG77: 1 | DH77: 1 | DI77: 1 | DJ77: 2 | DK77: 2 | DL77: 2 | DM77: 2 | DN77: 2 | DO77: 2 | DP77: 2 | DQ77: 3 | DR77: 3 | DS77: 3 | DT77: 3 | DU77: 3 | DV77: 3 | DW77: 3
A78: 9º ano C | B78: 4 | C78: 4 | D78: 4 | E78: 4 | F78: 4 | G78: 4 | H78: 4 | I78: 4 | J78: 4 | K78: 4 | L78: 4 | M78: 4 | N78: 4 | O78: 4 | P78: 4 | Q78: 4 | R78: 4 | S78: 4 | T78: 4 | U78: 4 | V78: 4 | W78: 4 | X78: 4 | Y78: 4 | Z78: 4 | AA78: 4 | AB78: 4 | AC78: 4 | AD78: 4 | AE78: 3 | AF78: 4 | AG78: 3 | AH78: 4 | AI78: 3 | AJ78: 3 | AK78: 4 | AL78: 4 | AM78: 4 | AN78: 4 | AO78: 4 | AP78: 4 | AQ78: 4 | AR78: 4 | AS78: 4 | AT78: 4 | AU78: 4 | AV78: 4 | AW78: 4 | AX78: 4 | AY78: 3 | AZ78: 4 | BA78: 3 | BB78: 4 | BC78: 3 | BD78: 4 | BE78: 4 | BF78: 4 | BG78: 4 | BH78: 4 | BI78: 4 | BJ78: 4 | BK78: 4 | BL78: 4 | BM78: 4 | BN78: 4 | BO78: 4 | BP78: 4 | BQ78: 4 | BR78: 4 | BS78: 4 | BT78: 4 | BU78: 4 | BV78: 4 | BW78: 4 | BX78: 4 | BY78: 4 | BZ78: 4 | CA78: 1 | CB78: 1 | CC78: 1 | CD78: 1 | CE78: 1 | CF78: 1 | CG78: 1 | CH78: 4 | CI78: 4 | CJ78: 4 | CK78: 4 | CL78: 4 | CM78: 4 | CN78: 4 | CO78: 3 | CP78: 2 | CQ78: 1 | CR78: 2 | CS78: 2 | CT78: 1 | CU78: 4 | CV78: 3 | CW78: 4 | CX78: 4 | CY78: 4 | CZ78: 3 | DA78: 2 | DB78: 3 | DC78: 4 | DD78: 4 | DE78: 4 | DF78: 4 | DG78: 4 | DH78: 4 | DI78: 4 | DJ78: 4 | DK78: 4 | DL78: 4 | DM78: 4 | DN78: 4 | DO78: 4 | DP78: 4 | DQ78: 4 | DR78: 4 | DS78: 1 | DT78: 4 | DU78: 2 | DV78: 3 | DW78: 2
A79: 9º ano C | B79: 4 | C79: 4 | D79: 3 | E79: 4 | F79: 3 | G79: 3 | H79: 3 | I79: 4 | J79: 4 | K79: 4 | L79: 4 | M79: 3 | N79: 4 | O79: 4 | P79: 3 | Q79: 3 | R79: 3 | S79: 3 | T79: 3 | U79: 3 | V79: 3 | W79: 3 | X79: 4 | Y79: 3 | Z79: 3 | AA79: 3 | AB79: 3 | AC79: 3 | AD79: 3 | AE79: 3 | AF79: 3 | AG79: 4 | AH79: 2 | AI79: 3 | AJ79: 3 | AK79: 1 | AL79: 1 | AM79: 2 | AN79: 2 | AO79: 2 | AP79: 2 | AQ79: 2 | AR79: 3 | AS79: 3 | AT79: 3 | AU79: 3 | AV79: 3 | AW79: 3 | AX79: 3 | AY79: 3 | AZ79: 3 | BA79: 3 | BB79: 3 | BC79: 3 | BD79: 3 | BE79: 3 | BF79: 3 | BG79: 3 | BH79: 2 | BI79: 3 | BJ79: 2 | BK79: 3 | BL79: 3 | BM79: 3 | BN79: 3 | BO79: 3 | BP79: 3 | BQ79: 3 | BR79: 3 | BS79: 3 | BT79: 4 | BU79: 3 | BV79: 4 | BW79: 4 | BX79: 4 | BY79: 3 | BZ79: 4 | CA79: 1 | CB79: 1 | CC79: 2 | CD79: 2 | CE79: 2 | CF79: 2 | CG79: 2 | CH79: 4 | CI79: 4 | CJ79: 3 | CK79: 3 | CL79: 2 | CM79: 4 | CN79: 4 | CO79: 3 | CP79: 3 | CQ79: 3 | CR79: 3 | CS79: 4 | CT79: 3 | CU79: 4 | CW79: 4 | CX79: 2 | CY79: 3 | CZ79: 3 | DA79: 2 | DB79: 2 | DC79: 3 | DD79: 3 | DE79: 3 | DF79: 3 | DG79: 4 | DH79: 3 | DI79: 3 | DJ79: 3 | DK79: 3 | DL79: 3 | DM79: 3 | DN79: 3 | DO79: 3 | DP79: 3 | DQ79: 3 | DR79: 3 | DS79: 3 | DT79: 3 | DU79: 3 | DV79: 3 | DW79: 3
A80: 9º ano C | B80: 4 | C80: 4 | D80: 2 | E80: 4 | F80: 3 | G80: 4 | H80: 4 | I80: 4 | J80: 4 | K80: 3 | L80: 4 | M80: 2 | N80: 4 | O80: 4 | P80: 3 | Q80: 4 | R80: 4 | S80: 4 | T80: 3 | U80: 4 | V80: 4 | W80: 2 | X80: 3 | Y80: 4 | Z80: 3 | AA80: 4 | AB80: 3 | AC80: 4 | AD80: 4 | AE80: 4 | AF80: 3 | AG80: 3 | AH80: 2 | AI80: 4 | AJ80: 3 | AK80: 3 | AL80: 3 | AM80: 3 | AN80: 3 | AO80: 2 | AP80: 4 | AQ80: 2 | AR80: 3 | AS80: 3 | AT80: 4 | AU80: 3 | AV80: 3 | AW80: 4 | AX80: 4 | AY80: 3 | AZ80: 4 | BA80: 3 | BB80: 3 | BC80: 3 | BD80: 4 | BE80: 4 | BF80: 2 | BG80: 3 | BH80: 1 | BI80: 3 | BJ80: 1 | BK80: 4 | BL80: 2 | BM80: 3 | BN80: 3 | BO80: 4 | BP80: 4 | BQ80: 3 | BR80: 4 | BS80: 4 | BT80: 3 | BU80: 3 | BV80: 4 | BW80: 4 | BX80: 2 | BY80: 3 | BZ80: 3 | CA80: 2 | CB80: 2 | CC80: 1 | CD80: 3 | CE80: 2 | CF80: 4 | CG80: 3 | CH80: 3 | CI80: 4 | CJ80: 3 | CK80: 4 | CL80: 3 | CM80: 4 | CN80: 3 | CO80: 2 | CP80: 3 | CQ80: 3 | CR80: 3 | CS80: 2 | CT80: 2 | CU80: 4 | CV80: 3 | CW80: 4 | CX80: 2 | CY80: 4 | CZ80: 4 | DA80: 3 | DB80: 2 | DC80: 3 | DD80: 3 | DE80: 3 | DF80: 4 | DG80: 3 | DH80: 4 | DI80: 4 | DJ80: 3 | DK80: 2 | DL80: 3 | DM80: 4 | DN80: 2 | DO80: 4 | DP80: 4 | DQ80: 2 | DR80: 2 | DS80: 3 | DT80: 3 | DU80: 3 | DV80: 2 | DW80: 3
A81: 9º ano C | B81: 4 | C81: 4 | D81: 4 | E81: 4 | F81: 4 | G81: 4 | H81: 4 | I81: 3 | J81: 3 | K81: 2 | L81: 2 | M81: 2 | N81: 2 | P81: 4 | Q81: 4 | R81: 3 | S81: 2 | T81: 1 | U81: 2 | V81: 3 | W81: 4 | X81: 4 | Y81: 4 | Z81: 4 | AA81: 4 | AB81: 4 | AC81: 2 | AD81: 2 | AE81: 1 | AF81: 1 | AG81: 1 | AH81: 2 | AI81: 2 | AJ81: 2 | AK81: 2 | AL81: 2 | AM81: 1 | AN81: 2 | AO81: 2 | AP81: 3 | AQ81: 2 | AR81: 1 | AS81: 1 | AT81: 1 | AU81: 1 | AV81: 2 | AW81: 1 | AX81: 1 | AY81: 3 | AZ81: 3 | BA81: 3 | BB81: 4 | BC81: 3 | BD81: 3 | BE81: 3 | BF81: 2 | BG81: 3 | BH81: 2 | BI81: 3 | BJ81: 2 | BK81: 3 | BL81: 2 | BM81: 3 | BN81: 2 | BO81: 2 | BP81: 2 | BQ81: 2 | BR81: 3 | BS81: 3 | BT81: 3 | BU81: 3 | BV81: 2 | BW81: 2 | BX81: 3 | BY81: 3 | BZ81: 3 | CA81: 3 | CB81: 1 | CC81: 2 | CD81: 2 | CE81: 2 | CF81: 2 | CG81: 2 | CH81: 4 | CI81: 4 | CJ81: 4 | CK81: 4 | CL81: 4 | CM81: 4 | CN81: 4 | CO81: 3 | CP81: 2 | CQ81: 3 | CR81: 2 | CS81: 3 | CT81: 2 | CU81: 2 | CV81: 1 | CW81: 1 | CX81: 1 | CY81: 1 | CZ81: 1 | DA81: 1 | DB81: 1 | DC81: 4 | DD81: 4 | DE81: 4 | DF81: 4 | DG81: 4 | DH81: 4 | DI81: 2 | DJ81: 1 | DK81: 2 | DL81: 3 | DM81: 3 | DN81: 3 | DO81: 2 | DP81: 3 | DQ81: 4 | DR81: 4 | DS81: 4 | DT81: 4 | DU81: 4 | DV81: 4 | DW81: 4
A82: 9º ano C | B82: 4 | C82: 4 | D82: 4 | E82: 4 | F82: 3 | G82: 4 | H82: 4 | I82: 4 | J82: 4 | K82: 4 | L82: 4 | M82: 3 | N82: 4 | O82: 4 | P82: 3 | Q82: 4 | R82: 4 | S82: 3 | T82: 4 | U82: 4 | V82: 3 | W82: 3 | X82: 4 | Y82: 2 | Z82: 4 | AA82: 2 | AB82: 4 | AC82: 4 | AD82: 2 | AE82: 1 | AF82: 3 | AG82: 4 | AH82: 1 | AI82: 2 | AJ82: 1 | AK82: 4 | AL82: 4 | AM82: 4 | AN82: 4 | AO82: 4 | AP82: 4 | AQ82: 4 | AR82: 4 | AS82: 4 | AT82: 4 | AU82: 4 | AV82: 3 | AW82: 3 | AX82: 4 | AY82: 4 | AZ82: 4 | BA82: 4 | BB82: 3 | BC82: 3 | BD82: 3 | BE82: 2 | BF82: 4 | BG82: 3 | BH82: 4 | BI82: 4 | BJ82: 2 | BK82: 4 | BL82: 2 | BM82: 4 | BN82: 4 | BO82: 4 | BP82: 4 | BQ82: 4 | BR82: 3 | BS82: 3 | BT82: 4 | BU82: 4 | BV82: 4 | BW82: 4 | BX82: 2 | BY82: 3 | BZ82: 4 | CA82: 2 | CB82: 2 | CC82: 4 | CD82: 4 | CE82: 2 | CF82: 2 | CG82: 4 | CH82: 4 | CI82: 4 | CJ82: 4 | CK82: 4 | CL82: 4 | CM82: 4 | CN82: 4 | CO82: 4 | CP82: 3 | CQ82: 4 | CR82: 4 | CS82: 4 | CT82: 4 | CU82: 4 | CV82: 2 | CW82: 1 | CX82: 4 | CY82: 1 | CZ82: 2 | DA82: 2 | DB82: 1 | DC82: 3 | DD82: 3 | DE82: 4 | DF82: 4 | DG82: 3 | DH82: 2 | DI82: 2 | DJ82: 3 | DK82: 2 | DL82: 2 | DM82: 3 | DN82: 2 | DO82: 4 | DP82: 3 | DQ82: 2 | DR82: 2 | DS82: 2 | DT82: 4 | DU82: 2 | DV82: 4 | DW82: 2
A83: 9º ano C | B83: 3 | C83: 3 | D83: 2 | E83: 1 | F83: 2 | G83: 4 | H83: 3 | I83: 4 | J83: 4 | K83: 3 | L83: 3 | M83: 3 | N83: 4 | O83: 4 | P83: 4 | Q83: 4 | R83: 4 | S83: 4 | T83: 3 | U83: 4 | V83: 4 | W83: 2 | X83: 2 | Y83: 3 | Z83: 3 | AA83: 3 | AB83: 4 | AC83: 3 | AD83: 3 | AE83: 3 | AF83: 2 | AG83: 3 | AH83: 2 | AI83: 4 | AJ83: 2 | AK83: 4 | AL83: 4 | AM83: 4 | AN83: 4 | AO83: 4 | AP83: 4 | AQ83: 4 | AR83: 3 | AS83: 2 | AT83: 4 | AU83: 4 | AV83: 4 | AW83: 3 | AX83: 4 | AY83: 3 | AZ83: 3 | BA83: 4 | BB83: 4 | BC83: 2 | BD83: 3 | BE83: 3 | BF83: 3 | BG83: 3 | BH83: 3 | BI83: 4 | BJ83: 2 | BK83: 4 | BL83: 3 | BM83: 2 | BN83: 4 | BO83: 3 | BP83: 2 | BQ83: 4 | BR83: 4 | BS83: 2 | BT83: 4 | BU83: 3 | BV83: 4 | BW83: 4 | BX83: 3 | BY83: 3 | BZ83: 4 | CA83: 2 | CB83: 2 | CC83: 1 | CD83: 4 | CE83: 1 | CF83: 3 | CG83: 1 | CH83: 4 | CI83: 3 | CJ83: 3 | CK83: 4 | CL83: 3 | CM83: 4 | CN83: 4 | CO83: 4 | CP83: 4 | CQ83: 4 | CR83: 4 | CS83: 3 | CT83: 4 | CU83: 4 | CV83: 1 | CW83: 3 | CX83: 2 | CY83: 4 | CZ83: 1 | DA83: 3 | DB83: 2 | DC83: 3 | DD83: 3 | DE83: 3 | DF83: 2 | DG83: 4 | DH83: 3 | DI83: 3 | DJ83: 4 | DK83: 4 | DL83: 4 | DM83: 4 | DN83: 4 | DO83: 2 | DP83: 4 | DQ83: 4 | DR83: 4 | DS83: 3 | DT83: 4 | DU83: 2 | DV83: 4 | DW83: 3
A84: 9º ano C | B84: 4 | C84: 4 | D84: 4 | E84: 4 | F84: 4 | G84: 4 | H84: 4 | I84: 3 | J84: 3 | K84: 3 | L84: 3 | M84: 3 | N84: 3 | O84: 3 | P84: 3 | Q84: 3 | R84: 3 | S84: 3 | T84: 3 | U84: 3 | V84: 3 | W84: 1 | X84: 1 | Y84: 1 | Z84: 1 | AA84: 1 | AB84: 1 | AC84: 1 | AD84: 1 | AE84: 1 | AF84: 1 | AG84: 1 | AH84: 1 | AI84: 1 | AJ84: 1 | AK84: 1 | AL84: 1 | AM84: 1 | AN84: 1 | AO84: 1 | AP84: 1 | AQ84: 1 | AR84: 1 | AS84: 1 | AT84: 1 | AU84: 1 | AV84: 1 | AW84: 1 | AX84: 1 | AY84: 3 | AZ84: 3 | BA84: 3 | BB84: 3 | BC84: 3 | BD84: 3 | BE84: 3 | BF84: 1 | BG84: 1 | BH84: 1 | BI84: 1 | BJ84: 1 | BK84: 1 | BL84: 1 | BM84: 1 | BN84: 1 | BO84: 1 | BP84: 1 | BQ84: 1 | BR84: 1 | BS84: 1 | BT84: 3 | BU84: 3 | BV84: 3 | BW84: 3 | BX84: 3 | BY84: 3 | BZ84: 3 | CA84: 2 | CB84: 2 | CC84: 2 | CD84: 2 | CE84: 2 | CF84: 2 | CG84: 2 | CH84: 4 | CI84: 4 | CJ84: 4 | CK84: 4 | CL84: 4 | CM84: 4 | CN84: 4 | CO84: 1 | CP84: 1 | CQ84: 1 | CR84: 1 | CS84: 1 | CT84: 1 | CU84: 1 | CV84: 3 | CW84: 3 | CX84: 3 | CY84: 3 | CZ84: 3 | DA84: 3 | DB84: 3 | DC84: 2 | DD84: 2 | DE84: 2 | DF84: 2 | DG84: 2 | DH84: 2 | DI84: 2 | DJ84: 1 | DK84: 1 | DL84: 1 | DM84: 1 | DN84: 1 | DO84: 1 | DP84: 1 | DQ84: 4 | DR84: 4 | DS84: 4 | DT84: 4 | DU84: 4 | DV84: 4 | DW84: 4
A85: 9º ano D | B85: 4 | C85: 4 | D85: 4 | E85: 4 | F85: 4 | G85: 4 | H85: 4 | I85: 4 | J85: 4 | K85: 4 | L85: 4 | M85: 3 | N85: 4 | O85: 4 | P85: 4 | Q85: 3 | R85: 4 | S85: 4 | U85: 4 | V85: 4 | W85: 4 | X85: 4 | Y85: 4 | Z85: 4 | AA85: 4 | AB85: 4 | AC85: 4 | AD85: 2 | AE85: 3 | AF85: 2 | AG85: 4 | AH85: 2 | AI85: 3 | AJ85: 2 | AK85: 2 | AL85: 3 | AM85: 3 | AN85: 3 | AO85: 2 | AP85: 3 | AQ85: 2 | AR85: 4 | AS85: 4 | AT85: 4 | AU85: 4 | AV85: 3 | AW85: 4 | AX85: 4 | AY85: 3 | AZ85: 4 | BA85: 3 | BB85: 4 | BC85: 3 | BD85: 4 | BE85: 3 | BF85: 4 | BG85: 4 | BH85: 3 | BI85: 4 | BJ85: 3 | BK85: 4 | BL85: 3 | BM85: 4 | BN85: 4 | BO85: 4 | BP85: 4 | BQ85: 3 | BR85: 4 | BS85: 4 | BT85: 4 | BU85: 4 | BV85: 4 | BW85: 4 | BX85: 4 | BY85: 4 | BZ85: 4 | CA85: 3 | CB85: 3 | CC85: 3 | CD85: 3 | CE85: 2 | CF85: 3 | CG85: 3 | CH85: 4 | CI85: 4 | CJ85: 4 | CK85: 4 | CL85: 4 | CM85: 4 | CN85: 4 | CO85: 4 | CP85: 4 | CQ85: 3 | CR85: 4 | CS85: 4 | CT85: 4 | CU85: 4 | CV85: 4 | CW85: 4 | CX85: 3 | CY85: 4 | CZ85: 3 | DA85: 4 | DB85: 3 | DC85: 4 | DD85: 4 | DE85: 4 | DF85: 4 | DG85: 4 | DH85: 4 | DI85: 4 | DJ85: 4 | DK85: 4 | DL85: 4 | DM85: 4 | DN85: 4 | DO85: 4 | DP85: 4 | DQ85: 3 | DR85: 3 | DS85: 4 | DT85: 4 | DU85: 3 | DV85: 4 | DW85: 3
A86: 9º ano D | B86: 4 | C86: 4 | D86: 4 | E86: 4 | F86: 4 | G86: 4 | H86: 4 | I86: 4 | J86: 4 | K86: 4 | L86: 4 | M86: 4 | N86: 4 | O86: 4 | P86: 4 | Q86: 4 | R86: 4 | S86: 4 | T86: 4 | U86: 4 | V86: 4 | W86: 3 | X86: 2 | Y86: 2 | Z86: 2 | AA86: 2 | AB86: 2 | AC86: 2 | AD86: 3 | AE86: 3 | AF86: 3 | AG86: 3 | AH86: 3 | AI86: 3 | AJ86: 3 | AK86: 2 | AL86: 2 | AM86: 2 | AN86: 2 | AO86: 2 | AP86: 2 | AQ86: 2 | AR86: 4 | AS86: 4 | AT86: 4 | AU86: 4 | AV86: 4 | AW86: 4 | AX86: 4 | AY86: 4 | AZ86: 4 | BA86: 4 | BB86: 4 | BC86: 4 | BD86: 4 | BE86: 4 | BF86: 3 | BG86: 3 | BH86: 3 | BI86: 3 | BJ86: 3 | BK86: 3 | BL86: 3 | BM86: 3 | BN86: 2 | BO86: 3 | BP86: 2 | BQ86: 3 | BR86: 2 | BS86: 3 | BT86: 4 | BU86: 4 | BV86: 4 | BW86: 4 | BX86: 4 | BY86: 4 | BZ86: 4 | CA86: 2 | CB86: 2 | CC86: 2 | CD86: 2 | CE86: 2 | CF86: 2 | CG86: 2 | CH86: 4 | CI86: 4 | CJ86: 4 | CK86: 4 | CL86: 4 | CM86: 4 | CN86: 4 | CO86: 4 | CP86: 3 | CQ86: 4 | CR86: 3 | CS86: 4 | CT86: 3 | CU86: 4 | CV86: 3 | CW86: 3 | CX86: 3 | CY86: 3 | CZ86: 3 | DA86: 3 | DB86: 3 | DC86: 3 | DD86: 3 | DE86: 3 | DF86: 3 | DG86: 3 | DH86: 3 | DI86: 3 | DJ86: 4 | DK86: 4 | DL86: 4 | DM86: 4 | DN86: 4 | DO86: 4 | DP86: 4 | DQ86: 3 | DR86: 3 | DS86: 3 | DT86: 3 | DU86: 3 | DV86: 3 | DW86: 3
A87: 9º ano D | B87: 4 | C87: 4 | D87: 4 | E87: 4 | F87: 4 | G87: 4 | H87: 3 | I87: 1 | J87: 1 | K87: 1 | L87: 1 | M87: 1 | N87: 1 | O87: 1 | P87: 4 | Q87: 4 | R87: 4 | S87: 4 | T87: 4 | U87: 4 | V87: 4 | W87: 4 | X87: 4 | Y87: 4 | Z87: 4 | AA87: 4 | AB87: 4 | AC87: 4 | AD87: 1 | AE87: 1 | AF87: 1 | AG87: 1 | AH87: 1 | AI87: 1 | AJ87: 1 | AK87: 3 | AL87: 3 | AM87: 3 | AN87: 3 | AO87: 2 | AP87: 1 | AQ87: 1 | AR87: 1 | AS87: 1 | AT87: 1 | AU87: 1 | AV87: 1 | AW87: 1 | AX87: 1 | AY87: 4 | AZ87: 4 | BA87: 4 | BB87: 4 | BC87: 4 | BD87: 4 | BE87: 4 | BF87: 2 | BG87: 2 | BH87: 2 | BI87: 2 | BJ87: 2 | BK87: 4 | BL87: 2 | BM87: 4 | BN87: 4 | BO87: 4 | BP87: 4 | BQ87: 4 | BR87: 4 | BS87: 4
A88: 9º ano D | B88: 4 | C88: 4 | D88: 4 | E88: 4 | F88: 4 | G88: 4 | H88: 4 | I88: 4 | J88: 4 | K88: 4 | L88: 4 | M88: 4 | N88: 4 | O88: 4 | P88: 4 | Q88: 4 | R88: 4 | S88: 4 | T88: 4 | U88: 4 | V88: 4 | W88: 3 | X88: 2 | Y88: 4 | Z88: 2 | AA88: 3 | AB88: 4 | AC88: 3 | AD88: 1 | AE88: 1 | AF88: 1 | AG88: 1 | AH88: 1 | AI88: 1 | AJ88: 1 | AK88: 3 | AL88: 3 | AM88: 3 | AN88: 3 | AO88: 3 | AP88: 3 | AQ88: 3 | AR88: 3 | AS88: 3 | AT88: 3 | AU88: 3 | AV88: 3 | AW88: 3 | AX88: 3 | AY88: 4 | AZ88: 3 | BA88: 4 | BB88: 4 | BC88: 4 | BD88: 4 | BE88: 4 | BF88: 1 | BG88: 1 | BH88: 1 | BI88: 1 | BJ88: 1 | BK88: 1 | BL88: 1 | BM88: 4 | BN88: 4 | BO88: 4 | BP88: 4 | BQ88: 4 | BR88: 4 | BS88: 4 | BT88: 4 | BU88: 4 | BV88: 4 | BW88: 4 | BX88: 4 | BY88: 4 | BZ88: 4 | CA88: 1 | CB88: 1 | CC88: 1 | CD88: 1 | CE88: 1 | CF88: 1 | CG88: 1 | CH88: 4 | CI88: 4 | CJ88: 4 | CK88: 4 | CL88: 4 | CM88: 4 | CN88: 4 | CO88: 3 | CP88: 3 | CQ88: 3 | CR88: 3 | CS88: 4 | CT88: 4 | CU88: 4 | CV88: 4 | CW88: 4 | CX88: 4 | CY88: 4 | CZ88: 4 | DA88: 4 | DB88: 4 | DC88: 4 | DD88: 4 | DE88: 4 | DF88: 4 | DG88: 4 | DH88: 4 | DI88: 4 | DJ88: 4 | DK88: 4 | DL88: 4 | DM88: 4 | DN88: 4 | DO88: 4 | DP88: 4 | DQ88: 4 | DR88: 4 | DS88: 4 | DT88: 4 | DU88: 4 | DV88: 4 | DW88: 4
A89: 9º ano D | B89: 4 | C89: 4 | D89: 4 | E89: 4 | F89: 4 | G89: 4 | H89: 4 | I89: 4 | J89: 4 | K89: 4 | L89: 4 | M89: 4 | N89: 4 | O89: 4 | P89: 4 | Q89: 4 | R89: 4 | S89: 4 | T89: 4 | U89: 4 | V89: 4 | W89: 4 | X89: 4 | Y89: 4 | Z89: 4 | AA89: 4 | AB89: 4 | AC89: 4 | AD89: 3 | AE89: 4 | AF89: 3 | AG89: 4 | AH89: 3 | AI89: 3 | AJ89: 4 | AK89: 4 | AL89: 4 | AM89: 4 | AN89: 4 | AO89: 4 | AP89: 4 | AQ89: 4 | AR89: 4 | AS89: 4 | AT89: 4 | AU89: 4 | AV89: 4 | AW89: 4 | AX89: 4 | AY89: 4 | AZ89: 4 | BA89: 4 | BB89: 4 | BC89: 4 | BD89: 4 | BE89: 4 | BF89: 2 | BG89: 2 | BH89: 2 | BI89: 2 | BJ89: 2 | BK89: 2 | BL89: 2 | BM89: 4 | BN89: 4 | BO89: 4 | BP89: 4 | BQ89: 4 | BR89: 4 | BS89: 4 | BT89: 4 | BU89: 4 | BV89: 4 | BW89: 4 | BX89: 3 | BY89: 3 | BZ89: 3 | CA89: 4 | CB89: 4 | CC89: 4 | CD89: 4 | CE89: 4 | CF89: 4 | CG89: 4 | CH89: 4 | CI89: 4 | CJ89: 4 | CK89: 4 | CL89: 4 | CM89: 4 | CN89: 4 | CO89: 4 | CP89: 4 | CQ89: 4 | CR89: 4 | CS89: 4 | CT89: 4 | CU89: 4 | CV89: 3 | CW89: 4 | CX89: 2 | CY89: 4 | CZ89: 4 | DA89: 3 | DB89: 4 | DC89: 4 | DD89: 4 | DE89: 4 | DF89: 4 | DG89: 4 | DH89: 4 | DI89: 4 | DJ89: 4 | DK89: 4 | DL89: 4 | DM89: 4 | DN89: 4 | DO89: 4 | DP89: 4 | DQ89: 4 | DR89: 4 | DS89: 4 | DT89: 4 | DU89: 4 | DV89: 4 | DW89: 4
A90: 9º ano D | B90: 4 | C90: 4 | D90: 4 | E90: 4 | F90: 4 | G90: 4 | H90: 4 | I90: 2 | J90: 2 | K90: 2 | L90: 2 | M90: 2 | N90: 2 | O90: 2 | P90: 1 | Q90: 1 | R90: 1 | S90: 1 | T90: 1 | U90: 1 | V90: 1 | W90: 3 | X90: 3 | Y90: 3 | Z90: 3 | AA90: 3 | AB90: 3 | AC90: 3 | AD90: 1 | AE90: 1 | AF90: 1 | AG90: 1 | AH90: 1 | AI90: 1 | AJ90: 1 | AK90: 2 | AL90: 2 | AM90: 2 | AN90: 2 | AO90: 2 | AP90: 2 | AQ90: 2 | AR90: 4 | AS90: 4 | AT90: 4 | AU90: 4 | AV90: 4 | AW90: 4 | AX90: 4 | AY90: 1 | AZ90: 1 | BA90: 1 | BB90: 1 | BC90: 1 | BD90: 1 | BE90: 1 | BF90: 1 | BG90: 1 | BH90: 1 | BI90: 1 | BJ90: 1 | BK90: 1 | BL90: 1 | BM90: 1 | BN90: 1 | BO90: 1 | BP90: 1 | BQ90: 1 | BR90: 1 | BS90: 1 | BT90: 2 | BU90: 2 | BV90: 1 | BW90: 2 | BX90: 1 | BY90: 2 | BZ90: 1 | CA90: 4 | CB90: 4 | CC90: 4 | CD90: 4 | CE90: 2 | CF90: 4 | CG90: 4 | CH90: 4 | CI90: 4 | CJ90: 4 | CK90: 4 | CL90: 4 | CM90: 4 | CN90: 4 | CO90: 4 | CP90: 4 | CQ90: 4 | CR90: 4 | CS90: 4 | CT90: 4 | CU90: 4 | CV90: 1 | CW90: 1 | CX90: 1 | CY90: 1 | CZ90: 1 | DA90: 1 | DB90: 1 | DC90: 2 | DD90: 2 | DE90: 2 | DF90: 2 | DG90: 2 | DH90: 2 | DI90: 2 | DJ90: 4 | DK90: 4 | DL90: 4 | DM90: 4 | DN90: 4 | DO90: 4 | DP90: 4 | DQ90: 2 | DR90: 2 | DS90: 2 | DT90: 2 | DU90: 2 | DV90: 2 | DW90: 2
A91: 9º ano D | B91: 4 | C91: 4 | D91: 4 | E91: 4 | F91: 4 | G91: 4 | H91: 4 | I91: 4 | J91: 4 | K91: 4 | L91: 4 | M91: 4 | N91: 4 | O91: 4 | P91: 4 | Q91: 4 | R91: 4 | S91: 4 | T91: 4 | U91: 4 | V91: 4 | W91: 4 | X91: 4 | Y91: 4 | Z91: 4 | AA91: 4 | AB91: 4 | AC91: 4 | AD91: 4 | AE91: 4 | AF91: 4 | AG91: 4 | AH91: 4 | AI91: 4 | AJ91: 4 | AK91: 4 | AL91: 4 | AM91: 4 | AN91: 4 | AO91: 4 | AP91: 4 | AQ91: 4 | AR91: 4 | AS91: 4 | AT91: 4 | AU91: 4 | AV91: 4 | AW91: 4 | AX91: 4 | AY91: 4 | AZ91: 4 | BA91: 4 | BB91: 4 | BC91: 4 | BD91: 4 | BE91: 4 | BF91: 4 | BG91: 4 | BH91: 4 | BI91: 4 | BJ91: 4 | BK91: 4 | BL91: 4 | BM91: 4 | BN91: 4 | BO91: 4 | BP91: 4 | BQ91: 4 | BR91: 4 | BS91: 4 | BT91: 4 | BU91: 4 | BV91: 4 | BW91: 4 | BX91: 4 | BY91: 4 | BZ91: 4 | CA91: 4 | CB91: 4 | CC91: 4 | CD91: 4 | CE91: 4 | CF91: 4 | CG91: 4 | CH91: 4 | CI91: 4 | CJ91: 4 | CK91: 4 | CL91: 4 | CM91: 4 | CN91: 4 | CO91: 4 | CP91: 4 | CQ91: 4 | CR91: 4 | CS91: 4 | CT91: 4 | CU91: 4 | CV91: 4 | CW91: 4 | CX91: 4 | CY91: 4 | CZ91: 4 | DA91: 4 | DB91: 4 | DC91: 4 | DD91: 4 | DE91: 4 | DF91: 4 | DG91: 4 | DH91: 4 | DI91: 4 | DJ91: 4 | DK91: 4 | DL91: 4 | DM91: 4 | DN91: 4 | DO91: 4 | DP91: 4 | DQ91: 4 | DR91: 4 | DS91: 4 | DT91: 4 | DU91: 4 | DV91: 4 | DW91: 4
A92: 9º ano D | B92: 4 | C92: 4 | D92: 4 | E92: 4 | F92: 4 | G92: 4 | H92: 4 | I92: 3 | J92: 4 | K92: 2 | L92: 4 | M92: 2 | N92: 4 | O92: 4 | P92: 1 | Q92: 2 | R92: 2 | S92: 2 | T92: 1 | U92: 3 | V92: 1 | W92: 1 | X92: 1 | Y92: 1 | Z92: 1 | AA92: 1 | AB92: 1 | AC92: 1 | AD92: 1 | AE92: 1 | AF92: 1 | AG92: 1 | AH92: 1 | AI92: 1 | AJ92: 1 | AK92: 3 | AL92: 2 | AM92: 3 | AN92: 2 | AO92: 3 | AP92: 2 | AQ92: 3 | AR92: 3 | AS92: 4 | AT92: 3 | AU92: 4 | AV92: 3 | AW92: 4 | AX92: 3 | AY92: 4 | AZ92: 4 | BA92: 4 | BB92: 4 | BC92: 4 | BD92: 4 | BE92: 4 | BF92: 1 | BG92: 1 | BH92: 1 | BI92: 1 | BJ92: 1 | BK92: 1 | BL92: 4 | BM92: 1 | BN92: 2 | BO92: 1 | BP92: 2 | BQ92: 1 | BR92: 2 | BS92: 1 | BT92: 4 | BU92: 3 | BV92: 4 | BW92: 2 | BX92: 4 | BY92: 3 | BZ92: 4 | CA92: 1 | CB92: 1 | CC92: 1 | CD92: 1 | CE92: 1 | CF92: 1 | CG92: 1 | CH92: 4 | CI92: 4 | CJ92: 4 | CK92: 4 | CL92: 4 | CM92: 4 | CN92: 4 | CO92: 2 | CP92: 2 | CQ92: 1 | CR92: 2 | CS92: 1 | CT92: 3 | CU92: 1 | CV92: 4 | CW92: 4 | CX92: 4 | CY92: 4 | CZ92: 4 | DA92: 4 | DB92: 4 | DC92: 3 | DD92: 4 | DE92: 3 | DF92: 2 | DG92: 1 | DH92: 1 | DI92: 4 | DJ92: 4 | DK92: 3 | DL92: 4 | DM92: 3 | DN92: 4 | DO92: 3 | DP92: 4 | DQ92: 4 | DR92: 3 | DS92: 4 | DT92: 3 | DU92: 4 | DV92: 4 | DW92: 4
A93: 9º ano D | B93: 4 | C93: 4 | D93: 4 | E93: 4 | F93: 3 | G93: 4 | H93: 4 | I93: 3 | J93: 4 | K93: 4 | L93: 3 | M93: 2 | N93: 3 | O93: 4 | P93: 4 | Q93: 3 | R93: 3 | S93: 4 | T93: 2 | U93: 3 | V93: 4 | W93: 3 | X93: 2 | Y93: 3 | Z93: 3 | AA93: 2 | AB93: 3 | AC93: 3 | AD93: 3 | AE93: 3 | AF93: 2 | AG93: 4 | AH93: 2 | AI93: 4 | AJ93: 3 | AK93: 2 | AL93: 2 | AM93: 2 | AN93: 3 | AO93: 2 | AP93: 2 | AQ93: 2 | AR93: 4 | AS93: 3 | AT93: 3 | AU93: 4 | AV93: 3 | AW93: 4 | AX93: 4 | AY93: 4 | AZ93: 4 | BA93: 4 | BB93: 4 | BC93: 4 | BD93: 4 | BE93: 4 | BF93: 2 | BG93: 3 | BH93: 2 | BI93: 3 | BJ93: 1 | BK93: 3 | BL93: 2 | BM93: 2 | BN93: 3 | BO93: 3 | BP93: 3 | BQ93: 2 | BR93: 2 | BS93: 3 | BT93: 4 | BU93: 4 | BV93: 4 | BW93: 4 | BX93: 3 | BY93: 4 | BZ93: 4 | CA93: 2 | CB93: 3 | CC93: 3 | CD93: 3 | CE93: 2 | CF93: 3 | CG93: 3 | CH93: 4 | CI93: 4 | CJ93: 4 | CK93: 4 | CL93: 4 | CM93: 4 | CN93: 4 | CO93: 3 | CP93: 3 | CQ93: 3 | CR93: 3 | CS93: 4 | CT93: 2 | CU93: 3 | CV93: 4 | CW93: 4 | CX93: 4 | CY93: 4 | CZ93: 4 | DA93: 4 | DB93: 4 | DC93: 3 | DD93: 4 | DE93: 3 | DF93: 4 | DG93: 3 | DH93: 4 | DI93: 3 | DJ93: 4 | DK93: 4 | DL93: 3 | DM93: 4 | DN93: 3 | DO93: 4 | DP93: 3 | DQ93: 2 | DR93: 2 | DS93: 3 | DT93: 4 | DU93: 2 | DV93: 3 | DW93: 3
A94: 9º ano D | B94: 4 | C94: 4 | D94: 4 | E94: 4 | F94: 4 | G94: 4 | H94: 4 | I94: 4 | J94: 4 | K94: 4 | L94: 4 | M94: 4 | N94: 4 | O94: 4 | P94: 4 | Q94: 4 | R94: 3 | S94: 4 | T94: 3 | U94: 4 | V94: 4 | W94: 4 | X94: 4 | Y94: 3 | Z94: 4 | AA94: 4 | AB94: 4 | AC94: 4 | AD94: 2 | AE94: 3 | AF94: 1 | AG94: 2 | AH94: 2 | AI94: 2 | AJ94: 2 | AK94: 1 | AL94: 1 | AM94: 1 | AN94: 1 | AO94: 1 | AP94: 1 | AQ94: 1 | AR94: 4 | AS94: 4 | AT94: 4 | AU94: 4 | AV94: 4 | AW94: 4 | AX94: 4 | AY94: 4 | AZ94: 4 | BA94: 4 | BB94: 4 | BC94: 4 | BD94: 4 | BE94: 4 | BF94: 1 | BG94: 1 | BH94: 1 | BI94: 1 | BJ94: 1 | BK94: 1 | BL94: 4 | BM94: 4 | BN94: 4 | BO94: 4 | BP94: 4 | BQ94: 3 | BR94: 4 | BS94: 4 | BT94: 4 | BU94: 4 | BV94: 4 | BW94: 4 | BX94: 4 | BY94: 4 | BZ94: 4 | CA94: 1 | CB94: 1 | CC94: 2 | CD94: 3 | CE94: 1 | CF94: 1 | CG94: 1 | CH94: 4 | CI94: 4 | CJ94: 4 | CK94: 4 | CL94: 4 | CM94: 4 | CN94: 4 | CO94: 4 | CP94: 4 | CQ94: 4 | CR94: 4 | CS94: 4 | CT94: 4 | CU94: 4 | CV94: 4 | CW94: 4 | CX94: 4 | CY94: 4 | CZ94: 4 | DA94: 4 | DB94: 4 | DC94: 3 | DD94: 3 | DE94: 3 | DF94: 3 | DG94: 3 | DH94: 3 | DI94: 3 | DJ94: 4 | DK94: 4 | DL94: 4 | DM94: 4 | DN94: 4 | DO94: 4 | DP94: 4 | DQ94: 2 | DR94: 2 | DS94: 2 | DT94: 2 | DU94: 2 | DV94: 2 | DW94: 2
A95: 9º ano D | B95: 4 | C95: 4 | D95: 4 | E95: 4 | F95: 4 | G95: 4 | H95: 4 | I95: 4 | J95: 4 | K95: 4 | L95: 4 | M95: 4 | N95: 4 | O95: 4 | P95: 4 | Q95: 4 | R95: 4 | S95: 4 | T95: 4 | U95: 4 | V95: 4 | W95: 4 | X95: 4 | Y95: 4 | Z95: 4 | AA95: 4 | AB95: 4 | AC95: 4 | AD95: 4 | AE95: 4 | AF95: 4 | AG95: 4 | AH95: 4 | AI95: 4 | AJ95: 4 | AK95: 4 | AL95: 4 | AM95: 4 | AN95: 4 | AO95: 4 | AP95: 4 | AQ95: 4 | AR95: 4 | AS95: 4 | AT95: 4 | AU95: 4 | AV95: 4 | AW95: 4 | AX95: 4 | AY95: 4 | AZ95: 4 | BA95: 4 | BB95: 4 | BC95: 4 | BD95: 4 | BE95: 4 | BF95: 1 | BG95: 1 | BH95: 1 | BI95: 1 | BJ95: 1 | BK95: 1 | BL95: 1 | BM95: 4 | BN95: 4 | BO95: 4 | BP95: 4 | BQ95: 4 | BR95: 4 | BS95: 4 | BT95: 4 | BU95: 4 | BV95: 4 | BW95: 4 | BX95: 4 | BY95: 4 | BZ95: 4 | CA95: 1 | CB95: 1 | CC95: 1 | CD95: 1 | CE95: 1 | CF95: 1 | CG95: 1 | CH95: 4 | CI95: 4 | CJ95: 4 | CK95: 4 | CL95: 4 | CM95: 4 | CN95: 4 | CO95: 4 | CP95: 4 | CQ95: 4 | CR95: 4 | CS95: 4 | CT95: 4 | CU95: 4 | CV95: 1 | CW95: 1 | CX95: 1 | CY95: 1 | CZ95: 1 | DA95: 1 | DB95: 1 | DC95: 1 | DD95: 1 | DE95: 1 | DF95: 1 | DG95: 1 | DH95: 1 | DI95: 1 | DJ95: 4 | DK95: 4 | DL95: 3 | DM95: 4 | DN95: 4 | DO95: 4 | DP95: 4 | DQ95: 4 | DR95: 4 | DS95: 4 | DT95: 4 | DU95: 4 | DV95: 4 | DW95: 4
A96: 9º ano D | B96: 4 | C96: 4 | D96: 4 | E96: 4 | F96: 4 | G96: 4 | H96: 4 | I96: 2 | J96: 3 | K96: 3 | L96: 3 | M96: 3 | N96: 2 | O96: 2 | P96: 4 | Q96: 4 | R96: 1 | S96: 1 | T96: 1 | U96: 1 | V96: 1 | W96: 2 | X96: 2 | Y96: 2 | Z96: 2 | AA96: 2 | AB96: 2 | AC96: 2 | AD96: 1 | AE96: 1 | AF96: 1 | AG96: 1 | AH96: 1 | AI96: 1 | AJ96: 1 | AK96: 4 | AL96: 4 | AM96: 4 | AN96: 4 | AO96: 4 | AP96: 4 | AQ96: 4 | AR96: 4 | AS96: 4 | AT96: 4 | AU96: 4 | AV96: 4 | AW96: 4 | AX96: 4 | AY96: 3 | AZ96: 3 | BA96: 1 | BB96: 1 | BC96: 1 | BD96: 2 | BE96: 4 | BF96: 1 | BG96: 1 | BH96: 1 | BI96: 1 | BJ96: 1 | BK96: 1 | BL96: 1 | BM96: 2 | BN96: 2 | BO96: 3 | BP96: 3 | BQ96: 2 | BR96: 2 | BS96: 1 | BT96: 4 | BU96: 4 | BV96: 4 | BW96: 4 | BX96: 4 | BY96: 4 | BZ96: 4 | CA96: 1 | CB96: 1 | CC96: 1 | CD96: 1 | CE96: 1 | CF96: 1 | CG96: 1 | CH96: 4 | CI96: 4 | CJ96: 4 | CK96: 4 | CL96: 4 | CM96: 4 | CN96: 4 | CO96: 2 | CP96: 2 | CQ96: 2 | CR96: 2 | CS96: 2 | CU96: 2 | CV96: 1 | CW96: 1 | CY96: 1 | CZ96: 1 | DA96: 1 | DB96: 1 | DC96: 3 | DD96: 4 | DE96: 4 | DF96: 4 | DG96: 4 | DH96: 4 | DI96: 4 | DJ96: 4 | DK96: 4 | DL96: 4 | DM96: 4 | DN96: 4 | DO96: 4 | DP96: 4 | DQ96: 3 | DR96: 3 | DS96: 3 | DU96: 2 | DV96: 2 | DW96: 2
A97: 9º ano D | B97: 4 | C97: 4 | D97: 4 | E97: 4 | F97: 4 | G97: 4 | H97: 4 | I97: 4 | J97: 4 | K97: 4 | L97: 4 | M97: 4 | N97: 4 | O97: 4 | P97: 4 | Q97: 4 | R97: 4 | S97: 4 | T97: 4 | U97: 4 | V97: 4 | W97: 4 | X97: 3 | Y97: 4 | Z97: 4 | AA97: 3 | AB97: 2 | AC97: 4 | AD97: 2 | AE97: 3 | AF97: 2 | AG97: 4 | AH97: 1 | AI97: 2 | AJ97: 2 | AK97: 4 | AL97: 4 | AM97: 4 | AN97: 4 | AO97: 4 | AP97: 4 | AQ97: 4 | AR97: 4 | AS97: 4 | AT97: 4 | AU97: 4 | AV97: 4 | AW97: 4 | AX97: 4 | AY97: 4 | AZ97: 4 | BA97: 4 | BB97: 4 | BC97: 4 | BD97: 4 | BE97: 4 | BF97: 4 | BG97: 4 | BH97: 4 | BI97: 4 | BJ97: 3 | BK97: 4 | BL97: 4 | BM97: 4 | BN97: 4 | BO97: 4 | BP97: 4 | BQ97: 4 | BR97: 4 | BS97: 4 | BT97: 4 | BU97: 4 | BV97: 4 | BW97: 4 | BX97: 4 | BY97: 4 | BZ97: 4 | CH97: 4 | CI97: 4 | CJ97: 4 | CK97: 4 | CL97: 4 | CM97: 4 | CN97: 4 | CO97: 4 | CP97: 4 | CQ97: 4 | CR97: 4 | CS97: 4 | CT97: 4 | CU97: 4 | CV97: 1 | CW97: 1 | CX97: 2 | CY97: 2 | CZ97: 2 | DA97: 2 | DB97: 1 | DC97: 3 | DD97: 3 | DE97: 4 | DF97: 4 | DG97: 3 | DH97: 4 | DI97: 4 | DJ97: 4 | DK97: 4 | DL97: 4 | DM97: 4 | DN97: 4 | DO97: 4 | DP97: 4 | DQ97: 4 | DR97: 4 | DS97: 4 | DT97: 4 | DU97: 4 | DV97: 4 | DW97: 4
A98: 9º ano D | B98: 4 | C98: 4 | D98: 4 | E98: 4 | F98: 4 | G98: 4 | H98: 4 | I98: 4 | J98: 4 | K98: 3 | L98: 4 | M98: 4 | N98: 4 | O98: 4 | P98: 4 | Q98: 3 | R98: 3 | S98: 4 | T98: 2 | U98: 4 | V98: 3 | W98: 3 | X98: 4 | Y98: 4 | Z98: 4 | AA98: 3 | AB98: 4 | AC98: 4 | AD98: 3 | AE98: 3 | AF98: 2 | AG98: 4 | AH98: 2 | AI98: 3 | AJ98: 2 | AK98: 3 | AL98: 4 | AM98: 3 | AN98: 2 | AO98: 2 | AP98: 3 | AQ98: 2 | AR98: 4 | AS98: 4 | AT98: 3 | AU98: 4 | AV98: 3 | AW98: 4 | AX98: 4 | AY98: 3 | AZ98: 3 | BA98: 2 | BB98: 3 | BC98: 2 | BD98: 3 | BE98: 3 | BF98: 2 | BG98: 3 | BH98: 2 | BI98: 2 | BJ98: 1 | BK98: 3 | BL98: 2 | BM98: 2 | BN98: 3 | BO98: 2 | BP98: 2 | BQ98: 3 | BR98: 3 | BS98: 2 | BT98: 4 | BU98: 4 | BV98: 3 | BW98: 4 | BX98: 3 | BY98: 4 | BZ98: 4 | CA98: 1 | CB98: 1 | CC98: 1 | CD98: 2 | CE98: 1 | CF98: 3 | CG98: 1 | CH98: 4 | CI98: 4 | CJ98: 4 | CK98: 4 | CL98: 4 | CM98: 4 | CN98: 4 | CO98: 4 | CP98: 4 | CQ98: 4 | CR98: 4 | CS98: 3 | CT98: 4 | CU98: 4 | CV98: 1 | CW98: 1 | CX98: 1 | CY98: 1 | CZ98: 1 | DA98: 1 | DB98: 1 | DC98: 3 | DD98: 3 | DE98: 3 | DF98: 3 | DG98: 2 | DH98: 3 | DI98: 3 | DJ98: 4 | DK98: 4 | DL98: 4 | DM98: 4 | DN98: 4 | DO98: 4 | DP98: 4 | DQ98: 2 | DR98: 4 | DS98: 4 | DT98: 4 | DU98: 4 | DV98: 4 | DW98: 4
A99: 9º ano D | B99: 4 | C99: 4 | D99: 4 | E99: 4 | F99: 4 | G99: 4 | H99: 4 | I99: 4 | J99: 4 | K99: 4 | L99: 4 | M99: 3 | N99: 4 | O99: 4 | P99: 3 | Q99: 4 | R99: 4 | S99: 4 | T99: 3 | U99: 3 | V99: 3 | W99: 4 | X99: 4 | Y99: 4 | Z99: 3 | AA99: 3 | AB99: 3 | AC99: 4 | AD99: 2 | AE99: 2 | AF99: 1 | AG99: 1 | AH99: 1 | AI99: 1 | AJ99: 1 | AK99: 4 | AL99: 4 | AM99: 4 | AN99: 4 | AO99: 4 | AP99: 4 | AQ99: 4 | AY99: 3 | AZ99: 3 | BA99: 4 | BB99: 3 | BC99: 3 | BD99: 4 | BE99: 3 | BF99: 1 | BG99: 1 | BH99: 1 | BI99: 2 | BJ99: 2 | BK99: 2 | BL99: 2 | BM99: 4 | BN99: 4 | BO99: 3 | BP99: 2 | BQ99: 4 | BR99: 4 | BS99: 4 | BT99: 4 | BU99: 4 | BV99: 4 | BW99: 4 | BX99: 4 | BY99: 4 | BZ99: 4 | CA99: 2 | CB99: 3 | CC99: 1 | CD99: 2 | CE99: 2 | CF99: 1 | CG99: 1 | CH99: 4 | CI99: 4 | CJ99: 4 | CK99: 4 | CL99: 4 | CM99: 4 | CN99: 4 | CO99: 4 | CP99: 4 | CQ99: 4 | CR99: 4 | CS99: 4 | CT99: 4 | CU99: 4 | CV99: 4 | CW99: 4 | CX99: 4 | CY99: 4 | CZ99: 4 | DA99: 4 | DB99: 4 | DC99: 4 | DD99: 4 | DE99: 4 | DF99: 4 | DG99: 4 | DH99: 3 | DI99: 4 | DJ99: 4 | DK99: 4 | DL99: 4 | DM99: 4 | DN99: 4 | DO99: 4 | DP99: 4 | DQ99: 4 | DR99: 4 | DS99: 4 | DT99: 4 | DU99: 4 | DV99: 4 | DW99: 4
A100: 9º ano D | B100: 4 | C100: 4 | D100: 4 | E100: 4 | F100: 4 | G100: 4 | H100: 4 | I100: 3 | J100: 4 | K100: 4 | L100: 4 | M100: 3 | N100: 4 | O100: 4 | P100: 3 | Q100: 3 | R100: 3 | S100: 3 | T100: 2 | U100: 3 | V100: 3 | W100: 2 | X100: 3 | Y100: 2 | Z100: 3 | AA100: 2 | AB100: 3 | AC100: 4 | AD100: 1 | AE100: 3 | AF100: 1 | AG100: 2 | AH100: 1 | AI100: 3 | AJ100: 3 | AK100: 4 | AL100: 4 | AM100: 4 | AN100: 4 | AO100: 4 | AP100: 4 | AQ100: 4 | AR100: 2 | AS100: 2 | AT100: 2 | AU100: 2 | AV100: 2 | AW100: 2 | AX100: 2 | AY100: 4 | AZ100: 4 | BA100: 4 | BB100: 4 | BC100: 4 | BD100: 4 | BE100: 4 | BF100: 1 | BG100: 2 | BH100: 1 | BI100: 2 | BJ100: 1 | BK100: 2 | BL100: 1 | BM100: 3 | BN100: 2 | BO100: 3 | BP100: 3 | BQ100: 2 | BR100: 4 | BS100: 3 | BT100: 3 | BU100: 4 | BV100: 4 | BW100: 3 | BX100: 3 | BY100: 4 | BZ100: 4 | CA100: 1 | CB100: 1 | CC100: 1 | CD100: 1 | CE100: 1 | CF100: 1 | CG100: 1 | CH100: 4 | CI100: 4 | CJ100: 4 | CK100: 4 | CL100: 4 | CM100: 4 | CN100: 4 | CO100: 3 | CP100: 2 | CQ100: 3 | CR100: 3 | CS100: 3 | CT100: 3 | CU100: 4 | CV100: 4 | CW100: 4 | CX100: 4 | CY100: 4 | CZ100: 4 | DA100: 4 | DB100: 4 | DC100: 1 | DD100: 1 | DE100: 1 | DF100: 1 | DG100: 2 | DH100: 2 | DI100: 1 | DJ100: 4 | DK100: 4 | DL100: 4 | DM100: 4 | DN100: 4 | DO100: 4 | DP100: 4 | DQ100: 2 | DR100: 3 | DS100: 2 | DT100: 2 | DU100: 3 | DV100: 2 | DW100: 3
...

Sheet 6°Ano
B1: Alice - Arte e Dança | I1: Daniela - Ciências e Ciências Aplicada | P1: Danielle - Ciências e Ciências Aplicada | W1: Diego - Matemática | AD1: Karen - Redação | AK1: Luana - Ciência Aplicada | AR1: Márcia - Arte Visual | AY1: Mário - Geografia | BF1: Monique - LIV | BM1: Pavarina - Educação Física | BT1: Renata - Inglês CLIL | CA1: Ricardo - História | CH1: Rita - Leitura e Gramática | CO1: Valeska - Inglês Language
A2: Perguntas | B2: 1 | C2: 2 | D2: 3 | E2: 4 | F2: 5 | G2: 6 | H2: 7 | I2: 1 | J2: 2 | K2: 3 | L2: 4 | M2: 5 | N2: 6 | O2: 7 | P2: 1 | Q2: 2 | R2: 3 | S2: 4 | T2: 5 | U2: 6 | V2: 7 | W2: 1 | X2: 2 | Y2: 3 | Z2: 4 | AA2: 5 | AB2: 6 | AC2: 7 | AD2: 1 | AE2: 2 | AF2: 3 | AG2: 4 | AH2: 5 | AI2: 6 | AJ2: 7 | AK2: 1 | AL2: 2 | AM2: 3 | AN2: 4 | AO2: 5 | AP2: 6 | AQ2: 7 | AR2: 1 | AS2: 2 | AT2: 3 | AU2: 4 | AV2: 5 | AW2: 6 | AX2: 7 | AY2: 1 | AZ2: 2 | BA2: 3 | BB2: 4 | BC2: 5 | BD2: 6 | BE2: 7 | BF2: 1 | BG2: 2 | BH2: 3 | BI2: 4 | BJ2: 5 | BK2: 6 | BL2: 7 | BM2: 1 | BN2: 2 | BO2: 3 | BP2: 4 | BQ2: 5 | BR2: 6 | BS2: 7 | BT2: 1 | BU2: 2 | BV2: 3 | BW2: 4 | BX2: 5 | BY2: 6 | BZ2: 7 | CA2: 1 | CB2: 2 | CC2: 3 | CD2: 4 | CE2: 5 | CF2: 6 | CG2: 7 | CH2: 1 | CI2: 2 | CJ2: 3 | CK2: 4 | CL2: 5 | CM2: 6 | CN2: 7 | CO2: 1 | CP2: 2 | CQ2: 3 | CR2: 4 | CS2: 5 | CT2: 6 | CU2: 7
A3: 6º ano A | B3: 4 | C3: 3 | D3: 3 | E3: 3 | F3: 3 | G3: 3 | H3: 3 | I3: 3 | J3: 2 | K3: 3 | L3: 3 | M3: 3 | N3: 3 | O3: 3 | P3: 3 | Q3: 4 | R3: 3 | S3: 3 | T3: 3 | U3: 3 | V3: 3 | W3: 3 | X3: 3 | Y3: 3 | Z3: 3 | AA3: 3 | AB3: 3 | AC3: 3 | AD3: 3 | AE3: 3 | AF3: 3 | AG3: 3 | AH3: 3 | AI3: 3 | AJ3: 3 | AK3: 3 | AL3: 3 | AM3: 3 | AN3: 3 | AO3: 3 | AP3: 3 | AQ3: 3 | AR3: 3 | AS3: 3 | AT3: 3 | AU3: 3 | AV3: 3 | AW3: 3 | AX3: 3 | AY3: 3 | AZ3: 3 | BA3: 3 | BB3: 3 | BC3: 3 | BD3: 3 | BE3: 3 | BF3: 4 | BG3: 4 | BH3: 4 | BI3: 4 | BJ3: 4 | BK3: 4 | BL3: 4 | BM3: 4 | BN3: 4 | BO3: 4 | BP3: 4 | BQ3: 4 | BR3: 4 | BS3: 4 | BT3: 4 | BU3: 4 | BV3: 4 | BW3: 4 | BX3: 4 | BY3: 4 | BZ3: 4 | CA3: 4 | CB3: 4 | CC3: 4 | CD3: 4 | CE3: 4 | CF3: 4 | CG3: 4 | CH3: 4 | CI3: 4 | CJ3: 4 | CK3: 4 | CL3: 4 | CM3: 4 | CN3: 4 | CO3: 3 | CP3: 3 | CQ3: 3 | CR3: 3 | CS3: 3 | CT3: 3 | CU3: 3
A4: 6º ano A | B4: 2 | C4: 3 | D4: 4 | E4: 3 | F4: 4 | G4: 3 | H4: 4 | I4: 1 | J4: 2 | K4: 3 | L4: 2 | M4: 4 | N4: 2 | O4: 2 | P4: 4 | Q4: 4 | R4: 4 | S4: 4 | T4: 4 | U4: 4 | V4: 4 | W4: 4 | X4: 4 | Y4: 4 | Z4: 4 | AA4: 4 | AB4: 4 | AC4: 4 | AD4: 2 | AE4: 2 | AF4: 2 | AG4: 2 | AH4: 1 | AI4: 1 | AJ4: 3 | AK4: 3 | AL4: 3 | AM4: 3 | AN4: 3 | AO4: 3 | AP4: 3 | AQ4: 3 | AR4: 3 | AS4: 2 | AT4: 3 | AU4: 2 | AV4: 3 | AW4: 2 | AX4: 3 | AY4: 3 | AZ4: 3 | BA4: 3 | BB4: 3 | BC4: 4 | BD4: 4 | BE4: 2 | BF4: 4 | BG4: 4 | BH4: 4 | BI4: 4 | BJ4: 4 | BK4: 4 | BL4: 4 | BM4: 4 | BN4: 4 | BO4: 4 | BP4: 4 | BQ4: 4 | BR4: 4 | BS4: 4 | BT4: 3 | BU4: 3 | BV4: 3 | BW4: 3 | BX4: 3 | BY4: 3 | BZ4: 4 | CA4: 4 | CB4: 4 | CC4: 4 | CD4: 4 | CE4: 4 | CF4: 4 | CG4: 4 | CH4: 4 | CI4: 4 | CJ4: 4 | CK4: 4 | CL4: 4 | CM4: 4 | CN4: 4 | CO4: 2 | CP4: 3 | CQ4: 2 | CR4: 3 | CS4: 2 | CT4: 3 | CU4: 2
A5: 6º ano A | B5: 4 | C5: 2 | D5: 4 | E5: 4 | F5: 4 | G5: 3 | H5: 4 | I5: 4 | J5: 4 | K5: 4 | L5: 4 | M5: 4 | N5: 4 | O5: 4 | P5: 4 | Q5: 4 | R5: 4 | S5: 4 | T5: 4 | U5: 4 | V5: 4 | W5: 4 | X5: 4 | Y5: 4 | Z5: 4 | AA5: 4 | AB5: 4 | AC5: 4 | AD5: 4 | AE5: 4 | AF5: 4 | AG5: 4 | AH5: 4 | AI5: 4 | AJ5: 4 | AK5: 4 | AL5: 4 | AM5: 4 | AN5: 4 | AO5: 4 | AP5: 4 | AQ5: 4 | AR5: 4 | AS5: 4 | AT5: 4 | AU5: 4 | AV5: 4 | AW5: 4 | AX5: 4 | AY5: 4 | AZ5: 4 | BA5: 4 | BB5: 4 | BC5: 4 | BD5: 4 | BE5: 4 | BF5: 4 | BG5: 4 | BH5: 4 | BI5: 4 | BJ5: 4 | BK5: 4 | BL5: 4 | BM5: 4 | BN5: 4 | BO5: 4 | BP5: 4 | BQ5: 4 | BR5: 4 | BS5: 4 | BT5: 4 | BU5: 4 | BV5: 4 | BW5: 4 | BX5: 4 | BY5: 4 | BZ5: 4 | CA5: 4 | CB5: 4 | CC5: 4 | CD5: 4 | CE5: 4 | CF5: 4 | CG5: 4 | CH5: 4 | CI5: 4 | CJ5: 4 | CK5: 4 | CL5: 4 | CM5: 4 | CN5: 4 | CO5: 4 | CP5: 4 | CQ5: 4 | CR5: 4 | CS5: 4 | CT5: 4 | CU5: 4
A6: 6º ano A | B6: 4 | C6: 4 | D6: 4 | E6: 4 | F6: 4 | G6: 4 | H6: 4 | I6: 1 | J6: 1 | K6: 1 | L6: 1 | M6: 1 | N6: 1 | O6: 1 | P6: 1 | Q6: 1 | R6: 1 | S6: 1 | T6: 1 | U6: 1 | V6: 1 | W6: 4 | X6: 4 | Y6: 4 | Z6: 4 | AA6: 4 | AB6: 4 | AC6: 4 | AD6: 2 | AE6: 2 | AF6: 2 | AG6: 2 | AH6: 2 | AI6: 2 | AJ6: 2 | AK6: 4 | AL6: 4 | AM6: 4 | AN6: 4 | AO6: 4 | AP6: 4 | AQ6: 4 | AR6: 4 | AS6: 4 | AT6: 4 | AU6: 4 | AV6: 4 | AW6: 4 | AX6: 4 | AY6: 4 | AZ6: 4 | BA6: 4 | BB6: 4 | BC6: 4 | BD6: 4 | BE6: 4 | BF6: 4 | BG6: 4 | BH6: 4 | BI6: 4 | BJ6: 4 | BK6: 4 | BL6: 4 | BM6: 4 | BN6: 4 | BO6: 4 | BP6: 4 | BQ6: 4 | BR6: 4 | BS6: 4 | BT6: 4 | BU6: 4 | BV6: 4 | BW6: 4 | BX6: 4 | BY6: 4 | BZ6: 4 | CA6: 4 | CB6: 4 | CC6: 4 | CD6: 4 | CE6: 4 | CF6: 4 | CG6: 4 | CH6: 4 | CI6: 4 | CJ6: 4 | CK6: 4 | CL6: 4 | CM6: 4 | CN6: 4 | CO6: 4 | CP6: 4 | CQ6: 4 | CR6: 4 | CS6: 4 | CT6: 4 | CU6: 4
A7: 6º ano A | B7: 4 | C7: 4 | D7: 4 | E7: 3 | F7: 4 | G7: 3 | H7: 4 | I7: 2 | J7: 1 | K7: 2 | L7: 1 | M7: 1 | N7: 1 | O7: 2 | P7: 4 | Q7: 3 | R7: 3 | S7: 4 | T7: 3 | U7: 4 | V7: 2 | W7: 4 | X7: 4 | Y7: 4 | Z7: 4 | AA7: 4 | AB7: 4 | AC7: 4 | AD7: 1 | AE7: 1 | AF7: 1 | AG7: 1 | AH7: 1 | AI7: 1 | AJ7: 1 | AK7: 3 | AL7: 3 | AM7: 4 | AN7: 4 | AO7: 4 | AP7: 4 | AQ7: 3 | AR7: 2 | AS7: 2 | AT7: 4 | AU7: 1 | AV7: 1 | AW7: 2 | AX7: 1 | AY7: 3 | AZ7: 2 | BA7: 2 | BB7: 4 | BC7: 4 | BD7: 4 | BE7: 2 | BF7: 4 | BG7: 4 | BH7: 4 | BI7: 4 | BJ7: 4 | BK7: 4 | BL7: 4 | BM7: 4 | BN7: 2 | BO7: 3 | BP7: 2 | BQ7: 4 | BR7: 4 | BS7: 4 | BT7: 4 | BU7: 4 | BV7: 4 | BW7: 4 | BX7: 4 | BY7: 4 | BZ7: 4 | CA7: 4 | CB7: 4 | CC7: 4 | CD7: 4 | CE7: 4 | CF7: 4 | CG7: 4 | CH7: 4 | CI7: 4 | CJ7: 4 | CK7: 4 | CL7: 4 | CM7: 4 | CN7: 4 | CO7: 3 | CP7: 3 | CQ7: 4 | CR7: 4 | CS7: 4 | CT7: 4 | CU7: 4
A8: 6º ano A | B8: 4 | C8: 3 | D8: 2 | E8: 4 | F8: 4 | G8: 2 | H8: 3 | I8: 2 | J8: 1 | K8: 2 | L8: 3 | M8: 4 | N8: 1 | O8: 3 | P8: 4 | Q8: 4 | R8: 4 | S8: 4 | T8: 4 | U8: 4 | V8: 4 | W8: 4 | X8: 4 | Y8: 4 | Z8: 4 | AA8: 4 | AB8: 4 | AC8: 4 | AD8: 1 | AE8: 1 | AF8: 1 | AG8: 1 | AH8: 1 | AI8: 1 | AJ8: 1 | AK8: 4 | AL8: 3 | AM8: 4 | AN8: 3 | AO8: 4 | AP8: 3 | AQ8: 4 | AR8: 2 | AS8: 2 | AT8: 2 | AU8: 4 | AV8: 2 | AW8: 2 | AX8: 2 | AY8: 3 | AZ8: 3 | BA8: 4 | BB8: 4 | BC8: 1 | BD8: 4 | BE8: 3 | BF8: 4 | BG8: 4 | BH8: 4 | BI8: 4 | BJ8: 4 | BK8: 4 | BL8: 4 | BM8: 4 | BN8: 4 | BO8: 4 | BP8: 4 | BQ8: 4 | BR8: 4 | BS8: 4 | BT8: 4 | BU8: 4 | BV8: 4 | BW8: 4 | BX8: 4 | BY8: 4 | BZ8: 4 | CA8: 4 | CB8: 4 | CC8: 4 | CD8: 4 | CE8: 4 | CF8: 4 | CG8: 4 | CH8: 4 | CI8: 4 | CJ8: 4 | CK8: 4 | CL8: 4 | CM8: 4 | CN8: 4 | CO8: 2 | CP8: 3 | CQ8: 2 | CR8: 3 | CS8: 2 | CT8: 3 | CU8: 3
A9: 6º ano A | B9: 4 | C9: 4 | D9: 4 | E9: 4 | F9: 4 | G9: 4 | H9: 4 | I9: 4 | J9: 4 | K9: 4 | L9: 4 | M9: 4 | N9: 4 | O9: 4 | P9: 4 | Q9: 4 | R9: 4 | S9: 4 | T9: 4 | U9: 4 | V9: 4 | W9: 4 | X9: 4 | Y9: 4 | Z9: 4 | AA9: 4 | AB9: 4 | AC9: 4 | AD9: 1 | AE9: 1 | AF9: 4 | AG9: 4 | AH9: 4 | AI9: 4 | AJ9: 4 | AK9: 4 | AL9: 4 | AM9: 4 | AN9: 4 | AO9: 4 | AP9: 4 | AQ9: 4 | AR9: 4 | AS9: 4 | AT9: 4 | AU9: 4 | AV9: 4 | AW9: 4 | AX9: 4 | AY9: 4 | AZ9: 4 | BA9: 4 | BB9: 4 | BC9: 4 | BD9: 4 | BE9: 4 | BF9: 4 | BG9: 4 | BH9: 4 | BI9: 4 | BJ9: 4 | BK9: 4 | BL9: 4 | BM9: 4 | BN9: 4 | BO9: 4 | BP9: 4 | BQ9: 4 | BR9: 4 | BS9: 4 | BT9: 4 | BU9: 4 | BV9: 4 | BW9: 4 | BX9: 4 | BY9: 4 | CA9: 4 | CB9: 4 | CC9: 4 | CD9: 4 | CE9: 4 | CF9: 4 | CG9: 4 | CH9: 4 | CI9: 4 | CJ9: 4 | CK9: 4 | CL9: 4 | CM9: 4 | CN9: 4 | CO9: 4 | CP9: 4 | CQ9: 4 | CR9: 4 | CS9: 4 | CT9: 4 | CU9: 4
A10: 6º ano A | B10: 3 | C10: 1 | D10: 1 | E10: 2 | F10: 4 | G10: 2 | H10: 3 | I10: 1 | J10: 2 | K10: 2 | L10: 2 | M10: 4 | N10: 3 | O10: 3 | P10: 4 | Q10: 3 | R10: 4 | S10: 4 | T10: 3 | U10: 2 | V10: 1 | W10: 3 | X10: 4 | Y10: 3 | Z10: 2 | AA10: 4 | AB10: 2 | AC10: 4 | AD10: 1 | AE10: 1 | AF10: 1 | AG10: 1 | AH10: 1 | AI10: 1 | AJ10: 1 | AK10: 2 | AL10: 3 | AM10: 1 | AN10: 4 | AO10: 3 | AP10: 2 | AQ10: 2 | AR10: 4 | AS10: 4 | AT10: 4 | AU10: 4 | AV10: 4 | AW10: 4 | AX10: 4 | AY10: 1 | AZ10: 1 | BA10: 3 | BB10: 3 | BC10: 2 | BD10: 4 | BE10: 4 | BF10: 4 | BG10: 1 | BH10: 3 | BI10: 2 | BJ10: 4 | BK10: 1 | BL10: 2 | BM10: 1 | BN10: 4 | BO10: 4 | BP10: 4 | BQ10: 4 | BR10: 4 | BS10: 1 | BT10: 4 | BU10: 4 | BV10: 4 | BW10: 4 | BX10: 4 | BY10: 4 | BZ10: 4 | CA10: 1 | CB10: 3 | CC10: 4 | CD10: 2 | CE10: 1 | CF10: 4 | CG10: 1 | CH10: 4 | CI10: 4 | CJ10: 4 | CK10: 4 | CL10: 4 | CM10: 4 | CN10: 4 | CO10: 2 | CP10: 1 | CQ10: 2 | CR10: 3 | CS10: 3 | CT10: 4 | CU10: 1
A11: 6º ano A | B11: 4 | C11: 4 | D11: 2 | E11: 3 | F11: 4 | G11: 3 | H11: 3 | I11: 1 | J11: 1 | K11: 1 | L11: 1 | M11: 1 | N11: 1 | O11: 1 | P11: 1 | Q11: 1 | R11: 1 | S11: 1 | T11: 1 | U11: 2 | V11: 2 | W11: 4 | X11: 4 | Y11: 4 | Z11: 4 | AA11: 4 | AB11: 4 | AC11: 4 | AD11: 1 | AE11: 1 | AF11: 1 | AG11: 1 | AH11: 1 | AI11: 2 | AJ11: 3 | AK11: 4 | AL11: 4 | AM11: 4 | AN11: 4 | AO11: 4 | AP11: 4 | AQ11: 4 | AR11: 4 | AS11: 4 | AT11: 3 | AU11: 3 | AV11: 4 | AW11: 3 | AX11: 4 | AY11: 4 | AZ11: 4 | BA11: 4 | BB11: 4 | BC11: 4 | BD11: 4 | BE11: 4 | BF11: 4 | BG11: 4 | BH11: 4 | BI11: 4 | BJ11: 4 | BK11: 4 | BL11: 4 | BM11: 4 | BN11: 4 | BO11: 4 | BP11: 4 | BQ11: 4 | BR11: 4 | BS11: 4 | BT11: 4 | BU11: 4 | BV11: 4 | BW11: 4 | BX11: 4 | BY11: 4 | BZ11: 4 | CA11: 4 | CB11: 4 | CC11: 4 | CD11: 4 | CE11: 3 | CF11: 3 | CG11: 4 | CH11: 4 | CI11: 4 | CJ11: 4 | CK11: 4 | CL11: 4 | CM11: 4 | CN11: 4 | CO11: 3 | CP11: 3 | CQ11: 3 | CR11: 4 | CS11: 3 | CT11: 3 | CU11: 4
A12: 6º ano A | B12: 4 | C12: 4 | D12: 4 | E12: 4 | F12: 4 | I12: 1 | J12: 1 | K12: 1 | L12: 1 | M12: 1 | N12: 1 | O12: 1 | P12: 1 | Q12: 1 | R12: 1 | S12: 1 | T12: 1 | U12: 1 | V12: 1 | W12: 1 | X12: 1 | Y12: 1 | Z12: 1 | AA12: 1 | AB12: 1 | AC12: 1 | AD12: 1 | AE12: 1 | AF12: 1 | AG12: 1 | AH12: 1 | AI12: 1 | AJ12: 1 | AK12: 4 | AL12: 4 | AM12: 4 | AN12: 4 | AO12: 4 | AP12: 4 | AQ12: 4 | AR12: 4 | AS12: 4 | AT12: 4 | AU12: 4 | AV12: 4 | AW12: 4 | AX12: 4 | AY12: 3 | AZ12: 3 | BA12: 3 | BB12: 4 | BC12: 3 | BD12: 4 | BE12: 3 | BF12: 4 | BG12: 4 | BH12: 4 | BI12: 4 | BJ12: 4 | BK12: 4 | BL12: 4 | BM12: 3 | BN12: 3 | BO12: 3 | BP12: 3 | BQ12: 3 | BR12: 3 | BS12: 3 | BT12: 4 | BU12: 3 | BV12: 4 | BW12: 3 | BX12: 4 | BY12: 3 | BZ12: 4 | CA12: 4 | CB12: 4 | CC12: 4 | CD12: 4 | CE12: 4 | CF12: 4 | CG12: 4 | CH12: 4 | CI12: 4 | CJ12: 4 | CK12: 4 | CL12: 4 | CM12: 4 | CN12: 4 | CO12: 4 | CP12: 4 | CQ12: 4 | CR12: 4 | CS12: 4 | CT12: 4 | CU12: 4
A13: 6º ano A | B13: 4 | C13: 4 | D13: 4 | E13: 3 | F13: 4 | G13: 3 | H13: 3 | I13: 2 | J13: 2 | K13: 2 | L13: 2 | M13: 2 | N13: 2 | O13: 2 | P13: 4 | Q13: 4 | R13: 4 | S13: 4 | T13: 4 | U13: 4 | V13: 4 | W13: 4 | X13: 4 | Y13: 4 | Z13: 4 | AA13: 4 | AB13: 4 | AC13: 4 | AD13: 2 | AE13: 2 | AF13: 2 | AG13: 2 | AH13: 3 | AI13: 2 | AJ13: 2 | AK13: 4 | AL13: 4 | AM13: 4 | AN13: 4 | AO13: 4 | AP13: 4 | AQ13: 4 | AR13: 3 | AS13: 2 | AT13: 3 | AU13: 3 | AV13: 3 | AW13: 3 | AX13: 3 | AY13: 2 | AZ13: 3 | BA13: 3 | BB13: 3 | BC13: 3 | BD13: 3 | BE13: 3 | BF13: 4 | BG13: 4 | BH13: 4 | BI13: 4 | BJ13: 4 | BK13: 4 | BL13: 4 | BM13: 4 | BN13: 4 | BO13: 4 | BP13: 4 | BQ13: 4 | BR13: 4 | BS13: 4 | BT13: 4 | BU13: 4 | BV13: 4 | BW13: 4 | BX13: 4 | BY13: 4 | BZ13: 4 | CA13: 4 | CB13: 4 | CC13: 4 | CD13: 3 | CE13: 4 | CF13: 4 | CG13: 4 | CH13: 4 | CI13: 4 | CJ13: 3 | CK13: 4 | CL13: 4 | CM13: 4 | CN13: 4 | CO13: 3 | CP13: 4 | CQ13: 3 | CR13: 4 | CS13: 3 | CT13: 4 | CU13: 3
A14: 6º ano A | B14: 3 | C14: 4 | D14: 3 | E14: 4 | F14: 3 | G14: 4 | H14: 3 | I14: 2 | J14: 2 | K14: 2 | L14: 3 | M14: 3 | N14: 2 | O14: 3 | P14: 2 | Q14: 2 | R14: 3 | S14: 3 | T14: 2 | U14: 3 | V14: 3 | W14: 2 | X14: 2 | Y14: 2 | Z14: 2 | AA14: 2 | AB14: 2 | AC14: 2 | AD14: 3 | AE14: 3 | AF14: 3 | AG14: 3 | AH14: 3 | AI14: 3 | AJ14: 3 | AK14: 4 | AL14: 4 | AM14: 4 | AN14: 4 | AO14: 4 | AP14: 4 | AQ14: 4 | AR14: 3 | AS14: 3 | AT14: 3 | AU14: 2 | AV14: 3 | AW14: 3 | AX14: 3 | AY14: 2 | AZ14: 2 | BA14: 2 | BB14: 2 | BC14: 2 | BD14: 2 | BE14: 2 | BF14: 4 | BG14: 4 | BH14: 4 | BI14: 4 | BJ14: 4 | BK14: 4 | BL14: 4 | BM14: 4 | BN14: 4 | BO14: 4 | BP14: 4 | BQ14: 4 | BR14: 4 | BS14: 4 | BT14: 4 | BU14: 4 | BV14: 4 | BW14: 4 | BX14: 4 | BY14: 4 | BZ14: 4 | CA14: 4 | CB14: 4 | CC14: 4 | CD14: 4 | CE14: 4 | CF14: 4 | CG14: 4 | CH14: 4 | CI14: 4 | CJ14: 4 | CK14: 4 | CL14: 4 | CM14: 4 | CN14: 4 | CO14: 4 | CP14: 4 | CQ14: 4 | CR14: 4 | CS14: 4 | CT14: 4 | CU14: 4
A15: 6º ano A | B15: 4 | C15: 4 | D15: 4 | E15: 4 | F15: 4 | G15: 3 | H15: 4 | I15: 3 | J15: 3 | K15: 2 | L15: 3 | M15: 4 | N15: 3 | O15: 4 | P15: 4 | Q15: 4 | R15: 4 | S15: 4 | T15: 4 | U15: 4 | V15: 4 | W15: 4 | X15: 4 | Y15: 4 | Z15: 4 | AA15: 4 | AB15: 4 | AC15: 4 | AD15: 2 | AE15: 2 | AF15: 4 | AG15: 4 | AH15: 4 | AI15: 2 | AJ15: 4 | AK15: 4 | AL15: 4 | AM15: 4 | AN15: 4 | AO15: 4 | AP15: 4 | AQ15: 4 | AR15: 4 | AS15: 4 | AT15: 4 | AU15: 4 | AV15: 4 | AW15: 4 | AX15: 4 | AY15: 3 | AZ15: 2 | BA15: 3 | BB15: 4 | BC15: 4 | BD15: 3 | BE15: 4 | BF15: 4 | BG15: 4 | BH15: 4 | BI15: 4 | BJ15: 4 | BK15: 4 | BL15: 4 | BM15: 4 | BN15: 4 | BO15: 3 | BP15: 4 | BQ15: 2 | BR15: 4 | BS15: 3 | BT15: 4 | BU15: 4 | BV15: 4 | BW15: 4 | BX15: 4 | BY15: 4 | BZ15: 4 | CA15: 3 | CB15: 2 | CC15: 2 | CD15: 4 | CE15: 4 | CF15: 3 | CG15: 3 | CH15: 4 | CI15: 4 | CJ15: 4 | CK15: 4 | CL15: 4 | CM15: 4 | CN15: 4 | CO15: 4 | CP15: 3 | CQ15: 4 | CR15: 4 | CS15: 4 | CT15: 2 | CU15: 4
A16: 6º ano A | B16: 3 | C16: 3 | D16: 2 | E16: 3 | F16: 3 | G16: 1 | H16: 2 | I16: 1 | J16: 1 | K16: 2 | L16: 2 | M16: 2 | N16: 1 | O16: 2 | P16: 1 | Q16: 2 | R16: 2 | S16: 1 | T16: 1 | U16: 2 | V16: 1 | W16: 4 | X16: 3 | Y16: 3 | Z16: 3 | AA16: 3 | AB16: 2 | AC16: 3 | AD16: 1 | AE16: 2 | AF16: 1 | AG16: 1 | AH16: 1 | AI16: 1 | AJ16: 1 | AK16: 3 | AL16: 4 | AM16: 3 | AN16: 2 | AO16: 3 | AP16: 2 | AQ16: 3 | AR16: 1 | AS16: 3 | AT16: 1 | AU16: 2 | AV16: 1 | AW16: 2 | AX16: 1 | AY16: 2 | AZ16: 1 | BA16: 2 | BB16: 3 | BC16: 4 | BD16: 4 | BE16: 2 | BF16: 3 | BG16: 4 | BH16: 4 | BI16: 4 | BJ16: 3 | BK16: 2 | BL16: 4 | BM16: 3 | BN16: 3 | BO16: 2 | BP16: 3 | BQ16: 4 | BR16: 2 | BS16: 3 | BT16: 4 | BU16: 2 | BV16: 3 | BW16: 3 | BX16: 2 | BY16: 3 | BZ16: 3 | CA16: 4 | CB16: 3 | CC16: 3 | CD16: 3 | CE16: 3 | CF16: 4 | CG16: 3 | CH16: 4 | CI16: 4 | CJ16: 4 | CK16: 4 | CL16: 4 | CM16: 4 | CN16: 4 | CO16: 3 | CP16: 3 | CQ16: 4 | CR16: 3 | CS16: 4 | CT16: 4 | CU16: 4
A17: 6º ano A | B17: 4 | C17: 4 | D17: 3 | E17: 3 | F17: 4 | G17: 2 | H17: 4 | I17: 2 | J17: 2 | K17: 4 | L17: 2 | M17: 4 | N17: 2 | O17: 2 | P17: 4 | Q17: 4 | R17: 4 | S17: 3 | T17: 4 | U17: 3 | V17: 4 | W17: 4 | X17: 4 | Y17: 4 | Z17: 4 | AA17: 4 | AB17: 3 | AC17: 4 | AD17: 3 | AE17: 3 | AF17: 2 | AG17: 3 | AH17: 4 | AI17: 2 | AJ17: 3 | AK17: 4 | AL17: 4 | AM17: 4 | AN17: 3 | AO17: 4 | AP17: 3 | AQ17: 4 | AR17: 3 | AS17: 4 | AT17: 3 | AU17: 4 | AV17: 4 | AW17: 3 | AX17: 3 | AY17: 4 | AZ17: 4 | BA17: 4 | BB17: 4 | BC17: 4 | BD17: 4 | BE17: 4 | BF17: 4 | BG17: 4 | BH17: 4 | BI17: 4 | BJ17: 4 | BK17: 4 | BL17: 4 | BM17: 4 | BN17: 4 | BO17: 3 | BP17: 4 | BQ17: 4 | BR17: 4 | BS17: 4 | BT17: 3 | BU17: 3 | BV17: 4 | BW17: 4 | BX17: 4 | BY17: 3 | BZ17: 4 | CA17: 4 | CB17: 4 | CC17: 4 | CD17: 4 | CE17: 4 | CF17: 4 | CG17: 4 | CH17: 4 | CI17: 4 | CJ17: 4 | CK17: 4 | CL17: 4 | CM17: 4 | CN17: 4 | CO17: 4 | CP17: 4 | CQ17: 4 | CR17: 4 | CS17: 4 | CT17: 4 | CU17: 4
A18: 6º ano A | B18: 3 | C18: 3 | D18: 3 | E18: 3 | F18: 3 | G18: 3 | H18: 3 | I18: 2 | J18: 1 | K18: 2 | L18: 2 | M18: 3 | N18: 2 | O18: 2 | P18: 3 | Q18: 3 | R18: 3 | S18: 3 | T18: 3 | U18: 3 | V18: 3 | W18: 4 | X18: 4 | Y18: 4 | Z18: 4 | AA18: 4 | AB18: 4 | AC18: 4 | AD18: 2 | AE18: 1 | AF18: 2 | AG18: 2 | AH18: 4 | AI18: 2 | AJ18: 1 | AK18: 4 | AL18: 3 | AM18: 3 | AN18: 3 | AO18: 3 | AP18: 3 | AQ18: 3 | AR18: 3 | AS18: 2 | AT18: 2 | AU18: 2 | AV18: 4 | AW18: 2 | AX18: 3 | AY18: 3 | AZ18: 3 | BA18: 2 | BB18: 4 | BC18: 4 | BD18: 4 | BE18: 4 | BF18: 4 | BG18: 4 | BH18: 4 | BI18: 4 | BJ18: 4 | BK18: 4 | BL18: 4 | BM18: 4 | BN18: 4 | BO18: 4 | BP18: 4 | BQ18: 4 | BR18: 4 | BS18: 4 | BT18: 4 | BU18: 4 | BV18: 4 | BW18: 4 | BX18: 4 | BY18: 4 | BZ18: 4 | CA18: 4 | CB18: 4 | CC18: 4 | CD18: 4 | CE18: 4 | CF18: 4 | CG18: 4 | CH18: 4 | CI18: 4 | CJ18: 4 | CK18: 4 | CL18: 4 | CM18: 4 | CN18: 4 | CO18: 4 | CP18: 3 | CQ18: 4 | CR18: 4 | CS18: 4 | CT18: 3 | CU18: 3
A19: 6º ano A | B19: 3 | C19: 3 | D19: 4 | E19: 2 | F19: 4 | G19: 2 | H19: 4 | I19: 4 | J19: 2 | K19: 3 | L19: 3 | M19: 4 | N19: 2 | O19: 3 | P19: 1 | Q19: 1 | R19: 3 | S19: 3 | T19: 2 | U19: 2 | V19: 2 | W19: 4 | X19: 4 | Y19: 4 | Z19: 4 | AA19: 4 | AB19: 4 | AC19: 4 | AD19: 2 | AE19: 1 | AF19: 3 | AG19: 3 | AH19: 4 | AI19: 3 | AJ19: 4 | AK19: 3 | AL19: 3 | AM19: 2 | AN19: 3 | AO19: 2 | AQ19: 3 | AR19: 2 | AS19: 4 | AT19: 4 | AU19: 2 | AV19: 4 | AW19: 3 | AX19: 4 | AY19: 1 | AZ19: 1 | BA19: 1 | BB19: 3 | BC19: 3 | BD19: 2 | BE19: 1 | BF19: 4 | BG19: 4 | BH19: 4 | BI19: 4 | BJ19: 4 | BK19: 4 | BL19: 4 | BM19: 2 | BN19: 3 | BO19: 4 | BP19: 4 | BQ19: 2 | BR19: 4 | BS19: 1 | BT19: 4 | BU19: 4 | BV19: 4 | BW19: 3 | BX19: 3 | BY19: 3 | BZ19: 4 | CA19: 2 | CB19: 2 | CC19: 3 | CD19: 3 | CE19: 3 | CF19: 4 | CG19: 4 | CH19: 3 | CI19: 1 | CJ19: 3 | CK19: 2 | CL19: 4 | CM19: 3 | CN19: 4 | CO19: 2 | CP19: 1 | CQ19: 1 | CR19: 1 | CS19: 1 | CT19: 1 | CU19: 1
A20: 6º ano A | B20: 2 | C20: 3 | D20: 4 | E20: 2 | F20: 4 | G20: 3 | H20: 3 | I20: 3 | J20: 2 | K20: 1 | L20: 4 | M20: 3 | N20: 2 | O20: 3 | P20: 3 | Q20: 2 | R20: 2 | S20: 4 | T20: 3 | U20: 1 | V20: 2 | W20: 3 | X20: 4 | Y20: 4 | Z20: 4 | AA20: 4 | AB20: 4 | AC20: 4 | AD20: 4 | AE20: 1 | AF20: 2 | AG20: 4 | AH20: 2 | AI20: 1 | AJ20: 1 | AK20: 2 | AL20: 3 | AM20: 4 | AN20: 3 | AO20: 3 | AP20: 3 | AQ20: 3 | AR20: 4 | AS20: 2 | AT20: 3 | AU20: 4 | AV20: 3 | AW20: 3 | AX20: 3 | AY20: 2 | AZ20: 3 | BA20: 3 | BB20: 4 | BC20: 3 | BD20: 4 | BE20: 3 | BF20: 1 | BG20: 4 | BH20: 4 | BI20: 4 | BJ20: 4 | BK20: 4 | BL20: 4 | BM20: 4 | BN20: 2 | BO20: 3 | BP20: 4 | BQ20: 4 | BR20: 4 | BS20: 4 | BT20: 2 | BU20: 4 | BV20: 4 | BW20: 4 | BX20: 3 | BY20: 3 | BZ20: 4 | CA20: 3 | CB20: 3 | CC20: 4 | CD20: 4 | CE20: 4 | CF20: 4 | CG20: 4 | CH20: 1 | CI20: 4 | CJ20: 4 | CK20: 4 | CL20: 4 | CM20: 4 | CN20: 4 | CO20: 2 | CP20: 3 | CQ20: 4 | CR20: 4 | CS20: 4 | CT20: 4 | CU20: 4
A21: 6º ano A | B21: 2 | C21: 2 | D21: 3 | E21: 2 | F21: 2 | G21: 2 | H21: 4 | I21: 2 | J21: 1 | K21: 2 | L21: 2 | M21: 2 | N21: 2 | O21: 4 | P21: 3 | Q21: 3 | R21: 2 | S21: 3 | T21: 3 | U21: 2 | V21: 4 | W21: 4 | X21: 2 | Y21: 4 | Z21: 3 | AA21: 2 | AB21: 3 | AC21: 3 | AD21: 1 | AE21: 1 | AF21: 1 | AG21: 1 | AH21: 1 | AI21: 1 | AJ21: 1 | AK21: 1 | AL21: 2 | AM21: 2 | AN21: 2 | AO21: 2 | AP21: 2 | AQ21: 4 | AR21: 2 | AS21: 4 | AT21: 3 | AU21: 1 | AV21: 1 | AW21: 1 | AX21: 3 | AY21: 2 | AZ21: 1 | BA21: 2 | BB21: 4 | BC21: 3 | BD21: 4 | BE21: 4 | BF21: 1 | BG21: 4 | BH21: 4 | BI21: 4 | BJ21: 1 | BK21: 4 | BL21: 4 | BM21: 4 | BN21: 4 | BO21: 1 | BP21: 4 | BQ21: 1 | BR21: 4 | BS21: 4 | BT21: 4 | BU21: 2 | BV21: 4 | BW21: 4 | BX21: 2 | BY21: 3 | BZ21: 4 | CA21: 1 | CB21: 1 | CC21: 1 | CD21: 2 | CE21: 1 | CF21: 4 | CG21: 2 | CH21: 4 | CI21: 4 | CJ21: 4 | CK21: 4 | CL21: 4 | CM21: 2 | CN21: 4 | CO21: 2 | CP21: 2 | CQ21: 4 | CR21: 4 | CS21: 3 | CT21: 4 | CU21: 4
A22: 6º ano A | C22: 3 | D22: 4 | E22: 3 | F22: 2 | H22: 3 | I22: 4 | J22: 4 | K22: 4 | L22: 4 | M22: 3 | N22: 4 | O22: 3 | P22: 4 | Q22: 4 | R22: 4 | S22: 3 | T22: 2 | U22: 4 | V22: 4 | W22: 4 | X22: 4 | Y22: 4 | Z22: 4 | AA22: 4 | AB22: 4 | AC22: 4 | AD22: 1 | AE22: 4 | AF22: 2 | AG22: 4 | AH22: 1 | AI22: 2 | AJ22: 3 | AK22: 4 | AL22: 4 | AM22: 4 | AN22: 4 | AO22: 4 | AP22: 4 | AQ22: 4 | AR22: 2 | AS22: 3 | AT22: 4 | AU22: 1 | AV22: 4 | AW22: 3 | AX22: 4 | AY22: 1 | AZ22: 4 | BA22: 4 | BB22: 3 | BC22: 3 | BD22: 4 | BE22: 2 | BF22: 4 | BG22: 4 | BH22: 4 | BI22: 4 | BJ22: 4 | BK22: 4 | BL22: 4 | BM22: 4 | BN22: 4 | BO22: 4 | BP22: 4 | BQ22: 4 | BR22: 4 | BS22: 4 | BT22: 4 | BU22: 4 | BV22: 4 | BW22: 4 | BX22: 4 | BY22: 4 | BZ22: 4 | CA22: 4 | CB22: 4 | CC22: 4 | CD22: 4 | CE22: 4 | CF22: 4 | CG22: 4 | CH22: 4 | CI22: 4 | CJ22: 4 | CK22: 4 | CL22: 4 | CM22: 4 | CN22: 4 | CO22: 4 | CP22: 4 | CQ22: 4 | CR22: 4 | CS22: 4 | CT22: 4 | CU22: 4
A23: 6º ano A | B23: 4 | C23: 4 | D23: 4 | E23: 3 | F23: 3 | G23: 3 | H23: 4 | I23: 2 | J23: 1 | K23: 2 | L23: 3 | M23: 3 | N23: 3 | O23: 4 | P23: 4 | Q23: 3 | R23: 4 | S23: 3 | T23: 3 | U23: 3 | V23: 4 | W23: 4 | X23: 4 | Y23: 4 | Z23: 3 | AA23: 3 | AB23: 3 | AC23: 4 | AD23: 4 | AE23: 3 | AF23: 4 | AG23: 3 | AH23: 4 | AI23: 3 | AJ23: 4 | AK23: 4 | AL23: 4 | AM23: 4 | AN23: 3 | AO23: 4 | AP23: 3 | AQ23: 4 | AR23: 3 | AS23: 4 | AT23: 4 | AU23: 3 | AV23: 4 | AW23: 3 | AX23: 4 | AY23: 4 | AZ23: 4 | BA23: 4 | BB23: 4 | BC23: 4 | BD23: 4 | BE23: 4 | BF23: 4 | BG23: 4 | BH23: 4 | BI23: 4 | BJ23: 4 | BK23: 4 | BL23: 4 | BM23: 3 | BN23: 3 | BO23: 2 | BP23: 2 | BQ23: 1 | BR23: 1 | BS23: 2 | BT23: 4 | BU23: 4 | BV23: 4 | BW23: 4 | BX23: 4 | BY23: 4 | BZ23: 4 | CA23: 4 | CB23: 4 | CC23: 4 | CD23: 4 | CE23: 4 | CF23: 4 | CG23: 4 | CH23: 4 | CI23: 4 | CJ23: 4 | CK23: 2 | CL23: 4 | CM23: 2 | CN23: 4 | CO23: 3 | CP23: 1 | CQ23: 2 | CR23: 3 | CS23: 4 | CT23: 3 | CU23: 3
A24: 6º ano A | B24: 4 | C24: 3 | E24: 3 | F24: 3 | G24: 3 | H24: 3 | I24: 2 | J24: 2 | K24: 3 | L24: 2 | M24: 3 | N24: 1 | O24: 3 | P24: 3 | Q24: 3 | R24: 4 | S24: 3 | T24: 2 | U24: 3 | V24: 3 | W24: 3 | X24: 3 | Y24: 3 | Z24: 3 | AA24: 4 | AB24: 4 | AC24: 3 | AD24: 2 | AE24: 2 | AF24: 2 | AG24: 3 | AH24: 2 | AI24: 2 | AJ24: 2 | AK24: 4 | AL24: 3 | AM24: 4 | AN24: 3 | AO24: 4 | AP24: 2 | AQ24: 3 | AR24: 4 | AS24: 4 | AT24: 4 | AV24: 4 | AW24: 4 | AX24: 3 | AY24: 4 | AZ24: 4 | BA24: 3 | BB24: 2 | BC24: 2 | BD24: 2 | BE24: 2 | BF24: 4 | BG24: 3 | BH24: 4 | BI24: 2 | BJ24: 4 | BK24: 4 | BL24: 4 | BM24: 2 | BN24: 2 | BO24: 3 | BP24: 3 | BQ24: 3 | BR24: 2 | BS24: 1 | BT24: 4 | BU24: 4 | BV24: 4 | BW24: 4 | BX24: 4 | BY24: 4 | BZ24: 4 | CA24: 4 | CB24: 4 | CC24: 4 | CD24: 4 | CE24: 4 | CF24: 3 | CG24: 4 | CH24: 3 | CI24: 3 | CJ24: 4 | CK24: 3 | CL24: 4 | CM24: 3 | CN24: 4 | CO24: 3 | CP24: 3 | CQ24: 2 | CS24: 1 | CT24: 2 | CU24: 4
A25: 6º ano A | B25: 4 | C25: 4 | D25: 4 | E25: 4 | F25: 4 | G25: 2 | H25: 4 | I25: 3 | J25: 1 | K25: 3 | L25: 4 | M25: 1 | N25: 3 | O25: 3 | P25: 4 | Q25: 4 | R25: 4 | S25: 4 | T25: 4 | U25: 3 | V25: 4 | W25: 4 | X25: 4 | Y25: 4 | Z25: 4 | AA25: 4 | AB25: 4 | AC25: 4 | AD25: 3 | AE25: 2 | AF25: 3 | AG25: 4 | AH25: 4 | AI25: 3 | AJ25: 4 | AK25: 4 | AL25: 4 | AM25: 3 | AN25: 4 | AO25: 4 | AP25: 4 | AQ25: 4 | AR25: 4 | AS25: 4 | AT25: 4 | AU25: 3 | AV25: 4 | AW25: 3 | AX25: 4 | AY25: 4 | AZ25: 2 | BA25: 3 | BB25: 4 | BC25: 4 | BD25: 4 | BE25: 3 | BF25: 4 | BG25: 4 | BH25: 4 | BI25: 4 | BK25: 4 | BM25: 4 | BN25: 4 | BO25: 2 | BP25: 4 | BQ25: 4 | BR25: 3 | BS25: 4 | BT25: 4 | BU25: 4 | BV25: 4 | BW25: 4 | BX25: 4 | BY25: 4 | BZ25: 4 | CA25: 4 | CB25: 4 | CC25: 4 | CD25: 4 | CE25: 4 | CF25: 4 | CG25: 4 | CH25: 4 | CI25: 4 | CJ25: 4 | CK25: 2 | CL25: 4 | CM25: 3 | CN25: 4 | CO25: 4 | CP25: 3 | CQ25: 4 | CR25: 4 | CS25: 4 | CT25: 4 | CU25: 4
A26: 6º ano A | B26: 2 | C26: 1 | D26: 3 | E26: 3 | F26: 1 | G26: 1 | H26: 2 | I26: 1 | J26: 1 | K26: 1 | L26: 2 | M26: 3 | N26: 2 | O26: 1 | P26: 4 | Q26: 4 | R26: 4 | S26: 3 | T26: 3 | U26: 3 | V26: 4 | W26: 4 | X26: 4 | Y26: 4 | Z26: 3 | AA26: 4 | AB26: 3 | AC26: 4 | AD26: 4 | AE26: 1 | AF26: 4 | AG26: 4 | AH26: 4 | AI26: 2 | AJ26: 4 | AK26: 4 | AL26: 4 | AM26: 4 | AN26: 4 | AO26: 4 | AP26: 2 | AQ26: 3 | AR26: 3 | AS26: 2 | AT26: 4 | AU26: 1 | AV26: 4 | AW26: 3 | AX26: 2 | AY26: 4 | AZ26: 1 | BA26: 4 | BB26: 4 | BC26: 4 | BD26: 4 | BE26: 4 | BF26: 4 | BG26: 4 | BH26: 4 | BI26: 4 | BJ26: 4 | BK26: 4 | BL26: 4 | BM26: 4 | BN26: 2 | BO26: 3 | BP26: 4 | BQ26: 4 | BR26: 4 | BS26: 4 | BT26: 4 | BU26: 1 | BV26: 4 | BW26: 3 | BX26: 4 | BY26: 2 | BZ26: 4 | CA26: 4 | CB26: 4 | CC26: 4 | CD26: 4 | CE26: 4 | CF26: 4 | CG26: 1 | CH26: 4 | CI26: 1 | CJ26: 4 | CK26: 4 | CL26: 4 | CM26: 3 | CN26: 2 | CO26: 1 | CP26: 1 | CQ26: 1 | CR26: 3 | CS26: 4 | CT26: 1 | CU26: 1
A27: 6º ano A | B27: 3 | C27: 3 | D27: 3 | E27: 3 | F27: 2 | G27: 2 | H27: 3 | I27: 4 | J27: 3 | K27: 4 | L27: 4 | M27: 4 | N27: 3 | O27: 4 | P27: 4 | Q27: 4 | R27: 3 | S27: 3 | T27: 4 | U27: 3 | V27: 4 | W27: 4 | X27: 4 | Y27: 4 | Z27: 4 | AA27: 4 | AB27: 4 | AC27: 4 | AD27: 3 | AE27: 2 | AF27: 3 | AG27: 3 | AH27: 3 | AI27: 2 | AJ27: 3 | AK27: 3 | AL27: 4 | AM27: 4 | AN27: 4 | AO27: 3 | AP27: 3 | AQ27: 4 | AR27: 3 | AS27: 3 | AT27: 3 | AU27: 2 | AV27: 3 | AW27: 2 | AX27: 4 | AY27: 2 | AZ27: 2 | BA27: 2 | BB27: 3 | BC27: 4 | BD27: 4 | BE27: 2 | BF27: 4 | BG27: 4 | BH27: 4 | BI27: 4 | BJ27: 4 | BK27: 4 | BL27: 4 | BM27: 2 | BN27: 3 | BO27: 3 | BP27: 3 | BQ27: 1 | BR27: 2 | BS27: 2 | BT27: 3 | BU27: 3 | BV27: 4 | BW27: 3 | BX27: 4 | BY27: 3 | BZ27: 3 | CA27: 3 | CB27: 3 | CC27: 4 | CD27: 4 | CE27: 4 | CF27: 4 | CG27: 4 | CH27: 3 | CI27: 3 | CJ27: 3 | CK27: 3 | CL27: 3 | CM27: 2 | CN27: 3 | CO27: 2 | CP27: 2 | CQ27: 3 | CR27: 2 | CS27: 3 | CT27: 2 | CU27: 2
A28: 6º ano B | B28: 4 | C28: 4 | D28: 4 | E28: 4 | F28: 4 | G28: 3 | H28: 4 | I28: 1 | J28: 1 | K28: 1 | L28: 1 | M28: 1 | N28: 1 | O28: 1 | P28: 4 | Q28: 4 | R28: 4 | S28: 4 | T28: 4 | U28: 4 | V28: 4 | W28: 4 | X28: 4 | Y28: 4 | Z28: 4 | AA28: 4 | AB28: 4 | AC28: 4 | AD28: 2 | AE28: 1 | AF28: 1 | AG28: 1 | AH28: 1 | AI28: 1 | AJ28: 3 | AK28: 3 | AL28: 3 | AM28: 3 | AN28: 3 | AO28: 3 | AP28: 3 | AQ28: 3 | AR28: 3 | AS28: 3 | AT28: 3 | AU28: 3 | AV28: 3 | AW28: 3 | AX28: 3 | AY28: 1 | AZ28: 1 | BA28: 1 | BB28: 3 | BC28: 3 | BD28: 1 | BE28: 1 | BF28: 4 | BG28: 4 | BH28: 4 | BI28: 4 | BJ28: 4 | BK28: 4 | BL28: 4 | BM28: 4 | BN28: 4 | BO28: 4 | BP28: 4 | BQ28: 4 | BR28: 4 | BS28: 4 | BT28: 4 | BU28: 4 | BV28: 4 | BW28: 4 | BX28: 4 | BY28: 4 | BZ28: 4 | CA28: 4 | CB28: 4 | CC28: 4 | CD28: 4 | CE28: 4 | CF28: 4 | CG28: 4 | CH28: 4 | CI28: 4 | CJ28: 4 | CK28: 4 | CL28: 4 | CM28: 4 | CN28: 4 | CO28: 4 | CP28: 4 | CQ28: 4 | CR28: 4 | CS28: 4 | CT28: 4 | CU28: 4
A29: 6º ano B | B29: 4 | C29: 4 | D29: 4 | E29: 4 | F29: 4 | G29: 4 | H29: 4 | I29: 4 | J29: 4 | K29: 4 | L29: 4 | M29: 4 | N29: 4 | O29: 4 | P29: 4 | Q29: 4 | R29: 3 | S29: 4 | T29: 3 | U29: 4 | V29: 4 | W29: 4 | X29: 4 | Y29: 4 | Z29: 4 | AA29: 4 | AB29: 4 | AC29: 4 | AD29: 3 | AE29: 4 | AF29: 4 | AG29: 4 | AH29: 3 | AI29: 4 | AJ29: 4 | AK29: 4 | AL29: 4 | AM29: 4 | AN29: 4 | AO29: 4 | AP29: 4 | AQ29: 4 | AR29: 3 | AS29: 3 | AT29: 3 | AU29: 3 | AV29: 3 | AW29: 3 | AX29: 3 | AY29: 4 | AZ29: 4 | BA29: 4 | BB29: 4 | BC29: 4 | BD29: 4 | BE29: 4 | BF29: 3 | BG29: 3 | BH29: 3 | BI29: 3 | BJ29: 3 | BK29: 3 | BL29: 3 | BM29: 4 | BN29: 4 | BO29: 4 | BP29: 4 | BQ29: 4 | BR29: 4 | BS29: 4 | BT29: 4 | BU29: 4 | BV29: 4 | BW29: 4 | BX29: 4 | BY29: 4 | BZ29: 4 | CA29: 3 | CB29: 4 | CC29: 4 | CD29: 3 | CE29: 4 | CF29: 4 | CG29: 4 | CH29: 4 | CI29: 4 | CJ29: 4 | CK29: 4 | CL29: 4 | CM29: 4 | CN29: 4 | CO29: 2 | CP29: 3 | CQ29: 4 | CR29: 3 | CS29: 3 | CT29: 3 | CU29: 4
A30: 6º ano B | B30: 3 | C30: 3 | D30: 3 | E30: 2 | F30: 4 | G30: 2 | H30: 2 | I30: 2 | J30: 1 | K30: 2 | L30: 1 | M30: 3 | N30: 1 | O30: 2 | P30: 4 | Q30: 4 | R30: 4 | S30: 4 | T30: 4 | U30: 4 | V30: 4 | W30: 4 | X30: 4 | Y30: 4 | Z30: 4 | AA30: 4 | AB30: 4 | AC30: 4 | AD30: 1 | AE30: 2 | AF30: 1 | AG30: 2 | AH30: 1 | AI30: 2 | AJ30: 1 | AK30: 2 | AL30: 2 | AM30: 1 | AN30: 2 | AO30: 2 | AP30: 1 | AQ30: 2 | AR30: 3 | AS30: 4 | AT30: 3 | AU30: 4 | AV30: 3 | AW30: 4 | AX30: 3 | AY30: 3 | AZ30: 3 | BA30: 3 | BB30: 3 | BC30: 3 | BD30: 3 | BE30: 3 | BF30: 4 | BG30: 4 | BH30: 3 | BI30: 4 | BJ30: 4 | BK30: 3 | BL30: 4 | BM30: 4 | BN30: 4 | BO30: 4 | BP30: 3 | BQ30: 4 | BR30: 4 | BS30: 4 | BT30: 4 | BU30: 4 | BV30: 4 | BW30: 4 | BX30: 4 | BY30: 4 | BZ30: 4 | CA30: 4 | CB30: 4 | CC30: 3 | CD30: 4 | CE30: 4 | CF30: 3 | CG30: 4 | CH30: 4 | CI30: 3 | CJ30: 4 | CK30: 3 | CL30: 4 | CM30: 3 | CN30: 4 | CO30: 2 | CP30: 2 | CQ30: 1 | CR30: 2 | CS30: 2 | CT30: 1
A31: 6º ano B | B31: 2 | C31: 3 | D31: 2 | E31: 4 | F31: 4 | G31: 3 | H31: 4 | I31: 4 | J31: 2 | K31: 3 | L31: 4 | M31: 4 | N31: 2 | O31: 4 | P31: 3 | Q31: 4 | R31: 3 | S31: 4 | T31: 3 | U31: 3 | V31: 4 | W31: 4 | X31: 4 | Y31: 4 | Z31: 4 | AA31: 4 | AB31: 4 | AC31: 4 | AD31: 2 | AE31: 1 | AF31: 3 | AG31: 4 | AH31: 4 | AI31: 2 | AJ31: 4 | AK31: 4 | AL31: 4 | AM31: 4 | AN31: 4 | AO31: 4 | AP31: 4 | AQ31: 4 | AR31: 3 | AS31: 2 | AT31: 2 | AU31: 4 | AV31: 4 | AW31: 2 | AX31: 4 | AY31: 4 | AZ31: 3 | BA31: 3 | BB31: 4 | BC31: 4 | BD31: 4 | BE31: 3 | BF31: 4 | BG31: 4 | BH31: 4 | BI31: 4 | BJ31: 4 | BK31: 4 | BL31: 4 | BM31: 3 | BN31: 4 | BO31: 1 | BP31: 4 | BQ31: 2 | BR31: 2 | BS31: 2 | BT31: 4 | BU31: 4 | BV31: 4 | BW31: 4 | BX31: 4 | BY31: 4 | BZ31: 4 | CA31: 4 | CB31: 4 | CC31: 4 | CD31: 4 | CE31: 4 | CF31: 4 | CG31: 4 | CH31: 4 | CI31: 4 | CJ31: 4 | CK31: 4 | CL31: 4 | CM31: 4 | CN31: 4 | CO31: 3 | CP31: 4 | CQ31: 3 | CR31: 4 | CS31: 3 | CT31: 4 | CU31: 3
A32: 6º ano B | B32: 3 | C32: 3 | D32: 3 | E32: 3 | F32: 3 | G32: 3 | H32: 3 | I32: 1 | J32: 1 | K32: 1 | L32: 1 | M32: 1 | N32: 1 | O32: 1 | P32: 4 | Q32: 4 | R32: 4 | S32: 3 | T32: 3 | U32: 3 | V32: 4 | W32: 3 | X32: 3 | Y32: 3 | Z32: 3 | AA32: 3 | AB32: 3 | AC32: 3 | AD32: 2 | AE32: 2 | AF32: 2 | AG32: 2 | AH32: 2 | AI32: 2 | AJ32: 2 | AK32: 3 | AL32: 3 | AM32: 3 | AN32: 3 | AO32: 3 | AP32: 3 | AQ32: 3 | AR32: 3 | AS32: 3 | AT32: 3 | AU32: 3 | AV32: 3 | AW32: 3 | AX32: 3 | AY32: 1 | AZ32: 1 | BA32: 1 | BB32: 1 | BC32: 3 | BD32: 2 | BE32: 3 | BF32: 4 | BG32: 4 | BH32: 4 | BI32: 4 | BJ32: 4 | BK32: 4 | BL32: 4 | BM32: 4 | BN32: 4 | BO32: 4 | BP32: 4 | BQ32: 4 | BR32: 4 | BS32: 4 | BT32: 3 | BU32: 3 | BV32: 3 | BW32: 4 | BX32: 4 | BY32: 4 | BZ32: 4 | CA32: 3 | CB32: 3 | CC32: 3 | CD32: 3 | CE32: 3 | CF32: 3 | CG32: 3 | CH32: 4 | CI32: 4 | CJ32: 4 | CK32: 4 | CL32: 4 | CM32: 4 | CN32: 4 | CO32: 1 | CP32: 1 | CQ32: 1 | CR32: 1 | CS32: 1 | CT32: 1 | CU32: 1
A33: 6º ano B | B33: 3 | C33: 2 | D33: 3 | E33: 4 | F33: 4 | G33: 3 | H33: 4 | I33: 3 | J33: 2 | K33: 3 | L33: 2 | M33: 4 | N33: 3 | O33: 4 | P33: 4 | Q33: 4 | R33: 4 | S33: 4 | T33: 4 | U33: 4 | V33: 4 | W33: 4 | X33: 4 | Y33: 4 | Z33: 4 | AA33: 4 | AB33: 4 | AC33: 4 | AD33: 3 | AE33: 2 | AF33: 3 | AG33: 2 | AH33: 4 | AI33: 3 | AJ33: 4 | AK33: 3 | AL33: 4 | AM33: 3 | AN33: 3 | AO33: 4 | AP33: 2 | AQ33: 4 | AR33: 3 | AS33: 4 | AT33: 4 | AU33: 4 | AV33: 4 | AW33: 4 | AX33: 4 | AY33: 2 | AZ33: 1 | BA33: 1 | BB33: 4 | BC33: 3 | BD33: 4 | BE33: 2 | BF33: 4 | BG33: 4 | BH33: 4 | BI33: 4 | BJ33: 4 | BK33: 4 | BL33: 4 | BM33: 3 | BN33: 4 | BO33: 3 | BP33: 4 | BQ33: 4 | BR33: 3 | BS33: 2 | BT33: 4 | BU33: 4 | BV33: 4 | BW33: 4 | BX33: 4 | BY33: 4 | BZ33: 4 | CA33: 4 | CB33: 4 | CC33: 4 | CD33: 4 | CE33: 4 | CF33: 4 | CG33: 4 | CH33: 3 | CI33: 4 | CJ33: 4 | CK33: 3 | CL33: 2 | CM33: 3 | CN33: 4 | CO33: 4 | CP33: 4 | CQ33: 4 | CR33: 4 | CS33: 4 | CT33: 4 | CU33: 4
A34: 6º ano B | B34: 4 | C34: 3 | D34: 4 | E34: 4 | F34: 4 | G34: 2 | H34: 4 | I34: 2 | J34: 2 | K34: 2 | L34: 4 | M34: 3 | N34: 3 | O34: 2 | P34: 4 | Q34: 4 | R34: 4 | S34: 4 | T34: 4 | U34: 4 | V34: 4 | W34: 4 | X34: 2 | Y34: 3 | Z34: 3 | AA34: 4 | AB34: 2 | AC34: 1 | AD34: 3 | AE34: 3 | AF34: 4 | AG34: 2 | AH34: 3 | AI34: 4 | AJ34: 1 | AK34: 4 | AL34: 4 | AM34: 4 | AN34: 4 | AO34: 4 | AP34: 4 | AQ34: 4 | AR34: 4 | AS34: 4 | AT34: 4 | AU34: 4 | AV34: 4 | AW34: 4 | AX34: 4 | AY34: 4 | AZ34: 4 | BA34: 4 | BB34: 4 | BC34: 4 | BD34: 4 | BE34: 4 | BF34: 2 | BG34: 3 | BH34: 2 | BI34: 3 | BJ34: 2 | BK34: 3 | BL34: 2 | BM34: 4 | BN34: 4 | BO34: 4 | BP34: 4 | BQ34: 4 | BR34: 4 | BS34: 4 | BT34: 4 | BU34: 4 | BV34: 4 | BW34: 4 | BX34: 4 | BY34: 4 | BZ34: 4 | CA34: 4 | CB34: 4 | CC34: 4 | CD34: 4 | CE34: 4 | CF34: 4 | CG34: 4 | CH34: 4 | CI34: 4 | CJ34: 4 | CK34: 4 | CL34: 4 | CM34: 4 | CN34: 4 | CO34: 3 | CP34: 3 | CQ34: 4 | CR34: 3 | CS34: 4 | CT34: 4 | CU34: 4
A35: 6º ano B | B35: 4 | C35: 4 | D35: 4 | E35: 4 | F35: 4 | G35: 4 | H35: 4 | I35: 1 | J35: 1 | K35: 1 | L35: 1 | M35: 1 | N35: 1 | O35: 1 | P35: 3 | Q35: 3 | R35: 3 | S35: 3 | T35: 3 | U35: 3 | V35: 3 | W35: 4 | X35: 4 | Y35: 4 | Z35: 4 | AA35: 4 | AB35: 4 | AC35: 4 | AD35: 2 | AE35: 2 | AF35: 2 | AG35: 2 | AH35: 2 | AI35: 2 | AJ35: 2 | AK35: 3 | AL35: 3 | AM35: 3 | AN35: 3 | AO35: 3 | AP35: 3 | AQ35: 3 | AR35: 3 | AS35: 3 | AT35: 3 | AU35: 3 | AV35: 3 | AW35: 3 | AX35: 3 | AY35: 1 | AZ35: 1 | BA35: 1 | BB35: 1 | BC35: 1 | BD35: 1 | BE35: 1 | BF35: 4 | BG35: 4 | BH35: 4 | BI35: 4 | BJ35: 4 | BK35: 4 | BL35: 4 | BM35: 4 | BN35: 4 | BO35: 4 | BP35: 4 | BQ35: 4 | BR35: 4 | BS35: 4 | BT35: 4 | BU35: 4 | BV35: 4 | BW35: 4 | BX35: 4 | BY35: 4 | BZ35: 4 | CA35: 4 | CB35: 4 | CC35: 4 | CD35: 4 | CE35: 4 | CF35: 4 | CG35: 4 | CH35: 4 | CI35: 4 | CJ35: 4 | CK35: 4 | CL35: 4 | CM35: 4 | CN35: 4 | CO35: 3 | CP35: 4 | CQ35: 3 | CR35: 4 | CS35: 3 | CT35: 4 | CU35: 4
A36: 6º ano B | B36: 4 | C36: 3 | D36: 3 | E36: 4 | F36: 4 | G36: 1 | H36: 4 | I36: 1 | J36: 2 | K36: 1 | L36: 2 | M36: 4 | N36: 1 | O36: 3 | P36: 4 | Q36: 4 | R36: 4 | S36: 4 | T36: 4 | U36: 4 | V36: 4 | W36: 4 | X36: 4 | Y36: 4 | Z36: 4 | AA36: 4 | AB36: 4 | AC36: 4 | AD36: 2 | AE36: 2 | AF36: 3 | AG36: 3 | AH36: 4 | AI36: 2 | AJ36: 2 | AK36: 4 | AL36: 4 | AM36: 2 | AN36: 4 | AO36: 4 | AP36: 4 | AQ36: 4 | AR36: 1 | AS36: 2 | AT36: 2 | AU36: 2 | AV36: 3 | AW36: 1 | AX36: 2 | AY36: 3 | AZ36: 2 | BA36: 3 | BB36: 4 | BC36: 4 | BD36: 3 | BE36: 4 | BF36: 4 | BG36: 4 | BH36: 4 | BI36: 4 | BJ36: 4 | BK36: 4 | BL36: 4 | BM36: 4 | BN36: 4 | BO36: 4 | BP36: 3 | BQ36: 3 | BR36: 3 | BS36: 3 | BT36: 4 | BU36: 4 | BV36: 4 | BW36: 4 | BX36: 4 | BY36: 4 | BZ36: 4 | CA36: 3 | CB36: 3 | CC36: 3 | CD36: 3 | CE36: 3 | CF36: 3 | CG36: 3 | CH36: 4 | CI36: 4 | CJ36: 4 | CK36: 4 | CL36: 4 | CM36: 4 | CN36: 4 | CO36: 2 | CP36: 2 | CQ36: 3 | CR36: 2 | CS36: 4 | CT36: 2 | CU36: 2
A37: 6º ano B | B37: 4 | C37: 3 | D37: 4 | E37: 3 | F37: 4 | G37: 2 | H37: 4 | I37: 3 | J37: 3 | K37: 3 | L37: 4 | M37: 3 | N37: 3 | O37: 3 | P37: 4 | Q37: 4 | R37: 3 | S37: 4 | T37: 3 | U37: 4 | V37: 4 | W37: 4 | X37: 4 | Y37: 4 | Z37: 3 | AA37: 4 | AB37: 4 | AC37: 4 | AD37: 3 | AE37: 2 | AF37: 3 | AG37: 4 | AH37: 3 | AI37: 3 | AJ37: 3 | AK37: 4 | AL37: 4 | AM37: 3 | AN37: 4 | AO37: 3 | AP37: 4 | AQ37: 4 | AR37: 3 | AS37: 2 | AT37: 3 | AU37: 2 | AV37: 2 | AW37: 3 | AX37: 4 | AY37: 3 | AZ37: 2 | BA37: 3 | BB37: 4 | BC37: 4 | BD37: 4 | BE37: 4 | BF37: 4 | BG37: 4 | BH37: 4 | BI37: 2 | BJ37: 4 | BK37: 2 | BL37: 4 | BM37: 4 | BN37: 4 | BO37: 3 | BP37: 4 | BQ37: 4 | BR37: 4 | BS37: 4 | BT37: 4 | BU37: 3 | BV37: 4 | BW37: 4 | BX37: 4 | BY37: 3 | BZ37: 4 | CA37: 3 | CB37: 3 | CC37: 4 | CD37: 4 | CE37: 4 | CF37: 3 | CG37: 4 | CH37: 4 | CI37: 3 | CJ37: 4 | CK37: 3 | CL37: 4 | CM37: 3 | CN37: 4 | CO37: 4 | CP37: 3 | CQ37: 4 | CR37: 3 | CS37: 4 | CT37: 4 | CU37: 4
A38: 6º ano B | B38: 3 | C38: 4 | D38: 4 | E38: 4 | F38: 3 | G38: 2 | H38: 2 | I38: 3 | J38: 1 | K38: 2 | L38: 4 | M38: 4 | N38: 3 | O38: 2 | P38: 4 | Q38: 4 | R38: 4 | S38: 4 | T38: 4 | U38: 4 | V38: 4 | W38: 3 | X38: 2 | Y38: 4 | Z38: 4 | AA38: 4 | AB38: 2 | AC38: 2 | AD38: 3 | AE38: 1 | AF38: 4 | AG38: 4 | AH38: 3 | AI38: 2 | AJ38: 3 | AK38: 4 | AL38: 4 | AM38: 3 | AN38: 4 | AO38: 4 | AP38: 4 | AQ38: 4 | AR38: 3 | AS38: 4 | AT38: 4 | AU38: 2 | AV38: 4 | AW38: 2 | AX38: 2 | AY38: 2 | AZ38: 1 | BA38: 1 | BB38: 4 | BC38: 3 | BD38: 4 | BE38: 2 | BF38: 4 | BG38: 2 | BH38: 4 | BI38: 4 | BJ38: 4 | BK38: 4 | BL38: 4 | BM38: 4 | BN38: 4 | BO38: 3 | BP38: 4 | BQ38: 4 | BR38: 3 | BS38: 4 | BT38: 4 | BU38: 4 | BV38: 4 | BW38: 4 | BX38: 4 | BY38: 4 | BZ38: 4 | CA38: 4 | CB38: 4 | CC38: 4 | CD38: 4 | CE38: 4 | CF38: 4 | CG38: 1 | CH38: 4 | CI38: 4 | CJ38: 4 | CK38: 4 | CL38: 4 | CM38: 4 | CN38: 4 | CO38: 4 | CP38: 4 | CQ38: 4 | CR38: 4 | CS38: 4 | CT38: 4 | CU38: 4
